intentId;contestId;candidateId;amount;status;createdAt;transactionId;userId
0BylJzSkGYWURLVx9BKO;votes-artistes;lrK8tSxZpQPYFTmIF7On;1000;pending;2025-12-16T14:57:52.106Z;;guest
0COSJ2WI5gDkKEfXOPzQ;votes-artistes;TXBLgEfug2LJqx5MXWe4;100;pending;2025-12-15T22:42:33.235Z;;guest
0MElkQ9hr2gbTFxhAKHH;votes-artistes;GEVWzgnMyTnavWjEa6pg;100;pending;2025-12-19T20:46:24.970Z;;guest
0QxzRVcdDUrpLxfcTTGk;votes-artistes;oucOMPgDKDQR8GKDvFHJ;20000;pending;2025-12-19T22:25:10.694Z;;guest
0VKdaOpUwnSeyxnXahOb;votes-artistes;RIAr7Uw1uo74gAhWWM9c;100;counted;2025-12-15T11:15:14.738Z;5795928518955360;guest
0XyeFHEmIKNAZZ23COA5;votes-artistes;TXBLgEfug2LJqx5MXWe4;100;counted;2025-12-15T22:08:47.546Z;4150557103741990;guest
0a9el4BxHJTMe5j2zRv6;votes-artistes;81cTWJpXQxqb1LcEQ9Nd;100;counted;2025-12-16T07:19:12.189Z;9905354360633980;guest
0eQpGvLU505tMyJ42Z7j;votes-artistes;TXBLgEfug2LJqx5MXWe4;100;pending;2025-12-15T15:41:57.332Z;;guest
0egg6YDjGeJWUoeOPV9E;votes-artistes;TXBLgEfug2LJqx5MXWe4;2000;pending;2025-12-15T15:07:19.582Z;;guest
0f137rTzE4GoQE2xcyc0;votes-artistes;oucOMPgDKDQR8GKDvFHJ;100;counted;2025-12-15T17:53:58.026Z;2541737146012630;guest
0gXey68aNdeTtr9O4qpC;votes-artistes;oucOMPgDKDQR8GKDvFHJ;300;pending;2025-12-15T21:03:17.039Z;;guest
0gymvtsN1BIxef7Uhcn6;votes-artistes;GEVWzgnMyTnavWjEa6pg;9000;counted;2025-12-19T22:44:27.683Z;2469959517190510;guest
0jAmGgpjGF3bKb7GasRk;votes-artistes;TXBLgEfug2LJqx5MXWe4;4000;pending;2025-12-15T19:06:16.832Z;;guest
0o8owWE0gZAeD9qQI2LN;votes-artistes;TXBLgEfug2LJqx5MXWe4;1000;counted;2025-12-15T21:15:43.755Z;4484170622727320;guest
0oJsJSCJSc77jF7bNZ1o;votes-artistes;oucOMPgDKDQR8GKDvFHJ;100;counted;2025-12-16T18:19:16.139Z;3322213842673390;guest
0rLTO35prawoHtzHgsdw;votes-artistes;oucOMPgDKDQR8GKDvFHJ;100;counted;2025-12-20T04:35:21.171Z;8133004178981570;guest
0rtIBbkGd2gHlT7LhiHG;votes-artistes;oucOMPgDKDQR8GKDvFHJ;100;pending;2025-12-18T18:55:15.304Z;;guest
0sCor9BI7VAiNdFRb2Uo;votes-artistes;ANLYRIZ6gRU8LgLSyaRq;1000;counted;2025-12-20T15:55:26.026Z;3679763162183990;guest
0vut1HmZSsHAZNdkuI2f;votes-artistes;TXBLgEfug2LJqx5MXWe4;100;counted;2025-12-22T15:12:18.540Z;8648543839352990;guest
0yaXAiPDy3lVyQZjZ7tq;votes-artistes;RIAr7Uw1uo74gAhWWM9c;500;counted;2025-12-19T13:26:46.823Z;3475335538536570;guest
10qgjNLX2edNjJDxwwSP;votes-artistes;6jJ1pd8NA2meRhVWW12M;100;counted;2025-12-15T08:31:58.993Z;793230871615607;guest
14GBG37w96yTpLNgTsCj;votes-artistes;GEVWzgnMyTnavWjEa6pg;100;pending;2025-12-15T10:02:13.717Z;;guest
14W4GGdy5sneKTgIFB6n;votes-artistes;GEVWzgnMyTnavWjEa6pg;100;pending;2025-12-15T09:43:19.975Z;;guest
16A1n20ZSydt3zrtJpQJ;votes-artistes;TXBLgEfug2LJqx5MXWe4;200;pending;2025-12-22T14:50:43.732Z;;guest
1AYUf2MgpQMg2tKObEXo;votes-artistes;GEVWzgnMyTnavWjEa6pg;100;counted;2025-12-19T15:26:51.042Z;9024991692179020;guest
1FWFLOI6t843ZCu14q0i;votes-artistes;oucOMPgDKDQR8GKDvFHJ;1000;counted;2025-12-19T14:26:40.528Z;6579101309624030;guest
1H07CaN4X1cGS8EB6DVI;votes-artistes;GEVWzgnMyTnavWjEa6pg;200;pending;2025-12-15T08:06:39.792Z;;guest
1JXalAkiLVsFvk1D1DRb;votes-artistes;oucOMPgDKDQR8GKDvFHJ;100;pending;2025-12-15T20:52:03.667Z;;guest
1JyW0P9Kih5Vv9An9mRi;votes-artistes;GEVWzgnMyTnavWjEa6pg;500;counted;2025-12-14T23:01:47.558Z;1751616455869270;guest
1P6VPqLhPQxZ4xNdNVxT;votes-artistes;zNIM4k3VP04xbhamFPva;100;counted;2025-12-15T09:14:40.000Z;6514590583276000;guest
1PFHKMqRlKrBdmyfhNWk;votes-artistes;oucOMPgDKDQR8GKDvFHJ;100;pending;2025-12-18T09:44:41.708Z;;guest
1ROaUBNlt5HctkT0vwzR;votes-artistes;GEVWzgnMyTnavWjEa6pg;500;pending;2025-12-15T22:14:37.724Z;;guest
1VeTstL6zB47xRzgNiDX;votes-artistes;RIAr7Uw1uo74gAhWWM9c;500;pending;2025-12-26T07:53:02.802Z;;guest
1ZxJ60D0YpbVFL0nftK4;votes-artistes;lrK8tSxZpQPYFTmIF7On;1000;pending;2025-12-20T03:49:27.479Z;;guest
1iq9UV6q6cBSAUuRaV2S;votes-artistes;lrK8tSxZpQPYFTmIF7On;100;counted;2025-12-19T22:25:35.195Z;6683165673392990;guest
1ja00CJTYggf0aEbQbOB;votes-artistes;GEVWzgnMyTnavWjEa6pg;1000;counted;2025-12-15T12:56:44.424Z;4958899628998510;guest
1k5SLEUtrahA1scq0jNS;votes-artistes;TXBLgEfug2LJqx5MXWe4;100;counted;2025-12-15T22:43:42.279Z;770798112574577;guest
1lpCzAHxXZkfRdwYks1G;votes-artistes;oucOMPgDKDQR8GKDvFHJ;100;pending;2025-12-15T14:41:56.044Z;;guest
1mkXMIzx512Zm2DVmH4G;votes-artistes;oucOMPgDKDQR8GKDvFHJ;100;counted;2025-12-18T18:53:22.379Z;4721565857383600;guest
1oGWcWemBIPvon0xtIZT;votes-artistes;GEVWzgnMyTnavWjEa6pg;100;pending;2025-12-15T18:47:43.480Z;;guest
1uGBSkmxJtmwsADD2Qef;votes-artistes;81cTWJpXQxqb1LcEQ9Nd;100;pending;2025-12-16T13:08:20.972Z;;guest
1uT3CZjFYhTwYOmoLtVi;votes-artistes;TXBLgEfug2LJqx5MXWe4;1000;pending;2025-12-19T22:07:31.764Z;;guest
1w1fa3Cv09KmU16ijP2F;votes-artistes;lrK8tSxZpQPYFTmIF7On;500;counted;2025-12-28T21:59:58.976Z;5769528788735420;guest
1wbk9goCnedoiJmiKj02;votes-artistes;oucOMPgDKDQR8GKDvFHJ;100;pending;2025-12-15T16:31:56.056Z;;guest
1xJCeaoX9jjJICTKY8tM;votes-artistes;RIAr7Uw1uo74gAhWWM9c;1500;counted;2025-12-16T11:49:18.020Z;882597241320725;guest
1xhNEuNaVzJHeCfeqltq;votes-artistes;GEVWzgnMyTnavWjEa6pg;300;pending;2025-12-15T11:44:28.071Z;;guest
29j7CzVPobEOYzjJMe1v;votes-artistes;TXBLgEfug2LJqx5MXWe4;200;pending;2025-12-15T21:05:40.113Z;;guest
2EIaox3YARyQZ9PpsNJi;votes-artistes;oucOMPgDKDQR8GKDvFHJ;10000;pending;2025-12-19T16:57:24.256Z;;guest
2HdSwYjgIhofTieeJNgh;votes-artistes;GEVWzgnMyTnavWjEa6pg;25000;pending;2025-12-19T22:59:06.036Z;;guest
2IBJki1LJ3bdupFCgfss;votes-artistes;GEVWzgnMyTnavWjEa6pg;2000;counted;2025-12-18T12:41:15.873Z;6811130410394030;guest
2PAzYOXkq1cynMNm3SOP;votes-artistes;TXBLgEfug2LJqx5MXWe4;4600;counted;2025-12-16T20:22:13.904Z;3764260165873630;guest
2PIDfy0zEO5x1FwqHAZk;votes-artistes;TXBLgEfug2LJqx5MXWe4;100;pending;2025-12-19T21:22:20.564Z;;guest
2PpVdhPq4BAuO8S5eQu9;votes-artistes;lrK8tSxZpQPYFTmIF7On;500;counted;2025-12-20T16:41:53.329Z;5155192332640490;guest
2TQxivYyzVYv2cx90jKu;votes-artistes;RIAr7Uw1uo74gAhWWM9c;200;pending;2025-12-16T07:44:23.781Z;;guest
2WwJDGrNi3BlUq4Bsi8S;votes-artistes;oucOMPgDKDQR8GKDvFHJ;100;pending;2025-12-18T10:16:44.917Z;;guest
2XlgciP36IquDvzom735;votes-artistes;oucOMPgDKDQR8GKDvFHJ;1000;counted;2025-12-18T10:19:46.753Z;8846929691060590;guest
2bkCFkpIDYLYMPVSwQXi;votes-artistes;RIAr7Uw1uo74gAhWWM9c;200;pending;2025-12-27T07:19:44.276Z;;guest
2cIui8b54j61Q19Nh5E7;votes-artistes;noLuODpebT7EXpZWBRkH;200;counted;2025-12-28T15:27:40.536Z;2687420483679090;guest
2hQF7BXhduGUbmxWGMtl;votes-artistes;GEVWzgnMyTnavWjEa6pg;1000;counted;2025-12-21T16:32:26.778Z;5741202774421670;guest
2jTViQ88dBxH185XKmzL;votes-artistes;THSoBfgsHaDLamNs758L;100;pending;2025-12-19T11:55:57.870Z;;guest
2tkAGcA5HjDwUUKOjJND;votes-artistes;GEVWzgnMyTnavWjEa6pg;200;counted;2025-12-15T12:12:18.745Z;7988649177524500;guest
2vbqFZR43mcERxrhTzCc;votes-artistes;8ELIXFDTdljYr37syNyv;400;pending;2025-12-15T16:21:28.433Z;;guest
2xU1khoCJkjZNTJhHR1a;votes-artistes;TXBLgEfug2LJqx5MXWe4;500;pending;2025-12-15T09:36:16.068Z;;guest
2xYyNCmm6sYfL2r3YX5g;votes-artistes;81cTWJpXQxqb1LcEQ9Nd;500;counted;2025-12-16T08:35:32.107Z;1459513281482150;guest
2yokDMEgUC7MQD5aGN5P;votes-artistes;TXBLgEfug2LJqx5MXWe4;500;pending;2025-12-15T15:50:01.220Z;;guest
32HVUuxvalec0VZSicqv;votes-artistes;GEVWzgnMyTnavWjEa6pg;100;pending;2025-12-17T16:10:20.061Z;;guest
39KBIM6KmFxcm2yFeBXo;votes-artistes;GEVWzgnMyTnavWjEa6pg;200;counted;2025-12-18T11:25:32.271Z;5412420576666170;guest
3BWdV5AQW8lu5E9P5BFr;votes-artistes;GEVWzgnMyTnavWjEa6pg;15400;pending;2025-12-19T22:59:26.921Z;;guest
3EgF6Lyuqfhyu0ucmiHQ;votes-artistes;RIAr7Uw1uo74gAhWWM9c;100;pending;2025-12-17T07:23:44.912Z;;guest
3LCCHeREsvF1IWejqc3w;votes-artistes;RIAr7Uw1uo74gAhWWM9c;5000;counted;2025-12-16T18:19:19.879Z;5577378698902490;guest
3NGFd1quICrKurrpxUVu;votes-artistes;RIAr7Uw1uo74gAhWWM9c;100;pending;2025-12-15T09:39:39.534Z;;guest
3OfRqrUtoNcqKRgNxPlh;votes-artistes;oucOMPgDKDQR8GKDvFHJ;500;counted;2025-12-15T18:26:05.349Z;8204325623548310;guest
3OylAyVVkpK7ErJAiUL9;votes-artistes;GEVWzgnMyTnavWjEa6pg;2000;counted;2025-12-17T18:42:43.451Z;2331706794213500;guest
3Trv0uc9NipcHHEuyR1b;votes-artistes;RIAr7Uw1uo74gAhWWM9c;100;counted;2025-12-18T16:22:02.720Z;7465160619767840;guest
3UQgqCNy2L4wMwETiaGZ;votes-artistes;oucOMPgDKDQR8GKDvFHJ;100;pending;2025-12-15T20:35:13.520Z;;guest
3ZNTAcEnukEZnAQMSjDU;votes-artistes;lrK8tSxZpQPYFTmIF7On;500;counted;2025-12-19T17:07:59.524Z;8059069355265630;guest
3fReCDubHLCE0rgMxqOI;votes-artistes;GEVWzgnMyTnavWjEa6pg;1000;counted;2025-12-17T08:32:17.203Z;8555199881835670;guest
3iWdY0ioyd79gb41lWF4;votes-artistes;lrK8tSxZpQPYFTmIF7On;100;counted;2025-12-24T14:51:33.474Z;9599774278144840;guest
3iySP6Ob0pHsbLp0RfNu;votes-artistes;oucOMPgDKDQR8GKDvFHJ;5000;counted;2025-12-15T14:28:21.818Z;312292793616537;guest
3jFqGqHZz4z7dKW2lLni;votes-artistes;R3DRrtGPGfw8jsQxG4r8;100;pending;2025-12-15T15:01:40.740Z;;guest
3kslx2Chr0ErTD1sC8d2;votes-artistes;GEVWzgnMyTnavWjEa6pg;2000;counted;2025-12-15T14:14:16.632Z;7326942163053460;guest
3l5VHwcm4GgeTMR1iBzd;votes-artistes;GEVWzgnMyTnavWjEa6pg;1000;counted;2025-12-18T09:18:30.051Z;120366157927650;guest
3lFnLbFdko9uu7FqTnO0;votes-artistes;TXBLgEfug2LJqx5MXWe4;400;counted;2025-12-16T15:09:27.471Z;1891408245126410;guest
3lQj7A0df2EzRij3AKBG;votes-artistes;TXBLgEfug2LJqx5MXWe4;100;counted;2025-12-19T21:22:43.859Z;5591385850201860;guest
3pLerCAe2Hvm1ntBLcDT;votes-artistes;GEVWzgnMyTnavWjEa6pg;100;pending;2025-12-15T06:41:30.170Z;;guest
3sbs3tiY8UOajOw2fyo1;votes-artistes;zNIM4k3VP04xbhamFPva;100;pending;2025-12-20T10:19:16.697Z;;guest
3teUlpwYqibJTjP7uwK7;votes-artistes;GEVWzgnMyTnavWjEa6pg;100;counted;2025-12-24T17:34:03.951Z;4045593098230760;guest
3veN0wbU7GohHfrJNLHT;votes-artistes;aUt5Vh29CsUcstBHEF8H;100;pending;2025-12-15T07:45:54.728Z;;guest
44tQjbBAG2YyqBOZfPKq;votes-artistes;oucOMPgDKDQR8GKDvFHJ;4900;counted;2025-12-15T19:28:34.916Z;2583869253190430;guest
46WlWzTcJFzgvJaudXjK;votes-artistes;TXBLgEfug2LJqx5MXWe4;400;counted;2025-12-15T15:11:59.417Z;9182054166107630;guest
4HbuOAPHBu9lKjHop8ci;votes-artistes;TXBLgEfug2LJqx5MXWe4;1000;pending;2025-12-28T20:22:33.845Z;;guest
4K8WxgjreW6uuBBgmg3x;votes-artistes;RIAr7Uw1uo74gAhWWM9c;1900;counted;2025-12-15T20:57:53.759Z;5637688966448050;guest
4MwztFMJnlI653R0axU3;votes-artistes;oucOMPgDKDQR8GKDvFHJ;100;counted;2025-12-18T11:03:01.373Z;9402831981042240;guest
4OiJvI0nvm8llxRwO1du;votes-artistes;RIAr7Uw1uo74gAhWWM9c;100;counted;2025-12-15T09:24:29.904Z;5483045039765720;guest
4PClpJg4Jj5D1abvmPYy;votes-artistes;TXBLgEfug2LJqx5MXWe4;500;pending;2025-12-16T22:37:14.437Z;;guest
4SJtj9jP7L8hH9VSJvlK;votes-artistes;GEVWzgnMyTnavWjEa6pg;1000;counted;2025-12-17T13:15:42.943Z;216765242684995;guest
4T4zZpC2EkXheQhkc9sY;votes-artistes;TXBLgEfug2LJqx5MXWe4;500;counted;2025-12-15T15:05:40.997Z;3657448056992330;guest
4a93aLseHMIuqtkNs9de;votes-artistes;RIAr7Uw1uo74gAhWWM9c;1000;pending;2025-12-15T09:46:34.256Z;;guest
4buz5iK3Q8SlTEeEwwJM;votes-artistes;TXBLgEfug2LJqx5MXWe4;500;pending;2025-12-16T15:08:45.747Z;;guest
4gQFCDrkX8S44WR2fVbD;votes-artistes;oucOMPgDKDQR8GKDvFHJ;100;pending;2025-12-15T10:48:21.705Z;;guest
4ktPldBJonvAtqpMmyU2;votes-artistes;RIAr7Uw1uo74gAhWWM9c;200;pending;2025-12-15T10:12:37.390Z;;guest
4n28iNqrG4zoWhxyBoCn;votes-artistes;oucOMPgDKDQR8GKDvFHJ;100;pending;2025-12-15T07:09:41.029Z;;guest
4t0aFyX5F7wFS87n095m;votes-artistes;GEVWzgnMyTnavWjEa6pg;1500;pending;2025-12-16T22:10:24.441Z;;guest
4vWVfC68NAaDAH41tPYD;votes-artistes;TXBLgEfug2LJqx5MXWe4;100;pending;2025-12-16T20:18:52.384Z;;guest
4vZj5f3oPRZFAlpNd55g;votes-artistes;GEVWzgnMyTnavWjEa6pg;300;counted;2025-12-15T11:49:09.324Z;863366498568129;guest
4z3ngwRoyZsvAB1UkjV0;votes-artistes;GEVWzgnMyTnavWjEa6pg;100;pending;2025-12-15T08:30:51.041Z;;guest
555j3d4d4nh6KTCk3aXl;votes-artistes;oucOMPgDKDQR8GKDvFHJ;100;pending;2025-12-15T09:21:24.969Z;;guest
55ewCWgHE7Vu893fhOgd;votes-artistes;zNIM4k3VP04xbhamFPva;100;pending;2025-12-15T12:32:02.961Z;;guest
567PXiNNpZBHBUUn5yz5;votes-artistes;GEVWzgnMyTnavWjEa6pg;1000;counted;2025-12-16T07:53:35.877Z;6215935040443170;guest
58MpgdCZTyAf6tOYnE8u;votes-artistes;6jJ1pd8NA2meRhVWW12M;900;counted;2025-12-15T07:31:46.462Z;7342700903086770;guest
5EykmdrriRuJjuJ6PjJD;votes-artistes;GEVWzgnMyTnavWjEa6pg;500;counted;2025-12-15T11:10:58.543Z;8615634076595160;guest
5M1VZRFCets7j4E9Blvk;votes-artistes;RIAr7Uw1uo74gAhWWM9c;100;pending;2025-12-18T10:09:29.192Z;;guest
5N4wncs4QUvxQJZyotIL;votes-artistes;GEVWzgnMyTnavWjEa6pg;100;pending;2025-12-17T19:04:29.696Z;;guest
5NLyWf200LQXxpWzFaN7;votes-artistes;oucOMPgDKDQR8GKDvFHJ;100;pending;2025-12-20T20:55:32.492Z;;guest
5S2sUnNZP5d7F0xKj0Cz;votes-artistes;GEVWzgnMyTnavWjEa6pg;5000;counted;2025-12-19T22:47:51.685Z;1217673121402530;guest
5S5XiuOelW2QpxhQTcK0;votes-artistes;TXBLgEfug2LJqx5MXWe4;1000;counted;2025-12-15T09:04:43.782Z;9849633704887980;guest
5TUa38S0cTAND0w7l4jI;votes-artistes;oucOMPgDKDQR8GKDvFHJ;100;counted;2025-12-17T19:09:26.975Z;7257624128820280;guest
5TXqtJda7OpMbOcfa8sR;votes-artistes;oucOMPgDKDQR8GKDvFHJ;300;counted;2025-12-15T13:47:27.181Z;4501073157194640;guest
5TrF72N8urxF1HLm6S3O;votes-artistes;GEVWzgnMyTnavWjEa6pg;1000;counted;2025-12-15T14:50:16.488Z;8711304822057480;guest
5U4VILhW4L5kGMCIFwQi;votes-artistes;lrK8tSxZpQPYFTmIF7On;100;counted;2025-12-16T11:34:01.672Z;8283510353224890;guest
5UaS87CbOk614nTNeZbF;votes-artistes;GEVWzgnMyTnavWjEa6pg;500;counted;2025-12-15T12:52:51.639Z;3090897715488920;guest
5Z4cXgA87yUjeCpeevbn;votes-artistes;TXBLgEfug2LJqx5MXWe4;100;counted;2025-12-15T08:50:22.138Z;2954835755527260;guest
5c12U12MBRZMnT6W42uL;votes-artistes;aUt5Vh29CsUcstBHEF8H;100;counted;2025-12-15T12:17:43.031Z;1460979152105870;guest
5hbdicMAYUQZae2NMDta;votes-artistes;81cTWJpXQxqb1LcEQ9Nd;200;counted;2025-12-16T07:23:15.969Z;585507149911647;guest
5jLKJVCfXvQ8NNRsHm1f;votes-artistes;oucOMPgDKDQR8GKDvFHJ;500;counted;2025-12-16T18:59:44.498Z;2443074613187470;guest
5m5rgsJzvif6LY6eBNqa;votes-artistes;RIAr7Uw1uo74gAhWWM9c;1000;pending;2025-12-15T22:07:11.491Z;;guest
5mjfMydUfdtujCOWD7IH;votes-artistes;GEVWzgnMyTnavWjEa6pg;100;pending;2025-12-17T19:30:22.100Z;;guest
5pQErxMFJ5UZlYkGjS8H;votes-artistes;oucOMPgDKDQR8GKDvFHJ;100;pending;2025-12-15T21:09:18.629Z;;guest
5qdKIjn6A9B0HjtC66d2;votes-artistes;oucOMPgDKDQR8GKDvFHJ;200;counted;2025-12-16T15:19:54.217Z;8073455731843160;guest
5vqjPIU0OKOhryKWIkX6;votes-artistes;TXBLgEfug2LJqx5MXWe4;100;pending;2025-12-19T10:03:56.006Z;;guest
5xF0Ctn32JoFV1tKl8mT;votes-artistes;RIAr7Uw1uo74gAhWWM9c;200;pending;2025-12-16T13:37:23.202Z;;guest
60nvyoeNcf96RWNLXll7;votes-artistes;oucOMPgDKDQR8GKDvFHJ;500;counted;2025-12-20T16:02:05.141Z;2206986716401170;guest
64eUgYAeEkGlj9pqq4vY;votes-artistes;RIAr7Uw1uo74gAhWWM9c;100;pending;2025-12-16T09:15:05.045Z;;guest
64go0qlAWaGQhtLlrX9s;votes-artistes;TXBLgEfug2LJqx5MXWe4;900;pending;2025-12-17T07:16:11.029Z;;guest
68cRFTJk5kXk1PWUd4xn;votes-artistes;GEVWzgnMyTnavWjEa6pg;10000;pending;2025-12-15T16:33:34.014Z;;guest
6BMAlYcTA0bJG5bzZTfg;votes-artistes;TXBLgEfug2LJqx5MXWe4;100;pending;2025-12-15T09:08:52.949Z;;guest
6JE0iI3YDdFjA8BGQUPl;votes-artistes;RIAr7Uw1uo74gAhWWM9c;900;counted;2025-12-16T16:35:45.254Z;3548595532060550;guest
6MrzahufBZ2ooNIL9Cib;votes-artistes;oucOMPgDKDQR8GKDvFHJ;100;pending;2025-12-17T15:15:46.791Z;;guest
6P4IzvLtmyoQDDNbMBoX;votes-artistes;lrK8tSxZpQPYFTmIF7On;10000;counted;2025-12-17T00:30:38.125Z;4727331447487800;guest
6PCVkqn8CkqQMfmHcVnY;votes-artistes;oucOMPgDKDQR8GKDvFHJ;100;counted;2025-12-16T11:19:54.166Z;633143095254426;guest
6QgxvhM1BhZMqZapWmxO;votes-artistes;GEVWzgnMyTnavWjEa6pg;5000;counted;2025-12-17T00:05:48.296Z;8443324671573150;guest
6RQC5y7gYWbxoTCrHZfb;votes-artistes;GEVWzgnMyTnavWjEa6pg;100;counted;2025-12-28T22:49:43.577Z;7921641412098690;guest
6T7DmrK2FQtj7PypDT9e;votes-artistes;TXBLgEfug2LJqx5MXWe4;100;pending;2025-12-15T21:19:19.699Z;;guest
6bKNxdFbQ0V2Ib652aUl;votes-artistes;lrK8tSxZpQPYFTmIF7On;500;pending;2025-12-27T05:34:55.245Z;;guest
6dJkQxbWIKMlNDFenv1M;votes-artistes;GEVWzgnMyTnavWjEa6pg;2100;pending;2025-12-19T04:14:34.527Z;;guest
6eDlSj9ws6erS8Wd1kwF;votes-artistes;THSoBfgsHaDLamNs758L;100;counted;2025-12-19T12:09:56.654Z;2848895833125190;guest
6eqVJPj5wKxY77AD3jrR;votes-artistes;81cTWJpXQxqb1LcEQ9Nd;500;counted;2025-12-16T06:25:34.790Z;6272080680541520;guest
6jzbtBTBGhM0IR4rnphJ;votes-artistes;oucOMPgDKDQR8GKDvFHJ;100;counted;2025-12-21T15:41:23.324Z;538603106045387;guest
6mtybx0EDtc7eKXHP5XS;votes-artistes;TXBLgEfug2LJqx5MXWe4;500;counted;2025-12-19T18:16:02.108Z;6545549931239770;guest
6n9skVbJcOhDgIo1LYcp;votes-artistes;oucOMPgDKDQR8GKDvFHJ;100;pending;2025-12-15T14:18:17.017Z;;guest
6qG0VJrBFXcQRr8PZH5Q;votes-artistes;TXBLgEfug2LJqx5MXWe4;1000;pending;2025-12-28T20:19:10.157Z;;guest
6unsbSEFqlr1agpOukbm;votes-artistes;GEVWzgnMyTnavWjEa6pg;100;counted;2025-12-19T10:09:31.670Z;6197001833860710;guest
6wtoYaxe1jGZf1lr05I0;votes-artistes;TXBLgEfug2LJqx5MXWe4;14500;pending;2025-12-19T22:55:43.366Z;;guest
6zBcaj9txYKzgcInGo6O;votes-artistes;TXBLgEfug2LJqx5MXWe4;10000;pending;2025-12-18T23:07:40.500Z;;guest
6zRuiQXEjbzor4840Xr9;votes-artistes;oucOMPgDKDQR8GKDvFHJ;30000;pending;2025-12-19T22:00:12.982Z;;guest
74sdmtyZuDxXTbQpcTsd;votes-artistes;lrK8tSxZpQPYFTmIF7On;100;pending;2025-12-19T22:09:39.876Z;;guest
7CrDcnV4U2TRiTLosbTu;votes-artistes;TXBLgEfug2LJqx5MXWe4;100;pending;2025-12-15T16:26:15.994Z;;guest
7G24ZVOsSdHHbXy5wTCt;votes-artistes;TXBLgEfug2LJqx5MXWe4;400;counted;2025-12-15T18:38:01.360Z;2658361079454510;guest
7Mf1aZVoEV29HuApa8PY;votes-artistes;RIAr7Uw1uo74gAhWWM9c;200;pending;2025-12-16T13:34:39.116Z;;guest
7PRV2yCSsUWsBot311J2;votes-artistes;TXBLgEfug2LJqx5MXWe4;1000;pending;2025-12-17T13:41:58.468Z;;guest
7PcbM4EOkUKlkS0cBvmD;votes-artistes;lrK8tSxZpQPYFTmIF7On;100;pending;2025-12-16T15:14:29.482Z;;guest
7Ps4hqm32Bshx35t5uyB;votes-artistes;GEVWzgnMyTnavWjEa6pg;100;pending;2025-12-17T08:17:33.120Z;;guest
7VZi3oOHZVJaUL2kplGo;votes-artistes;GEVWzgnMyTnavWjEa6pg;100;pending;2025-12-27T07:36:42.924Z;;guest
7WaJzcT3uX92mV7Ck0uK;votes-artistes;oucOMPgDKDQR8GKDvFHJ;700;counted;2025-12-16T10:18:22.997Z;1187430996633120;guest
7XehUxnzung0DmMofT5a;votes-artistes;GEVWzgnMyTnavWjEa6pg;100;counted;2025-12-15T11:43:58.662Z;85118830938076;guest
7aoEIQ36JEkIsxAfvaih;votes-artistes;GEVWzgnMyTnavWjEa6pg;5000;counted;2025-12-27T11:18:33.542Z;2529650984826520;guest
7cGFAz4NfV8i1sOGg9AO;votes-artistes;noLuODpebT7EXpZWBRkH;100;pending;2025-12-15T08:43:21.473Z;;guest
7jMmNNraVW7UqmHIjSoc;votes-artistes;lrK8tSxZpQPYFTmIF7On;1000;counted;2025-12-25T18:47:52.040Z;9258979469683650;guest
7nkuLRDqnafzmB0GWbdN;votes-artistes;oucOMPgDKDQR8GKDvFHJ;500;counted;2025-12-17T15:21:55.892Z;2108089888375080;guest
7nodyyHV7G3loNENDQq4;votes-artistes;TXBLgEfug2LJqx5MXWe4;100;pending;2025-12-16T06:00:10.251Z;;guest
7qVoHeSpdG4IeoSyUuVo;votes-artistes;TXBLgEfug2LJqx5MXWe4;22500;pending;2025-12-16T22:35:18.482Z;;guest
7qebbiq5udOT1WmqJHER;votes-artistes;TXBLgEfug2LJqx5MXWe4;100;pending;2025-12-20T21:18:34.316Z;;guest
7t8e7FeDwr1c4p4ZsRak;votes-artistes;oucOMPgDKDQR8GKDvFHJ;300;counted;2025-12-18T15:55:52.332Z;706691611958073;guest
80icBYSJWaBkGrRhFW0O;votes-artistes;TXBLgEfug2LJqx5MXWe4;20000;counted;2025-12-28T22:45:45.430Z;8817795474463110;guest
82TB4CMYZ0AXHcFOSqxT;votes-artistes;oucOMPgDKDQR8GKDvFHJ;100;pending;2025-12-20T11:58:36.001Z;;guest
86slvYBTfTYKksqiydq9;votes-artistes;R3DRrtGPGfw8jsQxG4r8;100;pending;2025-12-15T19:55:03.971Z;;guest
87pp9HaGClG9je9KqT4X;votes-artistes;GEVWzgnMyTnavWjEa6pg;100;pending;2025-12-15T18:24:52.204Z;;guest
88xYoGM0EPIJ44oCN9Fk;votes-artistes;TXBLgEfug2LJqx5MXWe4;10300;counted;2025-12-19T21:52:35.295Z;5916256198067670;guest
89lPlOqOSdGTvYCUHrSA;votes-artistes;TXBLgEfug2LJqx5MXWe4;500;counted;2025-12-15T16:31:03.309Z;9748613070109160;guest
89zw1bhESKfVOIS5zOZY;votes-artistes;oucOMPgDKDQR8GKDvFHJ;500;counted;2025-12-19T19:17:45.293Z;7853917200382730;guest
8BvJ6qJ1A0LCQbrPFrZP;votes-artistes;GEVWzgnMyTnavWjEa6pg;100;pending;2025-12-17T14:37:50.188Z;;guest
8FLVTaj0MsZLabIyqTpE;votes-artistes;GEVWzgnMyTnavWjEa6pg;2000;counted;2025-12-17T18:47:39.362Z;2891208550506300;guest
8I2d5nXIZlvPN3FLk8xH;votes-artistes;RIAr7Uw1uo74gAhWWM9c;3800;pending;2025-12-15T17:39:34.095Z;;guest
8KlhlYpssxkURMEbxq2B;votes-artistes;TXBLgEfug2LJqx5MXWe4;100;pending;2025-12-15T19:36:23.969Z;;guest
8MsLtKG2flZ4ohzZDtdh;votes-artistes;oucOMPgDKDQR8GKDvFHJ;400;counted;2025-12-16T12:26:23.796Z;5871481381646770;guest
8RGehhvfOZsJ95tbjPaO;votes-artistes;TXBLgEfug2LJqx5MXWe4;7000;counted;2025-12-19T22:00:21.118Z;9000437098713410;guest
8RbTNGwuZyr69LCT0WSr;votes-artistes;GEVWzgnMyTnavWjEa6pg;100;counted;2025-12-27T11:16:25.603Z;2376623197731500;guest
8UhFZfpnEHt7iadUecdi;votes-artistes;RIAr7Uw1uo74gAhWWM9c;1000;counted;2025-12-19T07:43:59.904Z;7611889607411970;guest
8ViiGBv3Uxptr0PzqBoF;votes-artistes;TXBLgEfug2LJqx5MXWe4;1000;counted;2025-12-15T10:38:53.158Z;2380255760039020;guest
8bhw9v79aUM1qmFVKBom;votes-artistes;oucOMPgDKDQR8GKDvFHJ;20000;pending;2025-12-19T22:01:40.563Z;;guest
8bzVAb9dtLmxPJTaPxK8;votes-artistes;TXBLgEfug2LJqx5MXWe4;100;pending;2025-12-15T08:58:57.867Z;;guest
8ehKJQu1Xue6gUgmJt1i;votes-artistes;oucOMPgDKDQR8GKDvFHJ;1000;counted;2025-12-28T19:17:49.957Z;121862467907634;guest
8fS4AFpCdtKTSOuIptwz;votes-artistes;R3DRrtGPGfw8jsQxG4r8;2000;pending;2025-12-15T15:36:10.796Z;;guest
8iP3RqSuVWGn0HXTVd4S;votes-artistes;oucOMPgDKDQR8GKDvFHJ;100;pending;2025-12-16T16:02:53.554Z;;guest
8jQEf9Y5jdVKfhKq0NB4;votes-artistes;RIAr7Uw1uo74gAhWWM9c;100;pending;2025-12-15T18:05:57.487Z;;guest
8kLh2tjKeLM3ixs0RpxI;votes-artistes;lrK8tSxZpQPYFTmIF7On;100;pending;2025-12-16T14:24:00.558Z;;guest
8phK8eibBSlWv4EWAJzp;votes-artistes;6AkulXNEKwaJVwByJl7t;300;pending;2025-12-16T12:54:38.105Z;;guest
8qAanemi9YnpxIqiNMqT;votes-artistes;GEVWzgnMyTnavWjEa6pg;1000;pending;2025-12-17T18:52:33.980Z;;guest
8rDe0ztz4jJ6acXiVqsg;votes-artistes;oucOMPgDKDQR8GKDvFHJ;100;pending;2025-12-20T04:50:17.333Z;;guest
8roxwYPFa330JG9bbL2b;votes-artistes;oucOMPgDKDQR8GKDvFHJ;1900;pending;2025-12-19T07:14:31.471Z;;guest
8uU0lUfItmik9A32KBIO;votes-artistes;QYa6O7F6VvbOPzwmlD0Q;100;pending;2025-12-19T06:03:10.015Z;;guest
8wpnU70C9Ht5zvnl9Ec3;votes-artistes;oucOMPgDKDQR8GKDvFHJ;100;pending;2025-12-16T20:58:17.983Z;;guest
8wwRn1IXwHFuWYUqBxJS;votes-artistes;oucOMPgDKDQR8GKDvFHJ;100;pending;2025-12-16T09:37:09.399Z;;guest
8y0RgdaaYl6fc9tbSKvH;votes-artistes;GEVWzgnMyTnavWjEa6pg;100;pending;2025-12-19T06:39:30.812Z;;guest
93q8y7XQILtG94tzDQxi;votes-artistes;oucOMPgDKDQR8GKDvFHJ;100;pending;2025-12-16T17:07:58.880Z;;guest
985YUiUXhXssp4uO5VJE;votes-artistes;oucOMPgDKDQR8GKDvFHJ;100;counted;2025-12-16T06:33:01.293Z;9328880518980490;guest
9ARWIhd1Vl1fuCUihkqf;votes-artistes;TXBLgEfug2LJqx5MXWe4;200;pending;2025-12-22T15:00:50.026Z;;guest
9Dgpz1LSkuoh2aZzag4i;votes-artistes;RIAr7Uw1uo74gAhWWM9c;2000;counted;2025-12-18T16:11:16.819Z;9606631640105500;guest
9E30k6BS12wnzjQvFeuM;votes-artistes;GEVWzgnMyTnavWjEa6pg;100;pending;2025-12-15T15:36:54.620Z;;guest
9E735wEByj5tKEzTyMKL;votes-artistes;GEVWzgnMyTnavWjEa6pg;100;counted;2025-12-27T08:04:59.947Z;7090438715808220;guest
9IxrVRpW5NdBQZajgbty;votes-artistes;TXBLgEfug2LJqx5MXWe4;300;counted;2025-12-17T20:10:54.153Z;3039063698088880;guest
9JMNOuQfYb7jnoAwEvpT;votes-artistes;oucOMPgDKDQR8GKDvFHJ;500;counted;2025-12-15T18:40:54.779Z;6636828863337230;guest
9LhMc4FhAL4mZPccE3sw;votes-artistes;GEVWzgnMyTnavWjEa6pg;100;counted;2025-12-19T13:05:00.243Z;2468363315403640;guest
9LqPbz8rvTquZ9ZIPfDY;votes-artistes;GEVWzgnMyTnavWjEa6pg;500;pending;2025-12-21T16:20:16.725Z;;guest
9MGbbmq6aEDUr2JNghAV;votes-artistes;6jJ1pd8NA2meRhVWW12M;3000;counted;2025-12-15T10:24:37.104Z;8014423312512610;guest
9QyNDJR7s2LQ4dvdr8Z0;votes-artistes;ANLYRIZ6gRU8LgLSyaRq;5100;pending;2025-12-15T09:32:21.539Z;;guest
9RP8GwCLP6UxmCQ2fQu4;votes-artistes;lrK8tSxZpQPYFTmIF7On;100;pending;2025-12-22T15:05:55.525Z;;guest
9ZqQs0EmFwzu9LLh3Yib;votes-artistes;oucOMPgDKDQR8GKDvFHJ;100;pending;2025-12-15T09:35:28.000Z;;guest
9acPJvEsbGqOkyOJ9jf1;votes-artistes;GEVWzgnMyTnavWjEa6pg;1000;counted;2025-12-18T21:38:01.891Z;3085780397291840;guest
9ckkFifSZTk9oY0gMTUi;votes-artistes;TXBLgEfug2LJqx5MXWe4;100;counted;2025-12-15T17:01:42.066Z;9125772971381360;guest
9dlYoBcbs1LylB50LSBk;votes-artistes;lrK8tSxZpQPYFTmIF7On;2000;counted;2025-12-16T12:53:30.790Z;5602588318153290;guest
9eNGDhevrcHKMNkK7hUF;votes-artistes;TXBLgEfug2LJqx5MXWe4;200;pending;2025-12-22T14:57:55.550Z;;guest
9hPnyPO4BPAWcknJqVW6;votes-artistes;oucOMPgDKDQR8GKDvFHJ;100;counted;2025-12-15T18:26:19.219Z;80252557101191;guest
9jddeDKZbmGKgbhfUPeb;votes-artistes;GEVWzgnMyTnavWjEa6pg;500;pending;2025-12-17T10:04:25.950Z;;guest
9kweaO2sCSUKv5UTyoll;votes-artistes;RIAr7Uw1uo74gAhWWM9c;200;pending;2025-12-16T13:32:58.411Z;;guest
9m5hTPUkjxF39RkJFUHg;votes-artistes;oucOMPgDKDQR8GKDvFHJ;100;pending;2025-12-15T08:15:19.876Z;;guest
9mH2WNSmsR21DWUTvYIX;votes-artistes;8ELIXFDTdljYr37syNyv;100;pending;2025-12-15T13:11:00.745Z;;guest
9qnAezuzl7u4N4MVeztT;votes-artistes;noLuODpebT7EXpZWBRkH;2500;pending;2025-12-15T15:07:01.072Z;;guest
9qsTlhKNpzrYT2Wfo7mh;votes-artistes;zNIM4k3VP04xbhamFPva;100;pending;2025-12-15T06:19:34.334Z;;guest
9rzd7bRwrYcUhi9DP8TM;votes-artistes;GEVWzgnMyTnavWjEa6pg;2000;pending;2025-12-19T18:49:46.968Z;;guest
9xX7DIyfqU1zZSo0uOnh;votes-artistes;RIAr7Uw1uo74gAhWWM9c;2000;counted;2025-12-20T20:41:27.815Z;286052236832287;guest
A0ChB17xRRUOUMBpM5BV;votes-artistes;oucOMPgDKDQR8GKDvFHJ;100;pending;2025-12-15T22:54:00.973Z;;guest
A2DYeZsLv2dcS4r9RelQ;votes-artistes;GEVWzgnMyTnavWjEa6pg;500;counted;2025-12-17T08:48:13.868Z;6748621678865930;guest
A3fe3fHhiFT8GfPfsd62;votes-artistes;RIAr7Uw1uo74gAhWWM9c;200;counted;2025-12-16T07:47:11.891Z;2048165298094610;guest
A3pwxYmm217ZL9pXGp9x;votes-artistes;RIAr7Uw1uo74gAhWWM9c;900;counted;2025-12-15T18:42:34.819Z;1530799147563600;guest
A3zMMFvbBT1kZyd29znr;votes-artistes;RIAr7Uw1uo74gAhWWM9c;100;pending;2025-12-20T19:10:09.382Z;;guest
AC22tgf3Ch1PTBTemTo7;votes-artistes;aUt5Vh29CsUcstBHEF8H;100;counted;2025-12-17T10:20:42.499Z;4947419939464550;guest
AENwAKCJAj2PW3JUu8fd;votes-artistes;noLuODpebT7EXpZWBRkH;1000;pending;2025-12-15T20:46:10.275Z;;guest
AOluk5dcYx2DMtxFINKU;votes-artistes;oucOMPgDKDQR8GKDvFHJ;300;pending;2025-12-16T17:56:37.006Z;;guest
ARXLIc536JurTOn5dEe3;votes-artistes;lrK8tSxZpQPYFTmIF7On;100;counted;2025-12-27T00:31:30.763Z;2612179339857570;guest
AV4RJzQS9Z4VWZ4RI8Gt;votes-artistes;oucOMPgDKDQR8GKDvFHJ;100;counted;2025-12-17T20:08:59.307Z;6950354290395120;guest
AVwgsklVlJaDIv66IvRQ;votes-artistes;TXBLgEfug2LJqx5MXWe4;500;pending;2025-12-19T18:12:26.565Z;;guest
AfG6DQxoOSAMrXPHrFMX;votes-artistes;GEVWzgnMyTnavWjEa6pg;200;counted;2025-12-18T07:00:50.824Z;7359052315888120;guest
AiZqdhdQ13MdhxxdmzZn;votes-artistes;81cTWJpXQxqb1LcEQ9Nd;100;pending;2025-12-15T12:58:56.651Z;;guest
Akvh5ZfzoJIIAD0S5isl;votes-artistes;GEVWzgnMyTnavWjEa6pg;200;pending;2025-12-17T17:04:32.379Z;;guest
AoPBQnYhjs3I6HgaNMVa;votes-artistes;GEVWzgnMyTnavWjEa6pg;1000;counted;2025-12-15T19:41:33.112Z;6111014970794440;guest
Ap5ll3GQVcxHIktklMe8;votes-artistes;lrK8tSxZpQPYFTmIF7On;100;pending;2025-12-19T22:05:08.101Z;;guest
AsGJC1A0HifV2SBAL6og;votes-artistes;lrK8tSxZpQPYFTmIF7On;200;counted;2025-12-19T00:15:15.857Z;6710614162214320;guest
AuUqF4tEBmgpVjLoIe7T;votes-artistes;oucOMPgDKDQR8GKDvFHJ;100;pending;2025-12-17T18:36:06.739Z;;guest
Audyzsx9PdHi00e0He0w;votes-artistes;RIAr7Uw1uo74gAhWWM9c;100;pending;2025-12-18T21:15:07.826Z;;guest
AvnoknVpbukP3Ro17GQW;votes-artistes;GEVWzgnMyTnavWjEa6pg;100;pending;2025-12-18T07:17:21.927Z;;guest
Aw1P8g1Ef19lcbZVvLbc;votes-artistes;GEVWzgnMyTnavWjEa6pg;100;counted;2025-12-24T15:02:43.867Z;1875184349786330;guest
B1uc7eesqhGMVR1QHoeX;votes-artistes;ANLYRIZ6gRU8LgLSyaRq;200;counted;2025-12-15T08:07:38.240Z;5995237400096340;guest
B5wOje56QN099WRnvvqd;votes-artistes;TXBLgEfug2LJqx5MXWe4;10000;pending;2025-12-19T21:40:35.580Z;;guest
B6GZhFFk0UUyYQn6GeWe;votes-artistes;R3DRrtGPGfw8jsQxG4r8;100;pending;2025-12-15T08:33:25.954Z;;guest
BD5sOeo3EpTH9w62G4vi;votes-artistes;81cTWJpXQxqb1LcEQ9Nd;100;counted;2025-12-16T12:25:01.458Z;9980011517054900;guest
BIhzpyNB4vQAmPR6PC7l;votes-artistes;oucOMPgDKDQR8GKDvFHJ;100;pending;2025-12-15T21:38:09.606Z;;guest
BKN5e6EuSZHIsfYMVTRk;votes-artistes;GEVWzgnMyTnavWjEa6pg;400;pending;2025-12-26T11:31:50.511Z;;guest
BM0J0LIKIrEQ8J25yi24;votes-artistes;oucOMPgDKDQR8GKDvFHJ;100;counted;2025-12-15T20:41:53.071Z;4887600989960670;guest
BM7vlEXJCQl8V9NKZzsM;votes-artistes;oucOMPgDKDQR8GKDvFHJ;3000;counted;2025-12-28T13:01:43.593Z;2686613749683510;guest
BNDFmtSaRr3qlnQG5Gw9;votes-artistes;lrK8tSxZpQPYFTmIF7On;15000;pending;2025-12-16T11:09:25.927Z;;guest
BUCM1SdJOqGe5KNyvJ06;votes-artistes;GEVWzgnMyTnavWjEa6pg;1000;counted;2025-12-15T18:13:46.609Z;5802522200913850;guest
BUE9ClUEcZ39grGapNRf;votes-artistes;GEVWzgnMyTnavWjEa6pg;500;counted;2025-12-15T09:39:19.549Z;4975265249867010;guest
BUeXSZqW1lVl9dNeNNzd;votes-artistes;ANLYRIZ6gRU8LgLSyaRq;100;pending;2025-12-25T15:19:22.780Z;;guest
BWvc3RyytT4WQQ0I86tY;votes-artistes;TXBLgEfug2LJqx5MXWe4;100;pending;2025-12-16T21:14:41.120Z;;guest
BiL8b7Cr5CEkS8Ao0A6T;votes-artistes;TXBLgEfug2LJqx5MXWe4;300;counted;2025-12-15T21:19:12.638Z;9888356240326280;guest
BkW97yHgqypSWyA0TqSw;votes-artistes;oucOMPgDKDQR8GKDvFHJ;200;counted;2025-12-15T12:17:52.670Z;1341324916122540;guest
BlAsjopePo1U2F65F2OO;votes-artistes;oucOMPgDKDQR8GKDvFHJ;500;pending;2025-12-18T18:04:23.676Z;;guest
BxStuieb875xZZHU4vNc;votes-artistes;GEVWzgnMyTnavWjEa6pg;2000;pending;2025-12-19T18:33:29.497Z;;guest
Bz78flr5eGZCJTclQfAu;votes-artistes;RIAr7Uw1uo74gAhWWM9c;100;pending;2025-12-18T21:15:47.659Z;;guest
C0fkKBlGxcBhSwJBhRr4;votes-artistes;TXBLgEfug2LJqx5MXWe4;600;pending;2025-12-16T05:43:22.876Z;;guest
C0nNvWBjqOlvBoDaYwKa;votes-artistes;oucOMPgDKDQR8GKDvFHJ;200;counted;2025-12-19T05:48:12.604Z;5477354957184350;guest
C5NrEJojRtVtIGsd6STO;votes-artistes;oucOMPgDKDQR8GKDvFHJ;100;pending;2025-12-15T21:07:35.379Z;;guest
C82wJN8MvbLcVbW1Z4O0;votes-artistes;TXBLgEfug2LJqx5MXWe4;100;pending;2025-12-17T13:11:43.012Z;;guest
CEpPesPwoKybobvN5In8;votes-artistes;oucOMPgDKDQR8GKDvFHJ;2000;pending;2025-12-17T11:15:32.145Z;;guest
CF65zc4fkSOhKFc2TRGo;votes-artistes;zNIM4k3VP04xbhamFPva;400;counted;2025-12-15T09:27:03.995Z;5714742542931400;guest
CFdiaA2PiNKKVfpdcJvI;votes-artistes;TXBLgEfug2LJqx5MXWe4;100;pending;2025-12-15T21:14:10.721Z;;guest
CMdP8q7UgoioxCUGnbLu;votes-artistes;GEVWzgnMyTnavWjEa6pg;1000;pending;2025-12-15T12:46:09.651Z;;guest
CMfyZlStn7FujsrA6NNi;votes-artistes;81cTWJpXQxqb1LcEQ9Nd;100;pending;2025-12-16T08:43:00.747Z;;guest
CPalIlZN4DgadUfCIvsk;votes-artistes;oucOMPgDKDQR8GKDvFHJ;100;pending;2025-12-19T06:19:01.616Z;;guest
CQSEkU3vTfsPh4vnxeJ3;votes-artistes;RIAr7Uw1uo74gAhWWM9c;100;pending;2025-12-15T20:52:39.397Z;;guest
CQt2nY0DhvCDrMrPSxJN;votes-artistes;ANLYRIZ6gRU8LgLSyaRq;1000;counted;2025-12-15T11:43:06.118Z;4045896496505140;guest
CWm0zjd4zYqZC5twiqqG;votes-artistes;TXBLgEfug2LJqx5MXWe4;100;pending;2025-12-15T09:10:14.882Z;;guest
CYMSzDHIdGcjjc3c0m0p;votes-artistes;GEVWzgnMyTnavWjEa6pg;100;counted;2025-12-22T10:28:35.495Z;9247920847977810;guest
CZGqRwpx8e8x9oe1bWbt;votes-artistes;oucOMPgDKDQR8GKDvFHJ;100;counted;2025-12-18T15:41:23.139Z;4306305872672950;guest
CZPTAM5ZdD06Jo7XUee2;votes-artistes;oucOMPgDKDQR8GKDvFHJ;100;pending;2025-12-18T09:54:19.707Z;;guest
CeNMxQsMJVdI9U7ts5pN;votes-artistes;TXBLgEfug2LJqx5MXWe4;100;pending;2025-12-15T10:57:31.609Z;;guest
CgkZnZMaZxb6CU8CuY7l;votes-artistes;RIAr7Uw1uo74gAhWWM9c;100;pending;2025-12-16T18:07:41.987Z;;guest
ClmyH1BhTPy1YOY8YQ4G;votes-artistes;RIAr7Uw1uo74gAhWWM9c;100;counted;2025-12-15T16:11:58.833Z;74554914433914;guest
Cm6Ebv1Jmn2t9zVAvFdt;votes-artistes;oucOMPgDKDQR8GKDvFHJ;100;counted;2025-12-17T18:46:35.909Z;9653771697596260;guest
CuczfKNpbeOEY0huelUh;votes-artistes;oucOMPgDKDQR8GKDvFHJ;100;counted;2025-12-17T06:43:42.459Z;3127758510823120;guest
D0DNuPy6vRBI6wFyvAKz;votes-artistes;GEVWzgnMyTnavWjEa6pg;100;pending;2025-12-15T10:40:50.843Z;;guest
D1erIv0qaY0TPRVRha5X;votes-artistes;GEVWzgnMyTnavWjEa6pg;2000;pending;2025-12-19T17:16:59.717Z;;guest
D5DVq08sIpGyu1bDkHGM;votes-artistes;GEVWzgnMyTnavWjEa6pg;1000;counted;2025-12-19T17:20:04.217Z;6925797433345970;guest
D79NrYP4gDtGuOR4VnI9;votes-artistes;oucOMPgDKDQR8GKDvFHJ;100;counted;2025-12-18T21:23:14.653Z;6946738863854160;guest
D7jB87ZcXN8gdduhZOZl;votes-artistes;zNIM4k3VP04xbhamFPva;1000;pending;2025-12-16T14:58:28.060Z;;guest
D9aKJpP6lYgG8hdcTVol;votes-artistes;RIAr7Uw1uo74gAhWWM9c;100;pending;2025-12-16T08:29:59.915Z;;guest
DB0Bb2D0O142D5hE5INL;votes-artistes;GEVWzgnMyTnavWjEa6pg;100;pending;2025-12-18T12:00:28.270Z;;guest
DCHCZo2oQUyxN8IgRdNt;votes-artistes;GEVWzgnMyTnavWjEa6pg;100;pending;2025-12-15T11:17:02.734Z;;guest
DCNbGW3wreeEYvizfMRO;votes-artistes;RIAr7Uw1uo74gAhWWM9c;100;counted;2025-12-15T15:09:34.891Z;8393905405539070;guest
DPZ3hVzTyyV7o8eXTiIe;votes-artistes;RIAr7Uw1uo74gAhWWM9c;1000;pending;2025-12-16T18:44:21.839Z;;guest
DRNLljK4J2kgTCJS5yUF;votes-artistes;oucOMPgDKDQR8GKDvFHJ;100;pending;2025-12-22T23:11:37.230Z;;guest
DT2HsmU0JNGmYP181y4B;votes-artistes;lrK8tSxZpQPYFTmIF7On;100;pending;2025-12-28T22:59:51.558Z;;guest
DYtdt6kj8mAL2IACCpsu;votes-artistes;oucOMPgDKDQR8GKDvFHJ;100;pending;2025-12-15T09:08:27.826Z;;guest
DaS2jgFZDOIEyhodhBwV;votes-artistes;81cTWJpXQxqb1LcEQ9Nd;100;counted;2025-12-16T13:48:17.953Z;9007071466613030;guest
Dbm8WN8QTQPR4x8rA9ds;votes-artistes;lrK8tSxZpQPYFTmIF7On;100;counted;2025-12-23T16:22:19.630Z;3928991384951210;guest
DdCGoLjUluOyr2KAp8FF;votes-artistes;TXBLgEfug2LJqx5MXWe4;100;pending;2025-12-15T22:24:31.110Z;;guest
DdeUQPQ4wdmcMgu1P0VV;votes-artistes;oucOMPgDKDQR8GKDvFHJ;500;counted;2025-12-18T19:00:44.740Z;9772040532671470;guest
DfBagRPwBtSCEJAubT7D;votes-artistes;RIAr7Uw1uo74gAhWWM9c;500;counted;2025-12-18T21:56:43.850Z;5645475335977410;guest
Dfp6GCu4fMKmtDCPbIWB;votes-artistes;oucOMPgDKDQR8GKDvFHJ;500;counted;2025-12-16T06:30:35.271Z;909407685090248;guest
DgUsOAr4b13hN9C2iVA8;votes-artistes;oucOMPgDKDQR8GKDvFHJ;100;counted;2025-12-16T08:59:32.314Z;8124055986088820;guest
DlK2lWeRhRZWqhj4xHvk;votes-artistes;GEVWzgnMyTnavWjEa6pg;100;pending;2025-12-17T07:19:47.166Z;;guest
DnUYMYUd2QeUsSw440Fd;votes-artistes;R3DRrtGPGfw8jsQxG4r8;10000;pending;2025-12-15T19:00:30.896Z;;guest
DrwVDpcCQUWQrLvZIX2r;votes-artistes;RIAr7Uw1uo74gAhWWM9c;100;pending;2025-12-15T09:45:02.161Z;;guest
DwS7ha3G3k9yLPVE9Z2l;votes-artistes;aUt5Vh29CsUcstBHEF8H;100;pending;2025-12-15T18:20:11.811Z;;guest
DzAZZ9KpcvvBlqHbPwPP;votes-artistes;oucOMPgDKDQR8GKDvFHJ;100;pending;2025-12-15T22:09:24.244Z;;guest
DzSsXlSP86xRPjIfgkDU;votes-artistes;TXBLgEfug2LJqx5MXWe4;1000;counted;2025-12-19T22:45:04.417Z;1315574231598080;guest
DzYugKB6FK8PKcTdxoQg;votes-artistes;RIAr7Uw1uo74gAhWWM9c;2000;pending;2025-12-17T19:23:06.542Z;;guest
E13lc3JLJOSEI3BzokeC;votes-artistes;TXBLgEfug2LJqx5MXWe4;8500;counted;2025-12-19T21:45:16.288Z;6556124119332150;guest
E6Lzs557XOBIVLiWCUx8;votes-artistes;oucOMPgDKDQR8GKDvFHJ;10000;counted;2025-12-19T17:03:58.310Z;7353163357214740;guest
E8e14p2vC6s2E43gw6ux;votes-artistes;oucOMPgDKDQR8GKDvFHJ;1800;counted;2025-12-19T18:07:32.554Z;7249616035106960;guest
EANIt2ZySElWKZFpiPHi;votes-artistes;GEVWzgnMyTnavWjEa6pg;100;counted;2025-12-25T13:09:27.676Z;8121817801831680;guest
EIdtPgXbYzkMRI8RKWQl;votes-artistes;oucOMPgDKDQR8GKDvFHJ;8000;pending;2025-12-18T19:25:55.108Z;;guest
EJ1pYdUc6L3YMlxZC0pn;votes-artistes;RIAr7Uw1uo74gAhWWM9c;100;counted;2025-12-15T14:21:11.442Z;986126678163766;guest
EMeuB86nHF5Eg0kaIHXw;votes-artistes;oucOMPgDKDQR8GKDvFHJ;100;pending;2025-12-16T07:55:47.486Z;;guest
EP8B63gghUVxgSXOxEmR;votes-artistes;GEVWzgnMyTnavWjEa6pg;1000;pending;2025-12-16T03:48:24.231Z;;guest
EQ9EO7ZJF744UfdYl3oS;votes-artistes;TXBLgEfug2LJqx5MXWe4;1000;pending;2025-12-17T17:38:50.346Z;;guest
ESB6ZvJbdEryo2S8GRq6;votes-artistes;oucOMPgDKDQR8GKDvFHJ;500;counted;2025-12-18T06:25:20.653Z;6831730845781970;guest
ETVV71ii0uWlqVIQPPZc;votes-artistes;TXBLgEfug2LJqx5MXWe4;500;counted;2025-12-16T20:02:58.029Z;3176952149831980;guest
Ea9UMurMqXj4qv7lD4wM;votes-artistes;oucOMPgDKDQR8GKDvFHJ;300;counted;2025-12-15T13:28:54.084Z;1628176849533630;guest
Ec2r3y6zBTQwE93txEM2;votes-artistes;noLuODpebT7EXpZWBRkH;100;counted;2025-12-15T10:04:38.516Z;4758124165053950;guest
EgWBxeaRP1jnofvVWrO4;votes-artistes;GEVWzgnMyTnavWjEa6pg;100;pending;2025-12-19T09:46:36.270Z;;guest
EojClbAaIteNKt0xHp4F;votes-artistes;oucOMPgDKDQR8GKDvFHJ;100;pending;2025-12-16T14:35:18.677Z;;guest
EpXkpW51LD00KXOY1ayO;votes-artistes;TXBLgEfug2LJqx5MXWe4;1000;counted;2025-12-28T20:23:37.706Z;5005203597726050;guest
F2RW5GLRmr6HBDDfRPRP;votes-artistes;GEVWzgnMyTnavWjEa6pg;100;pending;2025-12-21T03:57:54.630Z;;guest
F2sAV4TbykG42X9MBuIx;votes-artistes;RIAr7Uw1uo74gAhWWM9c;500;pending;2025-12-18T16:01:35.802Z;;guest
F4nQB7rq5bHe3H6nt6OO;votes-artistes;TXBLgEfug2LJqx5MXWe4;100;pending;2025-12-16T21:23:35.824Z;;guest
F7E76c5QRI5rqG8yH1wD;votes-artistes;GEVWzgnMyTnavWjEa6pg;1000;counted;2025-12-15T12:29:45.988Z;1378828263760520;guest
F8H9aO2vZoq5TaSuqoi1;votes-artistes;GEVWzgnMyTnavWjEa6pg;100;pending;2025-12-20T08:49:32.275Z;;guest
FAtS26180D89sb0uyuWn;votes-artistes;THSoBfgsHaDLamNs758L;3000;pending;2025-12-19T13:26:28.896Z;;guest
FC2R6XOR7D4IsrtC6tAB;votes-artistes;81cTWJpXQxqb1LcEQ9Nd;100;pending;2025-12-16T07:50:42.327Z;;guest
FFeeyjdb0wPTB7Dzknya;votes-artistes;RIAr7Uw1uo74gAhWWM9c;100;pending;2025-12-20T21:53:29.612Z;;guest
FI5dS60aDOl7p96xx8Pu;votes-artistes;TXBLgEfug2LJqx5MXWe4;100;pending;2025-12-16T17:49:46.228Z;;guest
FIvwNLgB8VIqJ6bEzQap;votes-artistes;RIAr7Uw1uo74gAhWWM9c;3700;counted;2025-12-15T17:42:46.546Z;2904642128184290;guest
FJQBswPJxS5mkghaM72X;votes-artistes;RIAr7Uw1uo74gAhWWM9c;5200;pending;2025-12-15T10:40:27.243Z;;guest
FOXlnBHZUzcpxj7Ep6P8;votes-artistes;lrK8tSxZpQPYFTmIF7On;100;pending;2025-12-20T07:04:51.726Z;;guest
FQCzoNPDMHXw7n8feFY6;votes-artistes;oucOMPgDKDQR8GKDvFHJ;100;pending;2025-12-15T08:01:38.094Z;;guest
FR79LUfxVBRcpXQXEYec;votes-artistes;aUt5Vh29CsUcstBHEF8H;100;counted;2025-12-16T15:37:49.135Z;9335397163649200;guest
FXE8Uk3siw5Ups3FfvUA;votes-artistes;oucOMPgDKDQR8GKDvFHJ;1000;counted;2025-12-18T09:03:06.823Z;393454161402296;guest
FXr3lN92k3rhvvBK0Xdf;votes-artistes;TXBLgEfug2LJqx5MXWe4;100;pending;2025-12-16T07:31:44.903Z;;guest
FaRDV7TOiHBLje4G2nH7;votes-artistes;oucOMPgDKDQR8GKDvFHJ;100;counted;2025-12-15T08:52:00.265Z;1107895043106750;guest
Fb5KDoBPvsU72nT6LMJc;votes-artistes;oucOMPgDKDQR8GKDvFHJ;100;pending;2025-12-15T19:13:02.502Z;;guest
FcVrGF2KQPbFtQ7qFy7E;votes-artistes;8dxIvMVLsBZNKKBQiNFE;100;pending;2025-12-16T07:36:12.402Z;;guest
FchSP5ZYRjOFJotxHs9P;votes-artistes;GEVWzgnMyTnavWjEa6pg;100;pending;2025-12-15T15:30:27.691Z;;guest
Ff2meV4D5YIgO1OnMZq0;votes-artistes;oucOMPgDKDQR8GKDvFHJ;500;pending;2025-12-19T20:57:06.037Z;;guest
Ff8MMCkctUwG2OomVgRv;votes-artistes;lrK8tSxZpQPYFTmIF7On;200;pending;2025-12-19T22:50:29.380Z;;guest
Ffx7wYksWIV7p9BBVIKp;votes-artistes;GEVWzgnMyTnavWjEa6pg;100;pending;2025-12-19T06:24:43.730Z;;guest
Fhlq6jEssa6uJIcqL8W5;votes-artistes;oucOMPgDKDQR8GKDvFHJ;100;pending;2025-12-15T10:25:14.525Z;;guest
FiMXeW1nQsOBwVtZNXYg;votes-artistes;GEVWzgnMyTnavWjEa6pg;500;counted;2025-12-22T09:50:43.584Z;5620734783528950;guest
FitO9MgjWHmOSwTQZ9qv;votes-artistes;GEVWzgnMyTnavWjEa6pg;1000;pending;2025-12-17T15:26:54.873Z;;guest
Fm4gHy3dRaIn4NZMqEo4;votes-artistes;lrK8tSxZpQPYFTmIF7On;100;pending;2025-12-20T07:56:13.313Z;;guest
FnlqmdR0gjrkxEwverxD;votes-artistes;TXBLgEfug2LJqx5MXWe4;100;pending;2025-12-16T19:49:50.761Z;;guest
Fq5heQswFmCke0ZB5LLo;votes-artistes;TXBLgEfug2LJqx5MXWe4;100;counted;2025-12-28T21:40:06.592Z;1272544961734630;guest
FvdAbHapbO62pRU9c2bX;votes-artistes;oucOMPgDKDQR8GKDvFHJ;100;pending;2025-12-15T09:00:11.043Z;;guest
FzBQZ23yMwHHgzFgJBDO;votes-artistes;RIAr7Uw1uo74gAhWWM9c;400;counted;2025-12-16T10:52:25.558Z;4083533067444030;guest
G1fsa59tmrTSUY1RavvG;votes-artistes;81cTWJpXQxqb1LcEQ9Nd;200;counted;2025-12-16T06:30:46.034Z;2603537740846050;guest
G7G0nqtTuTN7wzNuzFWZ;votes-artistes;lrK8tSxZpQPYFTmIF7On;100;pending;2025-12-21T16:32:55.324Z;;guest
G7UlSPCuccRAMJYIItkm;votes-artistes;oucOMPgDKDQR8GKDvFHJ;100;pending;2025-12-15T20:10:22.759Z;;guest
GDqY45PqamV9Ne8uCClF;votes-artistes;TXBLgEfug2LJqx5MXWe4;100;counted;2025-12-16T21:15:50.337Z;4778544958327880;guest
GEbF6ouhQ0GY89RsEn3b;votes-artistes;oucOMPgDKDQR8GKDvFHJ;100;pending;2025-12-15T14:14:34.047Z;;guest
GInyQ9b8B7BuY0Kl8jpI;votes-artistes;81cTWJpXQxqb1LcEQ9Nd;100;pending;2025-12-16T09:12:17.557Z;;guest
GNO9n1eFWxOrMB5ElEXS;votes-artistes;RIAr7Uw1uo74gAhWWM9c;100;pending;2025-12-16T12:43:27.489Z;;guest
GPmMSUXd8LKsjT2BvUWh;votes-artistes;RIAr7Uw1uo74gAhWWM9c;100;counted;2025-12-15T16:11:06.024Z;388427654673180;guest
GRAZ4ElnTyTy939WkQGJ;votes-artistes;GEVWzgnMyTnavWjEa6pg;100;counted;2025-12-28T16:17:30.103Z;9809451383365270;guest
GRaLSV1ll9ss2fg1mYPx;votes-artistes;oucOMPgDKDQR8GKDvFHJ;1000;counted;2025-12-26T05:33:41.698Z;2575495225405500;guest
GUeMvVlU6pXMK3mt1ghN;votes-artistes;zNIM4k3VP04xbhamFPva;100;counted;2025-12-15T06:11:59.966Z;5149211168423340;guest
GYcK65OWhowTE8rTcb7l;votes-artistes;TXBLgEfug2LJqx5MXWe4;100;pending;2025-12-15T22:01:33.300Z;;guest
Gd5dQDhRQCLJskeHGAYh;votes-artistes;oucOMPgDKDQR8GKDvFHJ;500;counted;2025-12-16T19:17:03.592Z;6239259849169810;guest
GgPnqqz4HPl9RYkdfi1R;votes-artistes;oucOMPgDKDQR8GKDvFHJ;100;pending;2025-12-15T20:55:35.553Z;;guest
GjFqCLygo9jWFiHbLPKM;votes-artistes;oucOMPgDKDQR8GKDvFHJ;10000;pending;2025-12-19T17:03:32.119Z;;guest
GlAE1Bi3Irhd4xU1QI56;votes-artistes;GEVWzgnMyTnavWjEa6pg;100;pending;2025-12-16T09:52:40.036Z;;guest
GppLdTvpYWFUxReSYLaP;votes-artistes;oucOMPgDKDQR8GKDvFHJ;5800;pending;2025-12-17T15:39:28.049Z;;guest
Gs19ToX6kAcqr77AiVj4;votes-artistes;oucOMPgDKDQR8GKDvFHJ;500;counted;2025-12-15T12:52:58.537Z;5826520814128790;guest
GwWAns3lmDJ4YgSI0I90;votes-artistes;TXBLgEfug2LJqx5MXWe4;400;counted;2025-12-15T11:07:20.559Z;2746468605336170;guest
Gzkb6XoJ8jJTomnmGf81;votes-artistes;RIAr7Uw1uo74gAhWWM9c;2000;counted;2025-12-18T20:35:30.185Z;4593638534639590;guest
H8vA4sabv5dbq74nRXl4;votes-artistes;6jJ1pd8NA2meRhVWW12M;500;pending;2025-12-15T09:37:37.387Z;;guest
H9GS85V7DRNF6Nnv7wPk;votes-artistes;GEVWzgnMyTnavWjEa6pg;1000;counted;2025-12-19T21:39:17.733Z;6499426373315270;guest
HCwKB6MDyR0QkMwtubyA;votes-artistes;GEVWzgnMyTnavWjEa6pg;100;pending;2025-12-19T23:18:53.184Z;;guest
HFhUmBoIpmaI0pFPAX0M;votes-artistes;GEVWzgnMyTnavWjEa6pg;1000;counted;2025-12-17T14:50:38.895Z;4273305924626330;guest
HFypJLwowThketQTQjOr;votes-artistes;GEVWzgnMyTnavWjEa6pg;100;pending;2025-12-24T09:08:23.523Z;;guest
HMwWdYya5k7O3Vj6mEQC;votes-artistes;aUt5Vh29CsUcstBHEF8H;300;counted;2025-12-17T20:40:23.757Z;4650997408543860;guest
HQMkAQcOM3ghk2mrjNh6;votes-artistes;oucOMPgDKDQR8GKDvFHJ;100;counted;2025-12-19T10:48:11.076Z;3728455751040390;guest
HR9gT3IfjzjlnJAyjqPT;votes-artistes;TXBLgEfug2LJqx5MXWe4;100;pending;2025-12-15T20:06:33.510Z;;guest
HSOpV0ejUDnz7Yr5yC12;votes-artistes;TXBLgEfug2LJqx5MXWe4;100;pending;2025-12-15T08:54:39.241Z;;guest
HTZ9rgLJ2GVs06RFaFQo;votes-artistes;8dxIvMVLsBZNKKBQiNFE;1000;counted;2025-12-15T19:30:58.892Z;7760632164142430;guest
HUAE5bGWOhoJcuPNsz3N;votes-artistes;GEVWzgnMyTnavWjEa6pg;200;pending;2025-12-22T09:54:13.186Z;;guest
HUkrTDNnWwoBfUwB7SIV;votes-artistes;lrK8tSxZpQPYFTmIF7On;100;pending;2025-12-16T17:39:14.907Z;;guest
HVaucU2hCY9tc3zMQNul;votes-artistes;8dxIvMVLsBZNKKBQiNFE;100;pending;2025-12-15T19:37:55.049Z;;guest
HWS2lthxgQMTRUbnGxJD;votes-artistes;lrK8tSxZpQPYFTmIF7On;500;pending;2025-12-27T00:49:39.853Z;;guest
HWuEqVLo5o9pCEUb2L1F;votes-artistes;oucOMPgDKDQR8GKDvFHJ;2300;counted;2025-12-19T07:16:28.605Z;8226481459449260;guest
HXn7lWWjWzOyQndvTK3g;votes-artistes;GEVWzgnMyTnavWjEa6pg;1000;pending;2025-12-16T21:49:42.975Z;;guest
HoEYK0Xdjb5M2R3YMqai;votes-artistes;TXBLgEfug2LJqx5MXWe4;100;counted;2025-12-15T09:22:35.413Z;9171190540463530;guest
HrtY7uq1FMgWlorUmtmE;votes-artistes;TXBLgEfug2LJqx5MXWe4;5000;pending;2025-12-15T15:08:38.469Z;;guest
HtOucZqQpDclsTi3U42z;votes-artistes;GEVWzgnMyTnavWjEa6pg;100;pending;2025-12-18T06:50:29.622Z;;guest
HtwvUesGiWVRCkpQyH2G;votes-artistes;GEVWzgnMyTnavWjEa6pg;1000;pending;2025-12-17T15:19:52.601Z;;guest
I0qHML9mki1wx3oTEEYs;votes-artistes;ANLYRIZ6gRU8LgLSyaRq;100;pending;2025-12-15T14:29:09.429Z;;guest
I4LQEaqNwImcTmCFRMyf;votes-artistes;GEVWzgnMyTnavWjEa6pg;700;pending;2025-12-15T10:43:59.244Z;;guest
I5QDcGZfc1nKjYje0Er5;votes-artistes;RIAr7Uw1uo74gAhWWM9c;100;pending;2025-12-15T14:13:06.466Z;;guest
I8JectGn9SKNkF8vDApg;votes-artistes;GEVWzgnMyTnavWjEa6pg;100;pending;2025-12-15T11:36:19.042Z;;guest
I8QpwcZKXGgeU3jOwXlQ;votes-artistes;GEVWzgnMyTnavWjEa6pg;1200;pending;2025-12-15T10:42:56.331Z;;guest
IE9n5uqNGTyEtrXnJkTH;votes-artistes;8ELIXFDTdljYr37syNyv;400;pending;2025-12-15T19:52:33.636Z;;guest
IEUzd8sbhWIN9LBtucSR;votes-artistes;oucOMPgDKDQR8GKDvFHJ;2300;counted;2025-12-28T13:05:18.601Z;1287955904945340;guest
IIfIdq0RyZpbxD1I3yNV;votes-artistes;GEVWzgnMyTnavWjEa6pg;1000;counted;2025-12-18T18:12:02.647Z;7114753811743160;guest
IJRgjMKkX1CTBSYDja5b;votes-artistes;oucOMPgDKDQR8GKDvFHJ;100;pending;2025-12-18T12:35:38.807Z;;guest
INxSYGnHZryNdSSmiiEY;votes-artistes;RIAr7Uw1uo74gAhWWM9c;100;counted;2025-12-15T08:17:31.956Z;7803441918297030;guest
IQ8JXfB3uus1n1IzFrpo;votes-artistes;RIAr7Uw1uo74gAhWWM9c;1000;counted;2025-12-17T12:18:03.687Z;8740802364405610;guest
ISojRkwuJgBzlh7sbdDT;votes-artistes;oucOMPgDKDQR8GKDvFHJ;500;pending;2025-12-19T15:50:35.260Z;;guest
ITlgC8UsnPJ9BoxN0LKZ;votes-artistes;GEVWzgnMyTnavWjEa6pg;3000;counted;2025-12-18T10:07:52.622Z;5190316854753630;guest
IVC93B34Ij7BrR0cTR9y;votes-artistes;TXBLgEfug2LJqx5MXWe4;100;pending;2025-12-15T23:10:35.787Z;;guest
IVNGeLXox1nlT484sGTp;votes-artistes;GEVWzgnMyTnavWjEa6pg;2000;pending;2025-12-19T18:28:06.470Z;;guest
IWC6pFk2Q1xoeN9a0WPJ;votes-artistes;GEVWzgnMyTnavWjEa6pg;500;pending;2025-12-17T14:02:30.380Z;;guest
IX2hj0A5cIgsf64wi9nF;votes-artistes;oucOMPgDKDQR8GKDvFHJ;100;pending;2025-12-17T07:01:44.801Z;;guest
IY7QbQxQEeM7OG1rkpvP;votes-artistes;GEVWzgnMyTnavWjEa6pg;10000;pending;2025-12-17T19:11:29.033Z;;guest
Ih2dEEruKCBXucEayTYs;votes-artistes;oucOMPgDKDQR8GKDvFHJ;500;pending;2025-12-19T15:55:19.334Z;;guest
IjOTPz5fvGgAHrkMFKhR;votes-artistes;GEVWzgnMyTnavWjEa6pg;500;counted;2025-12-19T15:34:14.342Z;3778744191744680;guest
Im3Xb41XBxtsVQzMon72;votes-artistes;GEVWzgnMyTnavWjEa6pg;1000;counted;2025-12-27T07:44:54.888Z;3595098099180540;guest
ImH81YG3sS5QkOhEZ9FU;votes-artistes;GEVWzgnMyTnavWjEa6pg;100;pending;2025-12-15T17:44:29.366Z;;guest
Iq9covZbco2ekjPMdgkz;votes-artistes;TXBLgEfug2LJqx5MXWe4;1000;counted;2025-12-15T10:50:25.636Z;9298224424083490;guest
IrbKUVJHQVNAjPUVTBLL;votes-artistes;TXBLgEfug2LJqx5MXWe4;3000;counted;2025-12-16T21:04:03.768Z;3580413636302430;guest
IyRabvjeAZRczKNZovZq;votes-artistes;oucOMPgDKDQR8GKDvFHJ;100;counted;2025-12-17T10:17:51.763Z;7834561513519260;guest
Iym07AgRqQJLSJy92wS2;votes-artistes;TXBLgEfug2LJqx5MXWe4;100;pending;2025-12-15T18:51:52.527Z;;guest
IzV20S2c3pFbof6Rs9B8;votes-artistes;oucOMPgDKDQR8GKDvFHJ;100;counted;2025-12-16T18:04:12.692Z;9580946716075750;guest
IztaJ816F8BjMhasHPIN;votes-artistes;TXBLgEfug2LJqx5MXWe4;100;pending;2025-12-15T16:33:03.192Z;;guest
J46UhbXz1HANIxd7z5Fv;votes-artistes;oucOMPgDKDQR8GKDvFHJ;100;counted;2025-12-15T08:15:34.998Z;6694778145748620;guest
J4PZgqSgGeuSXWdoOY6I;votes-artistes;GEVWzgnMyTnavWjEa6pg;1000;counted;2025-12-22T09:57:38.171Z;2228349930761180;guest
JCYjyfQ3UdoBTaJTSoHC;votes-artistes;oucOMPgDKDQR8GKDvFHJ;100;counted;2025-12-19T18:57:36.821Z;7754244910805490;guest
JCqLPFefKeJJQylVh01E;votes-artistes;zNIM4k3VP04xbhamFPva;100;counted;2025-12-15T12:20:48.006Z;3327402777527180;guest
JDtim5ywGiW7ube5l5eL;votes-artistes;zNIM4k3VP04xbhamFPva;200;counted;2025-12-19T21:19:04.567Z;2096647313859750;guest
JEfrfv47mzAoqz50at2r;votes-artistes;GEVWzgnMyTnavWjEa6pg;1000;counted;2025-12-17T21:53:36.011Z;4770334640306150;guest
JF1u3E8CAknrOD8x4qsz;votes-artistes;oucOMPgDKDQR8GKDvFHJ;100;pending;2025-12-15T09:55:17.582Z;;guest
JLCer12MMad0JjdFccQH;votes-artistes;GEVWzgnMyTnavWjEa6pg;1000;pending;2025-12-15T18:10:53.157Z;;guest
JNoe16rvSQcE9gBJmbRQ;votes-artistes;GEVWzgnMyTnavWjEa6pg;1000;pending;2025-12-17T14:36:00.273Z;;guest
JbRrWS8CBsPZHjDyHxm0;votes-artistes;GEVWzgnMyTnavWjEa6pg;5000;counted;2025-12-17T19:54:28.213Z;2225341866120960;guest
Jd2aYGu3VcL6wSGFwiXP;votes-artistes;GEVWzgnMyTnavWjEa6pg;500;counted;2025-12-16T08:24:28.111Z;1859050739274780;guest
JewL231croOF5BtIIgok;votes-artistes;GEVWzgnMyTnavWjEa6pg;1000;counted;2025-12-22T10:31:21.659Z;8610745866821090;guest
Ji5MdlFQ9cvlVNzQnRI3;votes-artistes;GEVWzgnMyTnavWjEa6pg;500;pending;2025-12-26T11:26:01.505Z;;guest
JpKSysstLSfTYl4dZNDZ;votes-artistes;oucOMPgDKDQR8GKDvFHJ;500;pending;2025-12-18T10:28:39.609Z;;guest
JrnVOutGNbVcZPgAecSI;votes-artistes;TXBLgEfug2LJqx5MXWe4;100;counted;2025-12-15T21:41:19.844Z;5896608029465180;guest
JvdIb47ir7Z15730228C;votes-artistes;TXBLgEfug2LJqx5MXWe4;100;counted;2025-12-15T11:34:59.117Z;8561851858149900;guest
JxX4qAgOlhMpB3qOFUoU;votes-artistes;R3DRrtGPGfw8jsQxG4r8;2100;pending;2025-12-15T15:33:40.731Z;;guest
JzQ9w0VU7mKpeTpX2e7z;votes-artistes;GEVWzgnMyTnavWjEa6pg;1000;counted;2025-12-17T18:52:35.343Z;8734246944850850;guest
K0eeGyItlfzjiWURngP0;votes-artistes;GEVWzgnMyTnavWjEa6pg;1000;pending;2025-12-15T16:36:34.817Z;;guest
K4WBtCCZvJdmKHSZ8OyC;votes-artistes;oucOMPgDKDQR8GKDvFHJ;500;counted;2025-12-21T03:51:33.323Z;8863275537066930;guest
K6AWZVAlxaygjQCsXyz5;votes-artistes;oucOMPgDKDQR8GKDvFHJ;100;counted;2025-12-16T18:01:49.388Z;3965890548242780;guest
K91p59VySeq5bK27ohBC;votes-artistes;81cTWJpXQxqb1LcEQ9Nd;100;counted;2025-12-15T11:40:46.773Z;1250251251973580;guest
KAcWipTC7Gg6Ef6C3rEn;votes-artistes;8ELIXFDTdljYr37syNyv;100;pending;2025-12-15T14:50:40.759Z;;guest
KD6FaM1XypozuLElyiNR;votes-artistes;TXBLgEfug2LJqx5MXWe4;1000;counted;2025-12-19T22:05:46.599Z;4325369257995360;guest
KKlo2ChOmKlAxnDeNs4d;votes-artistes;lrK8tSxZpQPYFTmIF7On;400;pending;2025-12-16T12:53:09.505Z;;guest
KNwUXZ8FaV9NaJrJDGKW;votes-artistes;TXBLgEfug2LJqx5MXWe4;100;counted;2025-12-15T22:10:07.874Z;7792734200978710;guest
KS3MB37d7huu0g56QoH6;votes-artistes;oucOMPgDKDQR8GKDvFHJ;100;counted;2025-12-19T15:54:13.400Z;6158627691831780;guest
KVrdJf2N8ysYru8NaV7Y;votes-artistes;oucOMPgDKDQR8GKDvFHJ;500;counted;2025-12-19T17:44:42.471Z;8175330918767890;guest
KX7cs5D4lz1cAor2N4Ph;votes-artistes;GEVWzgnMyTnavWjEa6pg;3000;pending;2025-12-21T22:47:07.184Z;;guest
KcIjOtWxaKStWMlpzznA;votes-artistes;oucOMPgDKDQR8GKDvFHJ;500;pending;2025-12-19T19:17:19.407Z;;guest
KhGQnyMXcSBoGZL4a4po;votes-artistes;GEVWzgnMyTnavWjEa6pg;5000;counted;2025-12-28T22:37:44.951Z;9827407982535010;guest
KjSuJYozgOm5RL6o05Om;votes-artistes;81cTWJpXQxqb1LcEQ9Nd;100;pending;2025-12-16T08:12:31.143Z;;guest
KttylDUzquROdlVH77sf;votes-artistes;oucOMPgDKDQR8GKDvFHJ;300;pending;2025-12-15T15:41:53.507Z;;guest
Kw16fwVWxaFYLpsbaod0;votes-artistes;GEVWzgnMyTnavWjEa6pg;4000;counted;2025-12-15T14:33:10.370Z;4105141207172100;guest
KyVVYtv7xe37bSiLMSvF;votes-artistes;GEVWzgnMyTnavWjEa6pg;1000;counted;2025-12-17T19:00:53.175Z;6610179213121890;guest
L2OKcX3f6JVEB4uFDSR2;votes-artistes;aUt5Vh29CsUcstBHEF8H;500;pending;2025-12-17T21:22:09.697Z;;guest
L34bBy901syKf8UaBAbU;votes-artistes;oucOMPgDKDQR8GKDvFHJ;100;pending;2025-12-17T08:06:00.915Z;;guest
L77PQQ6tubdyhLGOIHoV;votes-artistes;RIAr7Uw1uo74gAhWWM9c;900;pending;2025-12-15T18:41:00.933Z;;guest
LA8L2eB0xVBTKOwxF02E;votes-artistes;R3DRrtGPGfw8jsQxG4r8;100;pending;2025-12-15T18:58:34.874Z;;guest
LDzZkcRUxC9hxE3hiOff;votes-artistes;TXBLgEfug2LJqx5MXWe4;500;counted;2025-12-15T09:05:53.106Z;3541467315623810;guest
LKZWM6UMXU1eSXLWGooM;votes-artistes;zNIM4k3VP04xbhamFPva;100;counted;2025-12-15T12:15:56.044Z;8108803559763160;guest
LNRjPZ96GnMkz59heKI4;votes-artistes;oucOMPgDKDQR8GKDvFHJ;500;counted;2025-12-18T20:46:28.877Z;3315571968129600;guest
LOaFf44QT0MbthTm0wBe;votes-artistes;GEVWzgnMyTnavWjEa6pg;500;pending;2025-12-27T07:31:52.308Z;;guest
LP3KuPO5mvSpb71AtngQ;votes-artistes;GEVWzgnMyTnavWjEa6pg;100;pending;2025-12-15T15:29:16.637Z;;guest
LPluhDNO1NdUivj3xOLP;votes-artistes;RIAr7Uw1uo74gAhWWM9c;100;pending;2025-12-15T07:14:19.777Z;;guest
LS5RfLpJMJIeFqT8qMKU;votes-artistes;RIAr7Uw1uo74gAhWWM9c;5000;counted;2025-12-16T19:38:50.915Z;7632305210153490;guest
LSSa9BJtrhgvcfeHMGE6;votes-artistes;lrK8tSxZpQPYFTmIF7On;500;pending;2025-12-16T16:09:08.576Z;;guest
LTyUvRnRqdbXRv7KHsdK;votes-artistes;R3DRrtGPGfw8jsQxG4r8;1000;pending;2025-12-15T11:03:31.709Z;;guest
LWg0cTcMJWneIAqumF8R;votes-artistes;RIAr7Uw1uo74gAhWWM9c;1000;counted;2025-12-23T20:01:40.207Z;8153184167209600;guest
LXO2duRUKEi7MKttIqIz;votes-artistes;THSoBfgsHaDLamNs758L;100;pending;2025-12-19T09:42:55.968Z;;guest
Ldi85m7UpMn7rXNlia45;votes-artistes;oucOMPgDKDQR8GKDvFHJ;10000;pending;2025-12-19T17:02:42.099Z;;guest
Lihq2wDc58haNmpOC63j;votes-artistes;RIAr7Uw1uo74gAhWWM9c;900;counted;2025-12-15T11:47:15.962Z;6284729831499450;guest
LlxZmpnSQWZ6thVQabxf;votes-artistes;GEVWzgnMyTnavWjEa6pg;1000;pending;2025-12-17T20:21:26.281Z;;guest
LpsYGzL0SwbS6n2vNvmN;votes-artistes;oucOMPgDKDQR8GKDvFHJ;100;counted;2025-12-15T22:47:04.558Z;6355842267236500;guest
LrcwYlLxXlswvBZ4iW1t;votes-artistes;GEVWzgnMyTnavWjEa6pg;10000;counted;2025-12-19T22:54:06.896Z;4509382287184720;guest
Lsh6SGBaKukRhAoqhvwI;votes-artistes;RIAr7Uw1uo74gAhWWM9c;1000;counted;2025-12-15T22:08:42.167Z;3236631998432450;guest
LsoY96rfp0r9nVBD994E;votes-artistes;TXBLgEfug2LJqx5MXWe4;2000;pending;2025-12-16T20:39:41.693Z;;guest
LvNVGWv3MgSu5EdI9854;votes-artistes;RIAr7Uw1uo74gAhWWM9c;500;pending;2025-12-16T16:31:13.402Z;;guest
LyUUkZDKhLXIf9uKBKAM;votes-artistes;GEVWzgnMyTnavWjEa6pg;100;pending;2025-12-21T03:58:33.344Z;;guest
M1Eb7lHyx3c2BIAA8td2;votes-artistes;GEVWzgnMyTnavWjEa6pg;1000;pending;2025-12-16T12:48:42.034Z;;guest
M4JNBpkWgOmvg6pNOJEw;votes-artistes;oucOMPgDKDQR8GKDvFHJ;500;counted;2025-12-20T12:30:51.902Z;686041483282518;guest
M8LIgjt5lNix6fOpZcHR;votes-artistes;TXBLgEfug2LJqx5MXWe4;1000;pending;2025-12-16T21:36:23.780Z;;guest
M9T5W5vn0AXWra2OxEEI;votes-artistes;RIAr7Uw1uo74gAhWWM9c;100;pending;2025-12-15T09:22:21.369Z;;guest
MBey3WL3D8aaBrYDFkH7;votes-artistes;ANLYRIZ6gRU8LgLSyaRq;100;pending;2025-12-15T07:01:26.099Z;;guest
MBgkoyb5JonAIjRkO3Ye;votes-artistes;GEVWzgnMyTnavWjEa6pg;500;pending;2025-12-15T22:16:46.351Z;;guest
MM5h5MZQyCiestB9hEEk;votes-artistes;TXBLgEfug2LJqx5MXWe4;100;counted;2025-12-15T17:16:30.956Z;1686631380794020;guest
MPbA28xyZJNxN5sIi1qq;votes-artistes;TXBLgEfug2LJqx5MXWe4;500;pending;2025-12-15T10:58:57.758Z;;guest
MPgNF5CM25ryYAs34qiZ;votes-artistes;zNIM4k3VP04xbhamFPva;100;counted;2025-12-15T12:17:51.651Z;5833613708527670;guest
MSTH3Ko2Pqa4ELaWCAZn;votes-artistes;lrK8tSxZpQPYFTmIF7On;100;pending;2025-12-19T13:16:30.008Z;;guest
MV0ZuoMnWuSJn59glrv6;votes-artistes;oucOMPgDKDQR8GKDvFHJ;800;counted;2025-12-19T18:06:13.403Z;1337015293460830;guest
MbGHcOxH5YMMKpboMuou;votes-artistes;RIAr7Uw1uo74gAhWWM9c;1000;counted;2025-12-16T15:19:09.128Z;746745437188509;guest
Mgw76icZ38J2lPKZ8D0n;votes-artistes;RIAr7Uw1uo74gAhWWM9c;1500;counted;2025-12-18T22:20:35.606Z;9702227260728090;guest
MhzE4mfBMFwWgjOMDWqP;votes-artistes;GEVWzgnMyTnavWjEa6pg;200;counted;2025-12-16T21:17:37.215Z;5593700526983460;guest
MkqVCZYaGKWrM9n1W6LZ;votes-artistes;RIAr7Uw1uo74gAhWWM9c;1500;counted;2025-12-18T14:36:37.408Z;9312148020288930;guest
MkyfBKzlA9prF8i5PbP7;votes-artistes;TXBLgEfug2LJqx5MXWe4;3000;pending;2025-12-16T21:02:43.044Z;;guest
MmIxQwVKai52JWa7N3Qa;votes-artistes;GEVWzgnMyTnavWjEa6pg;2000;counted;2025-12-16T14:37:06.247Z;7203768153123520;guest
Mn6z91bo4PPYn7beQDs9;votes-artistes;GEVWzgnMyTnavWjEa6pg;2000;pending;2025-12-19T17:11:32.693Z;;guest
MoAKxIGCy8m1DMlmkBZb;votes-artistes;GEVWzgnMyTnavWjEa6pg;2000;counted;2025-12-24T10:52:33.335Z;4399434647020300;guest
MozvESeEwV7bvP54EkUl;votes-artistes;81cTWJpXQxqb1LcEQ9Nd;500;pending;2025-12-16T08:34:38.496Z;;guest
MtuoIixNMU9jqk1r6cQ4;votes-artistes;81cTWJpXQxqb1LcEQ9Nd;100;counted;2025-12-16T12:34:16.613Z;3196661093322660;guest
Mw2L93rfZMNqLC73YcLi;votes-artistes;TXBLgEfug2LJqx5MXWe4;200;counted;2025-12-16T21:14:38.547Z;3984402085326710;guest
MwzHk9s0tCxbcLRScWRe;votes-artistes;GEVWzgnMyTnavWjEa6pg;2000;pending;2025-12-19T22:32:07.089Z;;guest
N2HUqyR5vOjR1iCmfE4V;votes-artistes;oucOMPgDKDQR8GKDvFHJ;2000;counted;2025-12-23T19:03:20.680Z;7583185396530010;guest
NBXIwfuXJ9pzsdI6S80y;votes-artistes;lrK8tSxZpQPYFTmIF7On;100;counted;2025-12-20T01:09:32.062Z;6169654429667970;guest
NHlwUXtxHWPheqCTiMTy;votes-artistes;TXBLgEfug2LJqx5MXWe4;100;pending;2025-12-16T07:19:45.860Z;;guest
NPW2abPsEDJPz962s9vO;votes-artistes;6jJ1pd8NA2meRhVWW12M;2000;pending;2025-12-15T09:00:34.158Z;;guest
NPg6eefy0E4k1TvCVfur;votes-artistes;RIAr7Uw1uo74gAhWWM9c;200;pending;2025-12-16T10:32:11.551Z;;guest
NPqyRn6zukzk9mtE9xxp;votes-artistes;lrK8tSxZpQPYFTmIF7On;2000;counted;2025-12-16T13:43:36.404Z;7346916576509180;guest
NSzbiwuIIdBSNd6feOac;votes-artistes;oucOMPgDKDQR8GKDvFHJ;100;pending;2025-12-19T07:32:21.272Z;;guest
NVCF3mZzHYEO0bd8Ev0z;votes-artistes;TXBLgEfug2LJqx5MXWe4;100;pending;2025-12-15T14:06:29.888Z;;guest
NcKAtIA8ZkRmM7eKpFMd;votes-artistes;ANLYRIZ6gRU8LgLSyaRq;900;counted;2025-12-27T16:35:51.094Z;3068772789575970;guest
NlL71d84mz6XI7q6rFEl;votes-artistes;lrK8tSxZpQPYFTmIF7On;500;counted;2025-12-25T18:48:34.196Z;6493877519484530;guest
NlNaJsWGRA1DYQTjxQY6;votes-artistes;TXBLgEfug2LJqx5MXWe4;5000;pending;2025-12-16T10:31:42.006Z;;guest
NmKvUv0FsZ1OLzvtfWI1;votes-artistes;GEVWzgnMyTnavWjEa6pg;5000;pending;2025-12-15T11:38:16.419Z;;guest
NoIXZnPhYGKxW5a40Rqk;votes-artistes;oucOMPgDKDQR8GKDvFHJ;100;pending;2025-12-16T08:02:50.236Z;;guest
NqstF1Y1tA1yjWGWFCTG;votes-artistes;GEVWzgnMyTnavWjEa6pg;100;counted;2025-12-17T10:09:57.463Z;793634953645748;guest
NuGmcNzR55i4QHMo8wVh;votes-artistes;oucOMPgDKDQR8GKDvFHJ;500;counted;2025-12-20T04:59:29.003Z;8497944420072960;guest
Nux4f9lmu0iMk5XhgM0E;votes-artistes;lrK8tSxZpQPYFTmIF7On;100;counted;2025-12-20T07:06:33.276Z;6914102214683220;guest
NwKwt0VTOBGzjLHKYddZ;votes-artistes;GEVWzgnMyTnavWjEa6pg;500;counted;2025-12-23T22:55:10.359Z;5303332621440420;guest
Nyheyvz8hwWkULY6TFEs;votes-artistes;oucOMPgDKDQR8GKDvFHJ;100;pending;2025-12-15T20:15:56.971Z;;guest
Nz0dYPcK7wSqFiO9rMUB;votes-artistes;TXBLgEfug2LJqx5MXWe4;100;pending;2025-12-15T16:16:14.235Z;;guest
NzcUf66LhzmQ9AdgNOYR;votes-artistes;RIAr7Uw1uo74gAhWWM9c;100;counted;2025-12-17T15:48:44.057Z;168624164748800;guest
Nzuz3RcWHewxrgZbsgSK;votes-artistes;oucOMPgDKDQR8GKDvFHJ;100;pending;2025-12-15T10:19:45.884Z;;guest
O0VTtBJ3pxT8SztjSwrh;votes-artistes;oucOMPgDKDQR8GKDvFHJ;500;pending;2025-12-20T04:49:15.203Z;;guest
O1GP6yRt2QEsoTrK6Dw6;votes-artistes;oucOMPgDKDQR8GKDvFHJ;100;pending;2025-12-16T21:09:20.194Z;;guest
O1sd9D2MFINp1LAaFUWC;votes-artistes;oucOMPgDKDQR8GKDvFHJ;300;counted;2025-12-15T16:33:31.747Z;3579954649358130;guest
O5Crk19c88H46eV2pxj0;votes-artistes;GEVWzgnMyTnavWjEa6pg;100;pending;2025-12-19T10:10:13.642Z;;guest
OHEy7tycycl2MnnZehuc;votes-artistes;GEVWzgnMyTnavWjEa6pg;1000;counted;2025-12-18T07:28:03.421Z;7761055870989940;guest
OJCghF0DDB3GLat0t3NL;votes-artistes;GEVWzgnMyTnavWjEa6pg;700;pending;2025-12-28T19:36:09.316Z;;guest
OLbHlQumxbpMVPLXcTXy;votes-artistes;81cTWJpXQxqb1LcEQ9Nd;100;pending;2025-12-17T07:53:21.280Z;;guest
OPHh9Z9I7YPmIfM0aKlX;votes-artistes;zNIM4k3VP04xbhamFPva;100;counted;2025-12-15T07:58:38.586Z;997835932790203;guest
OQh9XFbiv1PP5v8oXtjY;votes-artistes;GEVWzgnMyTnavWjEa6pg;500;pending;2025-12-21T16:13:55.897Z;;guest
OTbSoN1qkShvdSqLPWs8;votes-artistes;6jJ1pd8NA2meRhVWW12M;2000;counted;2025-12-15T11:10:37.335Z;5234548072426780;guest
OVOaguNo0avkH6LPDTwx;votes-artistes;TXBLgEfug2LJqx5MXWe4;100;pending;2025-12-15T07:00:54.133Z;;guest
Oa72HUsrUkG2Lhukyv9m;votes-artistes;RIAr7Uw1uo74gAhWWM9c;200;counted;2025-12-17T18:41:34.068Z;7600910585658940;guest
ObaNaEsMME9t8jrNjqrT;votes-artistes;oucOMPgDKDQR8GKDvFHJ;2000;counted;2025-12-19T19:25:01.468Z;7750050776201910;guest
Od5EEAxRajkMJvkPnBQi;votes-artistes;TXBLgEfug2LJqx5MXWe4;100;counted;2025-12-16T20:19:31.635Z;9626182116890780;guest
OhNCzzrgOA4qhJdigcx8;votes-artistes;TXBLgEfug2LJqx5MXWe4;100;pending;2025-12-15T20:47:01.147Z;;guest
Ojm44GwUbH0RqNqXCr4Y;votes-artistes;TXBLgEfug2LJqx5MXWe4;1000;pending;2025-12-15T21:14:51.386Z;;guest
Ojxukirm8XqWWgy10tyj;votes-artistes;81cTWJpXQxqb1LcEQ9Nd;100;pending;2025-12-16T12:32:05.016Z;;guest
Oke4Hwee9HaFPaWOMLgp;votes-artistes;oucOMPgDKDQR8GKDvFHJ;500;counted;2025-12-16T12:22:46.147Z;9877087083142500;guest
OlQaRO46lTT6zmvVtars;votes-artistes;oucOMPgDKDQR8GKDvFHJ;100;pending;2025-12-17T15:36:12.694Z;;guest
OnfKWBYWFcIlD8nbb7uk;votes-artistes;TXBLgEfug2LJqx5MXWe4;7600;counted;2025-12-19T22:41:35.599Z;1179703211809780;guest
Oo8oQCcFk8qcxkopN0Z8;votes-artistes;lrK8tSxZpQPYFTmIF7On;100;pending;2025-12-16T12:04:37.087Z;;guest
OpH1DPGW6RpS14JEWcwX;votes-artistes;oucOMPgDKDQR8GKDvFHJ;100;counted;2025-12-16T12:25:40.251Z;174634459688700;guest
Ornfy3fw8hdN7P8fcNU8;votes-artistes;GEVWzgnMyTnavWjEa6pg;10000;counted;2025-12-19T22:56:47.365Z;2768848852753780;guest
OxiRjd619QzWKudsOZsu;votes-artistes;TXBLgEfug2LJqx5MXWe4;1000;pending;2025-12-17T19:57:43.439Z;;guest
P0AZJxjPJhtLuoMsDoFX;votes-artistes;GEVWzgnMyTnavWjEa6pg;300;counted;2025-12-18T11:22:20.975Z;2342052788063590;guest
P1hOe8GboaPLN2zyGebT;votes-artistes;oucOMPgDKDQR8GKDvFHJ;500;counted;2025-12-15T14:11:15.848Z;7122686007309360;guest
P2DGH7g6HAHDoX1r2vbw;votes-artistes;GEVWzgnMyTnavWjEa6pg;10000;counted;2025-12-28T22:42:57.596Z;9481061954867180;guest
P2oxuTb6ta2fztTS57Hh;votes-artistes;GEVWzgnMyTnavWjEa6pg;1000;counted;2025-12-15T12:15:52.815Z;9559292068375800;guest
P6HPjPIWKZXKLqKoCW3e;votes-artistes;oucOMPgDKDQR8GKDvFHJ;200;pending;2025-12-18T02:34:37.007Z;;guest
P7ZLY6WVxn0BtyruzsAy;votes-artistes;RIAr7Uw1uo74gAhWWM9c;4500;pending;2025-12-16T15:09:33.906Z;;guest
P7vbROHB6axSAq5WOHc7;votes-artistes;RIAr7Uw1uo74gAhWWM9c;100;pending;2025-12-15T17:11:46.303Z;;guest
P9ChADuqHGI2TW7twbIU;votes-artistes;GEVWzgnMyTnavWjEa6pg;100;counted;2025-12-17T02:02:34.258Z;1541514634551900;guest
PB5lT0JBsagf1wz1aQL5;votes-artistes;GEVWzgnMyTnavWjEa6pg;700;counted;2025-12-15T11:53:12.050Z;8479670274335360;guest
PDGfC2gGV1KdQnF9Wggh;votes-artistes;oucOMPgDKDQR8GKDvFHJ;100;pending;2025-12-16T09:25:32.777Z;;guest
PFif4a82CatR6nYyKNJ4;votes-artistes;ANLYRIZ6gRU8LgLSyaRq;100;pending;2025-12-17T22:48:06.631Z;;guest
PKRGsxdOziznx0iDPLzB;votes-artistes;RIAr7Uw1uo74gAhWWM9c;200;pending;2025-12-16T13:36:28.493Z;;guest
PLoTpjiSSdthq1IrO0Ky;votes-artistes;oucOMPgDKDQR8GKDvFHJ;7000;pending;2025-12-19T22:40:00.402Z;;guest
PNDk7Wv6AeQwqLh8s4NW;votes-artistes;oucOMPgDKDQR8GKDvFHJ;100;pending;2025-12-19T19:26:00.194Z;;guest
PPvVeqOb6c32fSqbH7PF;votes-artistes;zNIM4k3VP04xbhamFPva;10000;pending;2025-12-18T18:11:47.308Z;;guest
PRJclV5DU55u94YeJoHO;votes-artistes;oucOMPgDKDQR8GKDvFHJ;100;pending;2025-12-15T22:14:49.308Z;;guest
PWrVIClPRrpGTvJB06ck;votes-artistes;lrK8tSxZpQPYFTmIF7On;100;pending;2025-12-16T13:11:01.531Z;;guest
Pd3MbFVdeaJ7aIEHcr9S;votes-artistes;GEVWzgnMyTnavWjEa6pg;100;pending;2025-12-15T08:13:58.742Z;;guest
Pf0EImVgm9uvKyY76Fm6;votes-artistes;lrK8tSxZpQPYFTmIF7On;1000;counted;2025-12-25T01:21:34.282Z;2726442716284310;guest
PfD8m6ytkyFidUy6rM3n;votes-artistes;oucOMPgDKDQR8GKDvFHJ;500;pending;2025-12-19T20:56:45.367Z;;guest
Pif1GMi5AaVh3e01lwWf;votes-artistes;8dxIvMVLsBZNKKBQiNFE;1000;pending;2025-12-15T19:05:16.444Z;;guest
PmCB4ltX2Uc72jQOxC2k;votes-artistes;oucOMPgDKDQR8GKDvFHJ;100;counted;2025-12-16T10:25:16.819Z;605228605617151;guest
PmEjkyGFVw2o925dCxFX;votes-artistes;GEVWzgnMyTnavWjEa6pg;2000;pending;2025-12-18T12:39:07.996Z;;guest
PnJpOurH3kSdwuxUBqlg;votes-artistes;TXBLgEfug2LJqx5MXWe4;100;counted;2025-12-16T20:53:53.352Z;3115977859958810;guest
PpFoHnEvLwt3cu6YPOnp;votes-artistes;RIAr7Uw1uo74gAhWWM9c;1000;counted;2025-12-17T00:23:02.068Z;1989692454486160;guest
Pq5YyJzbFK9hv0jmvmu7;votes-artistes;GEVWzgnMyTnavWjEa6pg;100;counted;2025-12-24T07:40:19.803Z;9298150777757760;guest
PrlNrjJKXfnXkdYrmwBY;votes-artistes;oucOMPgDKDQR8GKDvFHJ;3000;pending;2025-12-19T19:37:09.325Z;;guest
Pt20q6ytvBuKukWuzmFV;votes-artistes;GEVWzgnMyTnavWjEa6pg;200;counted;2025-12-15T09:54:57.347Z;5881854721504260;guest
PwaKyyMKW87LBgtY1nX5;votes-artistes;lrK8tSxZpQPYFTmIF7On;1000;counted;2025-12-16T13:40:27.609Z;1959830067456890;guest
PyenNTjhIkKWrCm8mlpi;votes-artistes;GEVWzgnMyTnavWjEa6pg;2000;counted;2025-12-15T21:01:38.194Z;576795355817445;guest
Q0EGbCjKYt9IiaDPBt77;votes-artistes;GEVWzgnMyTnavWjEa6pg;2000;counted;2025-12-17T07:24:11.718Z;14897209471764;guest
Q0trvOmqNiBJoMrkZT9I;votes-artistes;RIAr7Uw1uo74gAhWWM9c;1000;counted;2025-12-16T06:29:54.552Z;4650451161692450;guest
Q4dP0BIklRPfwEp4EIdw;votes-artistes;TXBLgEfug2LJqx5MXWe4;3000;pending;2025-12-15T15:07:57.620Z;;guest
QAJVe0VSqDvKTZA7NSo2;votes-artistes;TXBLgEfug2LJqx5MXWe4;100;counted;2025-12-17T20:07:29.175Z;8830222218929330;guest
QGMZZCPYZtgQSHqJ9PVN;votes-artistes;ANLYRIZ6gRU8LgLSyaRq;200;counted;2025-12-15T07:10:21.056Z;9549364363090610;guest
QIXmp2Yu8YPQRiP4Iqlf;votes-artistes;oucOMPgDKDQR8GKDvFHJ;1000;pending;2025-12-18T09:02:18.459Z;;guest
QLPdNDGqml5snAza6qfj;votes-artistes;GEVWzgnMyTnavWjEa6pg;500;pending;2025-12-15T11:28:24.129Z;;guest
QM86aAai3Skp8TFtleXw;votes-artistes;RIAr7Uw1uo74gAhWWM9c;500;counted;2025-12-16T16:43:04.023Z;2870065874571890;guest
QOGwuXYf7ozGh1YUKGcR;votes-artistes;TXBLgEfug2LJqx5MXWe4;100;counted;2025-12-15T11:09:23.883Z;6271466559606590;guest
QOylFbsXnhxwYu367pFC;votes-artistes;oucOMPgDKDQR8GKDvFHJ;1000;counted;2025-12-18T19:44:52.126Z;758234467939690;guest
QPdqk2hTAbjxFi1KB2mB;votes-artistes;GEVWzgnMyTnavWjEa6pg;500;counted;2025-12-27T08:50:18.823Z;2584967260852780;guest
QehtXjyMOMpS0V57hr54;votes-artistes;oucOMPgDKDQR8GKDvFHJ;100;counted;2025-12-15T12:01:16.870Z;6941694611386570;guest
QgzuHAghEKPRIkMjAzHC;votes-artistes;RIAr7Uw1uo74gAhWWM9c;500;counted;2025-12-18T16:02:44.520Z;1303854634853830;guest
Qi9HOeqs2MyyOTuIAABb;votes-artistes;TXBLgEfug2LJqx5MXWe4;400;counted;2025-12-16T20:49:38.327Z;1332399880171880;guest
QmZOqMvGPhwjUleH6WVv;votes-artistes;R3DRrtGPGfw8jsQxG4r8;2000;pending;2025-12-15T15:38:13.451Z;;guest
QwIOW87YaFZdQZErUmWV;votes-artistes;TXBLgEfug2LJqx5MXWe4;100;pending;2025-12-15T09:24:05.817Z;;guest
R0f6IH2E1ZsS0qAD44Zj;votes-artistes;RIAr7Uw1uo74gAhWWM9c;100;pending;2025-12-18T16:42:07.536Z;;guest
R2J8QS52kmwRD922y2IR;votes-artistes;oucOMPgDKDQR8GKDvFHJ;1000;counted;2025-12-16T16:21:07.886Z;9160692894066400;guest
R9YJYdKFM7h7PXnQHbDL;votes-artistes;R3DRrtGPGfw8jsQxG4r8;100;counted;2025-12-15T13:19:52.666Z;443337747830285;guest
RCFMxHvAw67uciqvt081;votes-artistes;GEVWzgnMyTnavWjEa6pg;100;pending;2025-12-21T10:35:06.335Z;;guest
RGKTPmcV0KECj8jG1bgD;votes-artistes;GEVWzgnMyTnavWjEa6pg;500;counted;2025-12-19T09:00:16.290Z;5014459414605820;guest
RO71qkP0aebCHv5Kxzin;votes-artistes;RIAr7Uw1uo74gAhWWM9c;2000;counted;2025-12-15T12:07:28.004Z;2961366344962540;guest
ROTUcOveZEIebHcD6rMF;votes-artistes;ANLYRIZ6gRU8LgLSyaRq;100;pending;2025-12-15T06:47:31.489Z;;guest
ROUQdH66Y07UaU3OLWEd;votes-artistes;TXBLgEfug2LJqx5MXWe4;1000;counted;2025-12-16T20:00:09.136Z;8434901902431760;guest
RPiBfgXFWMPfVBvuftLm;votes-artistes;oucOMPgDKDQR8GKDvFHJ;100;pending;2025-12-19T20:58:03.024Z;;guest
RQNoyY0rbHW5tsFVNiiD;votes-artistes;oucOMPgDKDQR8GKDvFHJ;500;counted;2025-12-19T07:04:49.806Z;9212169099197390;guest
RVgzxbzUWhUJxD3kJ7CC;votes-artistes;TXBLgEfug2LJqx5MXWe4;100;pending;2025-12-18T14:41:08.928Z;;guest
RVtJBBDTJeMmUutTdoDA;votes-artistes;RIAr7Uw1uo74gAhWWM9c;100;counted;2025-12-15T18:07:22.333Z;6017126346052870;guest
RYuLqjY6u4zAvpZG4LEF;votes-artistes;TXBLgEfug2LJqx5MXWe4;10000;pending;2025-12-19T22:09:02.019Z;;guest
RaFvFwZzeQMUlIy5jgF7;votes-artistes;GEVWzgnMyTnavWjEa6pg;100;counted;2025-12-18T08:18:39.311Z;5325245387658740;guest
RdJwtfyv8GYEJwHRBXE5;votes-artistes;RIAr7Uw1uo74gAhWWM9c;1000;counted;2025-12-16T08:37:52.366Z;2365045644124980;guest
ReVW1hcOxaRXIVjWPJQS;votes-artistes;oucOMPgDKDQR8GKDvFHJ;200;counted;2025-12-15T14:07:10.152Z;9905205318062350;guest
RhXxVwOQaigmXaNGFcVW;votes-artistes;TXBLgEfug2LJqx5MXWe4;300;counted;2025-12-15T10:14:31.387Z;6919276727007610;guest
RipigHWqya41stMW8e8U;votes-artistes;RIAr7Uw1uo74gAhWWM9c;100;pending;2025-12-21T09:37:20.467Z;;guest
Rj7mgckbbkmsEYlnIMgr;votes-artistes;RIAr7Uw1uo74gAhWWM9c;100;pending;2025-12-15T18:05:47.333Z;;guest
RjFmVzXYiHpPyzNJRk3p;votes-artistes;oucOMPgDKDQR8GKDvFHJ;300;pending;2025-12-15T13:21:16.811Z;;guest
Rm75dcLpZzaMf3H60GBt;votes-artistes;GEVWzgnMyTnavWjEa6pg;500;pending;2025-12-19T22:48:02.047Z;;guest
RnQto6WJdrOWsRhhbmGs;votes-artistes;oucOMPgDKDQR8GKDvFHJ;100;pending;2025-12-15T22:46:12.141Z;;guest
RpfZVWfMzPUvihJSW0dE;votes-artistes;oucOMPgDKDQR8GKDvFHJ;200;counted;2025-12-19T21:47:34.583Z;4681506847211420;guest
Rrs20kBAriEpfDmQPhOz;votes-artistes;oucOMPgDKDQR8GKDvFHJ;100;pending;2025-12-17T06:00:26.969Z;;guest
Ru53bl98TqZ5la1zFMwV;votes-artistes;RIAr7Uw1uo74gAhWWM9c;100;pending;2025-12-19T00:47:20.991Z;;guest
RxF6F7hJej4vEr9sZwsx;votes-artistes;RIAr7Uw1uo74gAhWWM9c;100;counted;2025-12-16T13:50:26.855Z;2507774004560770;guest
S2fK9QnVS41Zq9vsalBu;votes-artistes;zNIM4k3VP04xbhamFPva;200;counted;2025-12-19T11:52:44.527Z;8561285219294270;guest
S46YkpePhkOsCydDlmBP;votes-artistes;GEVWzgnMyTnavWjEa6pg;500;pending;2025-12-15T12:45:44.999Z;;guest
S6GqaHeOrEavwJ5SUA29;votes-artistes;R3DRrtGPGfw8jsQxG4r8;100;pending;2025-12-15T13:36:18.574Z;;guest
S7JOCAzknyECApvOmrWw;votes-artistes;lrK8tSxZpQPYFTmIF7On;100;pending;2025-12-17T11:04:02.279Z;;guest
SC0lyXbd6ptpUDUdhaik;votes-artistes;TXBLgEfug2LJqx5MXWe4;4300;pending;2025-12-15T07:39:14.699Z;;guest
SERGK9L6sC5TuhGXcUY2;votes-artistes;aUt5Vh29CsUcstBHEF8H;200;counted;2025-12-16T17:27:46.150Z;4350986804548670;guest
SH45NEvOXrfNaEYQyIyw;votes-artistes;lrK8tSxZpQPYFTmIF7On;1000;counted;2025-12-16T13:02:56.281Z;1210878579667000;guest
SK8wKGtnBW7x89AWFkSL;votes-artistes;lrK8tSxZpQPYFTmIF7On;100;counted;2025-12-20T07:57:17.382Z;3184580024660530;guest
SNxkXoKUHUSlF1JKlr6J;votes-artistes;oucOMPgDKDQR8GKDvFHJ;500000;pending;2025-12-19T21:58:51.094Z;;guest
SOGPgbs5qLslywf345bT;votes-artistes;RIAr7Uw1uo74gAhWWM9c;100;pending;2025-12-15T11:33:12.553Z;;guest
SYeDhBlAGDw6uru219uP;votes-artistes;TXBLgEfug2LJqx5MXWe4;100;counted;2025-12-15T18:27:19.753Z;8160813778280540;guest
SbHm1MNa0MDEdFgpR7zI;votes-artistes;6jJ1pd8NA2meRhVWW12M;500;counted;2025-12-15T07:49:51.856Z;3019284108369280;guest
SbtKDrjTkDsMG2ZUsjZ0;votes-artistes;TXBLgEfug2LJqx5MXWe4;100;pending;2025-12-15T08:22:49.815Z;;guest
Sc4941EevigqCKct1JB5;votes-artistes;GEVWzgnMyTnavWjEa6pg;2000;pending;2025-12-17T11:34:26.665Z;;guest
ScJ9nuVHZg5Qix8HSEyX;votes-artistes;GEVWzgnMyTnavWjEa6pg;100;pending;2025-12-15T16:16:36.623Z;;guest
Sd6q0oI5Ri1q2oIOgV5e;votes-artistes;TXBLgEfug2LJqx5MXWe4;900;counted;2025-12-16T22:15:53.194Z;8783514386996470;guest
SdbbNP96xWT2kz1NwMGo;votes-artistes;oucOMPgDKDQR8GKDvFHJ;100;counted;2025-12-16T18:17:29.153Z;9226206700504580;guest
SdldUBQGB21Ny5WfB8o5;votes-artistes;lrK8tSxZpQPYFTmIF7On;200;pending;2025-12-19T22:38:50.014Z;;guest
SgvYsnQYZTMOZMXl0Qxp;votes-artistes;oucOMPgDKDQR8GKDvFHJ;2000;counted;2025-12-18T10:47:25.575Z;974617768621118;guest
SkVGCqY0BrmIlZ9MqPKf;votes-artistes;oucOMPgDKDQR8GKDvFHJ;100;pending;2025-12-15T11:16:06.732Z;;guest
Sqfuy8QivZoH28NtxX0q;votes-artistes;TXBLgEfug2LJqx5MXWe4;100;pending;2025-12-15T07:43:14.830Z;;guest
Sr9dzKycomXMunywNKV1;votes-artistes;GEVWzgnMyTnavWjEa6pg;500;pending;2025-12-15T08:25:00.491Z;;guest
SsGcYck9XfOQd219uqEe;votes-artistes;GEVWzgnMyTnavWjEa6pg;500;counted;2025-12-18T19:19:09.626Z;5360486704390520;guest
StsHyHEOxf9F2gJDnQ0K;votes-artistes;TXBLgEfug2LJqx5MXWe4;100;pending;2025-12-18T10:40:44.882Z;;guest
StviCGSIcFFsxvEsLmV1;votes-artistes;TXBLgEfug2LJqx5MXWe4;100;pending;2025-12-15T16:54:04.073Z;;guest
SyVN3c63xvTXfEau04vP;votes-artistes;GEVWzgnMyTnavWjEa6pg;100;pending;2025-12-22T19:00:08.072Z;;guest
T2qMdqV55XC0IrTG6iht;votes-artistes;GEVWzgnMyTnavWjEa6pg;1000;counted;2025-12-15T08:06:44.004Z;2892166150698540;guest
T4vL0djxFPPJUmyDOatj;votes-artistes;RIAr7Uw1uo74gAhWWM9c;500;counted;2025-12-19T19:49:14.836Z;6558399920904240;guest
T7dxvdd5YtU292SY8iCc;votes-artistes;oucOMPgDKDQR8GKDvFHJ;100;pending;2025-12-15T16:46:13.489Z;;guest
T9RgPBUBb92xJWov5K2w;votes-artistes;GEVWzgnMyTnavWjEa6pg;1000;pending;2025-12-15T03:07:12.299Z;;guest
T9hzWDpqk2SBYgWP4G4d;votes-artistes;TXBLgEfug2LJqx5MXWe4;100;pending;2025-12-19T09:56:59.937Z;;guest
TBXl6B6PCfYHphVW2pn7;votes-artistes;oucOMPgDKDQR8GKDvFHJ;100;counted;2025-12-15T10:29:56.999Z;9240154385070100;guest
TCboN3IWW7nQtjgGrBNS;votes-artistes;TXBLgEfug2LJqx5MXWe4;100;pending;2025-12-15T10:23:45.544Z;;guest
TEeue3NrsaXnhXiIXH6X;votes-artistes;RIAr7Uw1uo74gAhWWM9c;100;pending;2025-12-26T12:28:27.964Z;;guest
TTsN3tn5bqQDdMLwrEI0;votes-artistes;oucOMPgDKDQR8GKDvFHJ;1000;counted;2025-12-15T16:49:40.231Z;8100763948027750;guest
TUJT4lq1qmccltdQHHLw;votes-artistes;lrK8tSxZpQPYFTmIF7On;100;pending;2025-12-20T15:38:16.902Z;;guest
TV8DzDnxsleO3axdLcYi;votes-artistes;GEVWzgnMyTnavWjEa6pg;5000;counted;2025-12-28T22:28:03.294Z;6404921172850570;guest
TYOJNbZ4ioPp2hvfnzui;votes-artistes;TXBLgEfug2LJqx5MXWe4;100;pending;2025-12-17T20:01:37.593Z;;guest
TZ0Luoq7Khdf3Ah0CAdl;votes-artistes;oucOMPgDKDQR8GKDvFHJ;500;counted;2025-12-16T16:58:57.156Z;7192483588796600;guest
TaWkiDyFTHRE4jinQ2KW;votes-artistes;GEVWzgnMyTnavWjEa6pg;100;counted;2025-12-15T17:45:52.640Z;659393734579002;guest
TgQAGzu0qKSVxwE8bFzl;votes-artistes;TXBLgEfug2LJqx5MXWe4;900;counted;2025-12-17T12:58:14.737Z;3044914748583530;guest
To5TAvtac0IvQ6Me2GaK;votes-artistes;oucOMPgDKDQR8GKDvFHJ;200;counted;2025-12-18T09:55:49.295Z;8128536765956620;guest
TplsVKkJ5ftzBMtJPxqn;votes-artistes;oucOMPgDKDQR8GKDvFHJ;100;pending;2025-12-15T09:04:59.744Z;;guest
TrH0RTUcCeWos6lqL7b9;votes-artistes;GEVWzgnMyTnavWjEa6pg;2500;pending;2025-12-17T19:33:17.384Z;;guest
TrQHFPBdDhB5Y1cwIofE;votes-artistes;aUt5Vh29CsUcstBHEF8H;100;counted;2025-12-15T11:50:57.669Z;9774082005657210;guest
TrcDHGvdPUgujBZsuypp;votes-artistes;oucOMPgDKDQR8GKDvFHJ;100;counted;2025-12-19T20:47:16.455Z;1312789395232280;guest
U12WPZFei8GwFRViqv1o;votes-artistes;TXBLgEfug2LJqx5MXWe4;100;pending;2025-12-21T09:48:37.997Z;;guest
U1iqXz9UiL2MYzGiXQcg;votes-artistes;TXBLgEfug2LJqx5MXWe4;10000;pending;2025-12-16T20:34:42.641Z;;guest
U5bk2nf76XufbGjS44ZK;votes-artistes;TXBLgEfug2LJqx5MXWe4;1500;counted;2025-12-19T22:53:24.135Z;8199542560276850;guest
U5sI8xUEnKKpEiZHRp93;votes-artistes;GEVWzgnMyTnavWjEa6pg;600;pending;2025-12-17T09:54:30.621Z;;guest
U7AB4JfH58O0Sk6VqM2a;votes-artistes;oucOMPgDKDQR8GKDvFHJ;5000;pending;2025-12-18T20:31:22.180Z;;guest
U8QlWP91zJoKS1z3oT8e;votes-artistes;TXBLgEfug2LJqx5MXWe4;100;pending;2025-12-15T21:32:12.267Z;;guest
UGzdYp0U6uf7LD4wlCfB;votes-artistes;oucOMPgDKDQR8GKDvFHJ;200;pending;2025-12-24T05:41:22.223Z;;guest
UOSNfoZmWJwCbqFhhoX2;votes-artistes;TXBLgEfug2LJqx5MXWe4;1000;pending;2025-12-19T23:16:05.473Z;;guest
UUAIGlvXTuE6Xude0aHn;votes-artistes;TXBLgEfug2LJqx5MXWe4;900;counted;2025-12-16T21:33:48.800Z;2870191341232170;guest
UUFn99ffQRFB45f8vJT6;votes-artistes;zNIM4k3VP04xbhamFPva;300;pending;2025-12-20T10:18:34.731Z;;guest
UXxvim2ql8Ca6RZsqBF7;votes-artistes;TXBLgEfug2LJqx5MXWe4;100;pending;2025-12-18T20:27:21.604Z;;guest
UXyaUC9kbI6pAZZ3znKX;votes-artistes;TXBLgEfug2LJqx5MXWe4;14500;pending;2025-12-19T22:55:13.657Z;;guest
UZGyJPofmUpKFLAgZLYa;votes-artistes;zNIM4k3VP04xbhamFPva;100;counted;2025-12-15T12:14:28.119Z;8227276634432090;guest
UhXDMthlqybpWELhA2Ql;votes-artistes;TXBLgEfug2LJqx5MXWe4;100;pending;2025-12-15T14:14:12.274Z;;guest
Uigz7tewqbH3lYwK3q89;votes-artistes;RIAr7Uw1uo74gAhWWM9c;200;counted;2025-12-15T17:13:51.800Z;4391146143586670;guest
UjOgxamW5AHloPjHTtPv;votes-artistes;oucOMPgDKDQR8GKDvFHJ;500;counted;2025-12-15T18:31:45.079Z;4678417614993560;guest
UlybmPNI8KZAVV0n6zJI;votes-artistes;oucOMPgDKDQR8GKDvFHJ;500;counted;2025-12-19T10:41:23.106Z;6431520852440380;guest
UpMzeysI0Kc9E9WAzrr2;votes-artistes;R3DRrtGPGfw8jsQxG4r8;5000;pending;2025-12-15T15:51:29.078Z;;guest
UpTcmHzP1ohM2jMMDtUt;votes-artistes;RIAr7Uw1uo74gAhWWM9c;500;counted;2025-12-19T13:39:28.172Z;8637809336196210;guest
Uqvhdhd6YuTQ9Sq5W2Ki;votes-artistes;TXBLgEfug2LJqx5MXWe4;300;counted;2025-12-17T20:28:38.953Z;6993817874555140;guest
UtorQiIaClNijcQD0nrO;votes-artistes;GEVWzgnMyTnavWjEa6pg;100;pending;2025-12-15T17:00:55.266Z;;guest
UvHxLNYx4jqAHSAlKWDv;votes-artistes;lrK8tSxZpQPYFTmIF7On;100;counted;2025-12-20T15:39:10.901Z;2120871022062060;guest
V0km1dEBNvTLThPLNLHJ;votes-artistes;TXBLgEfug2LJqx5MXWe4;100;counted;2025-12-16T11:55:11.534Z;3363206673246130;guest
V10Rtf9mHV6dRpKmBQNS;votes-artistes;GEVWzgnMyTnavWjEa6pg;500;counted;2025-12-17T08:09:09.112Z;702340227623602;guest
V2BjaHpS5y4vV4cCDra1;votes-artistes;TXBLgEfug2LJqx5MXWe4;100;counted;2025-12-19T23:19:28.907Z;7499357525283060;guest
V2jqsDCnuGKTnTt6TjoM;votes-artistes;oucOMPgDKDQR8GKDvFHJ;1000;counted;2025-12-18T10:46:47.899Z;2525273197353100;guest
V4ECmCzwdlPkzHUEmi5n;votes-artistes;ANLYRIZ6gRU8LgLSyaRq;100;pending;2025-12-15T07:02:43.717Z;;guest
V6oDT6KtXKKee6g6wkQM;votes-artistes;RIAr7Uw1uo74gAhWWM9c;200;pending;2025-12-16T17:29:55.803Z;;guest
VA2I2aT6df9YUhczx6Sc;votes-artistes;lrK8tSxZpQPYFTmIF7On;800;pending;2025-12-20T05:26:51.144Z;;guest
VDvCQnX8tdBRoUCXpKtm;votes-artistes;GEVWzgnMyTnavWjEa6pg;500;counted;2025-12-17T07:36:57.829Z;938440693737203;guest
VEbXSkjhAag0wnt2gg8P;votes-artistes;Flxp9DD0iv0dzZaP0P2F;100;pending;2025-12-19T22:12:05.642Z;;guest
VID1r2TeqgHKXg49cEUq;votes-artistes;lrK8tSxZpQPYFTmIF7On;100;pending;2025-12-16T14:49:24.670Z;;guest
VIlxkDlsSxIEVL3Gxetl;votes-artistes;oucOMPgDKDQR8GKDvFHJ;400;counted;2025-12-18T20:31:14.853Z;1124005034374380;guest
VJfcARGY1FSyucOd3MmK;votes-artistes;RIAr7Uw1uo74gAhWWM9c;500;counted;2025-12-16T16:32:49.578Z;3775215087784720;guest
VKVn53f3lhrF9kqYAtNs;votes-artistes;zNIM4k3VP04xbhamFPva;100;counted;2025-12-20T10:19:59.187Z;2845558708060330;guest
VMfz5hV0xV4XjxVn2WqA;votes-artistes;GEVWzgnMyTnavWjEa6pg;100;counted;2025-12-22T13:49:32.470Z;3485542224081830;guest
VMmIXmGuZqxDgIhLs9eb;votes-artistes;lrK8tSxZpQPYFTmIF7On;700;counted;2025-12-16T12:59:08.814Z;6096230648992620;guest
VP8mMrpdlDZsUuWgw8N3;votes-artistes;oucOMPgDKDQR8GKDvFHJ;5000;counted;2025-12-16T20:02:52.070Z;7444440976480320;guest
VQneL4UqtbZdyn7Is9F6;votes-artistes;RIAr7Uw1uo74gAhWWM9c;5000;counted;2025-12-16T09:43:33.371Z;6254432378531570;guest
VTVui5PVCeueijtH7CSs;votes-artistes;oucOMPgDKDQR8GKDvFHJ;100;pending;2025-12-16T21:16:17.140Z;;guest
VVZtG7CPj5UM8jNehaGV;votes-artistes;oucOMPgDKDQR8GKDvFHJ;500;counted;2025-12-15T08:42:58.446Z;332811425184514;guest
VagNGolUtDApx15mcLhw;votes-artistes;oucOMPgDKDQR8GKDvFHJ;100;pending;2025-12-15T18:42:16.497Z;;guest
VahiVS6AIgDxS8Z2xoCD;votes-artistes;lrK8tSxZpQPYFTmIF7On;5000;counted;2025-12-16T19:17:07.173Z;6187874788262040;guest
VfDSysbNSTtoNpm3NYlX;votes-artistes;GEVWzgnMyTnavWjEa6pg;2000;pending;2025-12-19T18:44:46.662Z;;guest
VhH40D2AGhRQvzH5h4j5;votes-artistes;oucOMPgDKDQR8GKDvFHJ;700;pending;2025-12-16T10:17:43.356Z;;guest
ViLaj1XLuqNhz8cTBmws;votes-artistes;TXBLgEfug2LJqx5MXWe4;200;pending;2025-12-19T21:24:44.928Z;;guest
VkabqR4RQO2a8DfNcufr;votes-artistes;GEVWzgnMyTnavWjEa6pg;2000;counted;2025-12-19T22:40:49.937Z;5535969625910650;guest
Vn5qPRu5bokuoaYbrTGB;votes-artistes;oucOMPgDKDQR8GKDvFHJ;600;counted;2025-12-28T19:49:04.766Z;918855921015805;guest
Vz6MIBMNS2GvHDdFPZSQ;votes-artistes;RIAr7Uw1uo74gAhWWM9c;100;counted;2025-12-17T21:32:01.659Z;9600745960220270;guest
VzqLPLAXf8BNsmq1jxMf;votes-artistes;GEVWzgnMyTnavWjEa6pg;1000;pending;2025-12-18T09:10:52.377Z;;guest
W57Yax0UDmMpgA3miE7D;votes-artistes;GEVWzgnMyTnavWjEa6pg;100;pending;2025-12-15T20:02:57.970Z;;guest
W5T2L4XKZGPzt2C2Wr9Z;votes-artistes;GEVWzgnMyTnavWjEa6pg;1000;pending;2025-12-18T09:11:20.266Z;;guest
W92ur1JtlBEO9TEQDCLg;votes-artistes;R3DRrtGPGfw8jsQxG4r8;100;pending;2025-12-15T06:37:55.442Z;;guest
WBeSpucgyjxoVedaxfNQ;votes-artistes;TXBLgEfug2LJqx5MXWe4;100;counted;2025-12-16T20:51:21.318Z;1673662173385170;guest
WCQgIJr0izTvT13tFIO3;votes-artistes;RIAr7Uw1uo74gAhWWM9c;500;counted;2025-12-19T12:10:46.266Z;4235242949362530;guest
WEwTByugEUjAWzlVBsuE;votes-artistes;oucOMPgDKDQR8GKDvFHJ;100;pending;2025-12-19T11:59:25.858Z;;guest
WGW90aXhOb5FsZrKBKdG;votes-artistes;TXBLgEfug2LJqx5MXWe4;500;pending;2025-12-15T07:45:53.059Z;;guest
WJRMMnAEeFgdHGDl8jP0;votes-artistes;GEVWzgnMyTnavWjEa6pg;5000;counted;2025-12-19T22:50:55.044Z;9797630507593930;guest
WMLSi1MzFBUcUJF7AjjE;votes-artistes;GEVWzgnMyTnavWjEa6pg;1000;pending;2025-12-22T15:15:33.616Z;;guest
WMlXDSZ5BMdH8DpsZN03;votes-artistes;RIAr7Uw1uo74gAhWWM9c;1000;pending;2025-12-16T06:27:06.625Z;;guest
WNIFGr6UUUiFeigfYqYX;votes-artistes;oucOMPgDKDQR8GKDvFHJ;200;pending;2025-12-15T11:37:44.238Z;;guest
WNSFtkRHcNahhyPEMdE1;votes-artistes;TXBLgEfug2LJqx5MXWe4;5000;counted;2025-12-19T22:51:15.655Z;9811899212040640;guest
WQSOoSuVZDGmfHE5Se3A;votes-artistes;oucOMPgDKDQR8GKDvFHJ;200;counted;2025-12-15T17:43:26.153Z;8273071349295590;guest
WRYcrU1s0lvr2G3rrci8;votes-artistes;zNIM4k3VP04xbhamFPva;100;counted;2025-12-15T12:13:09.859Z;9160476936028220;guest
WTHH3FsRV2EgDXuA72mY;votes-artistes;oucOMPgDKDQR8GKDvFHJ;100;counted;2025-12-15T16:46:14.350Z;3230832404221230;guest
WYqHrDC9bGLRzZBaMEaK;votes-artistes;RIAr7Uw1uo74gAhWWM9c;100;pending;2025-12-19T07:45:11.221Z;;guest
WZ5CNL8XDjv98cD2PraO;votes-artistes;GEVWzgnMyTnavWjEa6pg;500;pending;2025-12-18T09:26:17.639Z;;guest
WZCsIIUJwyWrf7cWlrKA;votes-artistes;RIAr7Uw1uo74gAhWWM9c;200;counted;2025-12-16T13:43:10.198Z;5858503793514430;guest
WZVmjsYTi8Jlr74qw3DZ;votes-artistes;GEVWzgnMyTnavWjEa6pg;200;counted;2025-12-18T08:22:25.854Z;1634543656648110;guest
Wa984lyu8wh6RMpGw22W;votes-artistes;TXBLgEfug2LJqx5MXWe4;500;counted;2025-12-18T10:40:42.358Z;1586231760032320;guest
Wb82G2TIQGYkw1ofGUjG;votes-artistes;GEVWzgnMyTnavWjEa6pg;1000;pending;2025-12-19T09:14:56.884Z;;guest
WbFju2ALiFnJLTgD8GJw;votes-artistes;RIAr7Uw1uo74gAhWWM9c;5000;pending;2025-12-16T15:11:40.418Z;;guest
WexBVdr967BiCLWaffEl;votes-artistes;GEVWzgnMyTnavWjEa6pg;2000;pending;2025-12-19T21:01:25.162Z;;guest
WkCQaFt77NuKyRcAsPje;votes-artistes;GEVWzgnMyTnavWjEa6pg;100;counted;2025-12-23T14:41:06.651Z;697984597491417;guest
WltLhqKZ8Ve7JaNVGuXL;votes-artistes;lrK8tSxZpQPYFTmIF7On;500;counted;2025-12-20T14:47:34.509Z;5135886451552780;guest
WmBbfeyYbaQiwGAUhWg0;votes-artistes;RIAr7Uw1uo74gAhWWM9c;1000;counted;2025-12-17T19:24:43.429Z;5804253434007270;guest
WnaLTlfYgnAp9MDZpQAx;votes-artistes;GEVWzgnMyTnavWjEa6pg;100;pending;2025-12-15T16:17:17.570Z;;guest
Ws3u8zlcREJiUU0LkcWB;votes-artistes;GEVWzgnMyTnavWjEa6pg;100;counted;2025-12-22T11:55:57.927Z;924513626374592;guest
Wu3vPon1C15jBAS4lmfq;votes-artistes;RIAr7Uw1uo74gAhWWM9c;100;counted;2025-12-18T21:14:10.281Z;9743621261988100;guest
Wud6aHEo7Oeoh6jz0H3t;votes-artistes;lrK8tSxZpQPYFTmIF7On;300;counted;2025-12-16T12:55:09.750Z;5742770019779170;guest
WuqfJwyUGRepfIAckoxZ;votes-artistes;GEVWzgnMyTnavWjEa6pg;900;counted;2025-12-19T19:05:01.040Z;811799215576052;guest
X4XcJydcaFjW9Z38VCLL;votes-artistes;oucOMPgDKDQR8GKDvFHJ;100;pending;2025-12-19T20:19:54.931Z;;guest
XEdwMKmyh4M331A7oAlF;votes-artistes;GEVWzgnMyTnavWjEa6pg;100;counted;2025-12-15T18:33:50.714Z;6951693702268590;guest
XIDyFKqFXTFMdwdLhmeX;votes-artistes;lrK8tSxZpQPYFTmIF7On;100;pending;2025-12-27T00:27:32.833Z;;guest
XNHqPpJZRsw1iJ3I9DwB;votes-artistes;RIAr7Uw1uo74gAhWWM9c;1000;counted;2025-12-22T10:12:57.863Z;7392819689403070;guest
XPya8EM6bHSdIHe6wwBz;votes-artistes;TXBLgEfug2LJqx5MXWe4;2000;counted;2025-12-17T13:30:34.032Z;7391307723192610;guest
XdXTxOGSXyZZnwyA6SB4;votes-artistes;TXBLgEfug2LJqx5MXWe4;100;pending;2025-12-16T19:10:35.141Z;;guest
XgvN0y16gm8zUa0wweNI;votes-artistes;RIAr7Uw1uo74gAhWWM9c;200;pending;2025-12-15T12:21:12.251Z;;guest
XhdIDVFxAg95eiOvDhNh;votes-artistes;GEVWzgnMyTnavWjEa6pg;100;pending;2025-12-17T09:20:37.208Z;;guest
XlOYplevyLbA7PFq1Wcv;votes-artistes;GEVWzgnMyTnavWjEa6pg;1000;pending;2025-12-19T20:35:42.835Z;;guest
XoUtZcrohVScUUTgzegl;votes-artistes;lrK8tSxZpQPYFTmIF7On;2000;counted;2025-12-19T05:32:43.176Z;1095882189969070;guest
Xr5DzS9mCfC1o2uEEYWq;votes-artistes;R3DRrtGPGfw8jsQxG4r8;2000;pending;2025-12-15T14:15:09.108Z;;guest
Xraohte7zSxd07fSPS4n;votes-artistes;TXBLgEfug2LJqx5MXWe4;1000;pending;2025-12-16T10:05:51.458Z;;guest
XsNipwPQTmGBU02WbQzG;votes-artistes;TXBLgEfug2LJqx5MXWe4;7500;counted;2025-12-19T22:53:31.534Z;5090821478097720;guest
XtqDjMNmzhjYIq3KDlaZ;votes-artistes;GEVWzgnMyTnavWjEa6pg;1000;counted;2025-12-16T11:39:43.774Z;7913461106668310;guest
XvwzFzQG4XedBOw2wFHB;votes-artistes;lrK8tSxZpQPYFTmIF7On;100;counted;2025-12-20T10:26:26.466Z;7534988012731030;guest
Y0mFMp4waqT4JGAd275a;votes-artistes;lrK8tSxZpQPYFTmIF7On;100;counted;2025-12-16T08:24:52.062Z;4294283780472700;guest
Y1Bjz3RIFr1sfix9IgZ5;votes-artistes;GEVWzgnMyTnavWjEa6pg;500;counted;2025-12-19T11:48:17.507Z;2619221994043590;guest
Y2GFIxVzKEuG8IDTbwZm;votes-artistes;oucOMPgDKDQR8GKDvFHJ;100;pending;2025-12-15T09:29:52.061Z;;guest
Y3jLe4WI4bVD6ITeCRmD;votes-artistes;R3DRrtGPGfw8jsQxG4r8;100;pending;2025-12-15T15:46:35.899Z;;guest
Y8eUCwJLPI6be1Pu05IR;votes-artistes;lrK8tSxZpQPYFTmIF7On;1000;counted;2025-12-24T00:57:56.554Z;9123847260684650;guest
Y8ftFtXu8jpxZW2qVHgK;votes-artistes;RIAr7Uw1uo74gAhWWM9c;100;pending;2025-12-17T15:10:19.755Z;;guest
Y9BSsyeXrNUv20yK9aob;votes-artistes;RIAr7Uw1uo74gAhWWM9c;200;counted;2025-12-16T07:00:01.409Z;390870184722050;guest
Y9FwyjbdN8eDirVnu6Zp;votes-artistes;81cTWJpXQxqb1LcEQ9Nd;200;counted;2025-12-16T07:52:05.290Z;5404609796718930;guest
YAXNTsv9TKibx0cS7uyZ;votes-artistes;oucOMPgDKDQR8GKDvFHJ;100;pending;2025-12-15T17:25:12.443Z;;guest
YAuorlRVPoYvIMMcVICD;votes-artistes;GEVWzgnMyTnavWjEa6pg;2500;pending;2025-12-17T19:42:16.841Z;;guest
YMiDMxctP3kK1uCP4n6n;votes-artistes;TXBLgEfug2LJqx5MXWe4;100;counted;2025-12-16T21:11:54.359Z;9283664989136740;guest
YS5iov5vZbbVbsi0AMMZ;votes-artistes;oucOMPgDKDQR8GKDvFHJ;100;counted;2025-12-16T17:59:53.503Z;9399808231455770;guest
YVkeP30AceKR121SPv3I;votes-artistes;oucOMPgDKDQR8GKDvFHJ;100;pending;2025-12-20T12:01:32.762Z;;guest
YWUogXP2IF1TJNd8Anjz;votes-artistes;oucOMPgDKDQR8GKDvFHJ;100;counted;2025-12-15T08:10:46.277Z;9478768274783830;guest
YWdV0jMq9Fvd4dxhhF70;votes-artistes;GEVWzgnMyTnavWjEa6pg;500;counted;2025-12-15T22:10:15.903Z;400671316585196;guest
YXlVsWBogx6evyVR2EWp;votes-artistes;GEVWzgnMyTnavWjEa6pg;100;counted;2025-12-15T20:52:53.129Z;2068606079116280;guest
YXusmV1dYEO0XfhkZJur;votes-artistes;lrK8tSxZpQPYFTmIF7On;100;counted;2025-12-16T12:12:10.911Z;6908822725082940;guest
YaPAkANirDfkvvXkHd8L;votes-artistes;TXBLgEfug2LJqx5MXWe4;100;counted;2025-12-15T16:28:56.798Z;2258279329852570;guest
YiQo8w9rC0itCFaPbXcK;votes-artistes;oucOMPgDKDQR8GKDvFHJ;300;counted;2025-12-15T18:59:37.303Z;6917599939670200;guest
YiyuJZkxKajBwJZq0h0q;votes-artistes;ANLYRIZ6gRU8LgLSyaRq;100;pending;2025-12-15T07:09:45.971Z;;guest
YjaexesM1lZwUmb3rexo;votes-artistes;oucOMPgDKDQR8GKDvFHJ;100;pending;2025-12-19T05:02:19.728Z;;guest
YlfeDVUXZgaHq1TLYMtb;votes-artistes;GEVWzgnMyTnavWjEa6pg;500;pending;2025-12-19T12:47:18.589Z;;guest
YrYbw5yagc3TGwGJ0dhy;votes-artistes;GEVWzgnMyTnavWjEa6pg;2000;counted;2025-12-17T09:19:21.818Z;3102198667707050;guest
YviPHEsEiK3VFGta3BPr;votes-artistes;TXBLgEfug2LJqx5MXWe4;100;pending;2025-12-15T18:52:21.916Z;;guest
YvkHlDZO0zEZBEN3YeY9;votes-artistes;GEVWzgnMyTnavWjEa6pg;500;pending;2025-12-26T07:56:23.072Z;;guest
Yyn1sSiTpt4xo4dLWKmz;votes-artistes;oucOMPgDKDQR8GKDvFHJ;100;counted;2025-12-15T21:45:27.638Z;137800136920897;guest
Z18ZagMUjPJn1jPQ4ED6;votes-artistes;GEVWzgnMyTnavWjEa6pg;500;counted;2025-12-28T19:40:51.855Z;6798121518751350;guest
Z1YxBkgLnzEwqLcKmupM;votes-artistes;oucOMPgDKDQR8GKDvFHJ;100;pending;2025-12-15T21:36:01.657Z;;guest
Z39qZIGwmKlEV8z8IdTg;votes-artistes;noLuODpebT7EXpZWBRkH;1000;counted;2025-12-15T13:30:11.358Z;5550140656769700;guest
Z3YxqrTrBw9vua0JgEg8;votes-artistes;GEVWzgnMyTnavWjEa6pg;1000;counted;2025-12-17T10:19:55.554Z;5693713317925860;guest
Z6XWNCsjyGHy5XPkovDW;votes-artistes;GEVWzgnMyTnavWjEa6pg;1000;pending;2025-12-19T10:25:22.956Z;;guest
ZBDq3SHgpTYwUqFAYSgZ;votes-artistes;oucOMPgDKDQR8GKDvFHJ;100;counted;2025-12-16T18:06:12.921Z;6542658060989520;guest
ZCmS1kOFhLxp7iwvjaEj;votes-artistes;RIAr7Uw1uo74gAhWWM9c;100;pending;2025-12-18T16:18:29.755Z;;guest
ZGCzHqXGOoWLouHt52XG;votes-artistes;GEVWzgnMyTnavWjEa6pg;1000;pending;2025-12-19T10:41:59.824Z;;guest
ZHwncqKTDXvWR8u7IHmx;votes-artistes;zNIM4k3VP04xbhamFPva;100;pending;2025-12-19T12:44:19.692Z;;guest
ZKyz3XNkM0Wh6Sq4UIQh;votes-artistes;oucOMPgDKDQR8GKDvFHJ;100;pending;2025-12-19T13:35:13.199Z;;guest
ZNjo7J3YkyeBgCX9U1oV;votes-artistes;lrK8tSxZpQPYFTmIF7On;1000;counted;2025-12-20T08:54:35.786Z;162526741706631;guest
ZROP2vN7OHN7NqSxm1S5;votes-artistes;oucOMPgDKDQR8GKDvFHJ;100;counted;2025-12-17T15:41:22.060Z;4009337255107080;guest
ZRlHsRy6rmozHE1QjlQY;votes-artistes;TXBLgEfug2LJqx5MXWe4;100;pending;2025-12-15T15:08:13.069Z;;guest
ZZZQF9sbOOHTdHch1MaQ;votes-artistes;zNIM4k3VP04xbhamFPva;100;counted;2025-12-16T08:49:15.724Z;1112746087803990;guest
Zb4DO0CF7kVwIHYmiu6m;votes-artistes;GEVWzgnMyTnavWjEa6pg;10000;counted;2025-12-19T09:47:33.537Z;8504654171024110;guest
ZhfXZ0XF5pkpg0IT2yqY;votes-artistes;RIAr7Uw1uo74gAhWWM9c;200;pending;2025-12-26T12:47:00.281Z;;guest
Zi0bIDrwlSppR96ZBLgd;votes-artistes;oucOMPgDKDQR8GKDvFHJ;600;counted;2025-12-15T14:30:49.118Z;9326204752244670;guest
ZnqdHbLDMGqI9Lfdv2HR;votes-artistes;GEVWzgnMyTnavWjEa6pg;5000;counted;2025-12-18T07:52:52.847Z;2167371721766390;guest
ZwRgU7RxHj3cyactcfs9;votes-artistes;oucOMPgDKDQR8GKDvFHJ;100;pending;2025-12-15T15:12:10.572Z;;guest
ZxJtC4I3D7uCsRs8g1jX;votes-artistes;GEVWzgnMyTnavWjEa6pg;100;counted;2025-12-15T18:14:32.669Z;8154407322518230;guest
a1L5uaFa5kD6MnBsW05E;votes-artistes;oucOMPgDKDQR8GKDvFHJ;100;pending;2025-12-16T14:38:32.813Z;;guest
a43HBMODJVNY42J22Uw8;votes-artistes;oucOMPgDKDQR8GKDvFHJ;100;pending;2025-12-22T23:12:13.852Z;;guest
a4owXn2ILAru1DjXeU7c;votes-artistes;81cTWJpXQxqb1LcEQ9Nd;100;pending;2025-12-16T07:27:06.128Z;;guest
a7SbS7UkNRbDdGLJ4o86;votes-artistes;6jJ1pd8NA2meRhVWW12M;100;pending;2025-12-15T08:31:24.675Z;;guest
aG84Z33b55FgejKnraoN;votes-artistes;JRlxOthiA6OOa76gBvyE;100;counted;2025-12-05T11:31:31.986Z;184961986247980;guest
aIAoHFdg0Wn3h1qAwB8r;votes-artistes;noLuODpebT7EXpZWBRkH;700;pending;2025-12-15T09:26:58.136Z;;guest
aIwnnjMIuc4MKwQW5Fb9;votes-artistes;oucOMPgDKDQR8GKDvFHJ;400;counted;2025-12-19T20:59:25.835Z;1340265310769310;guest
aJ3XlWMQmCqP6FNzmGDG;votes-artistes;oucOMPgDKDQR8GKDvFHJ;100;pending;2025-12-15T09:59:22.404Z;;guest
aLRug5OB6fFmePZAUaka;votes-artistes;GEVWzgnMyTnavWjEa6pg;1000;counted;2025-12-16T21:53:59.037Z;3832576436003850;guest
aMTJJxMwYsP73xbvLlnB;votes-artistes;GEVWzgnMyTnavWjEa6pg;500;counted;2025-12-18T09:26:54.363Z;3417655556222350;guest
aOY7f59UCjxwYdhlQLfm;votes-artistes;TXBLgEfug2LJqx5MXWe4;100;pending;2025-12-16T07:18:04.617Z;;guest
aReSnE5DZ8WfCodRJIhR;votes-artistes;GEVWzgnMyTnavWjEa6pg;1000;pending;2025-12-19T22:48:27.957Z;;guest
aTcMQs6a5EGgH77EwRoO;votes-artistes;RIAr7Uw1uo74gAhWWM9c;100;counted;2025-12-15T09:38:31.730Z;595462960484793;guest
aUsHuilnh7rJZp3OYDTO;votes-artistes;TXBLgEfug2LJqx5MXWe4;100;pending;2025-12-16T11:28:35.781Z;;guest
acigTHqqxObtN0AUWoJU;votes-artistes;oucOMPgDKDQR8GKDvFHJ;100;pending;2025-12-20T23:51:25.757Z;;guest
afsREkggOkWz9Lu0A5p7;votes-artistes;TXBLgEfug2LJqx5MXWe4;100;pending;2025-12-18T06:57:50.234Z;;guest
ai8NVszZfzXKvwuj4WKy;votes-artistes;oucOMPgDKDQR8GKDvFHJ;100;pending;2025-12-19T07:01:00.351Z;;guest
aiElS5mm6hemZ65W3yxb;votes-artistes;GEVWzgnMyTnavWjEa6pg;100;pending;2025-12-15T10:50:45.152Z;;guest
anB1K9ZYhSiBEaxYcMvT;votes-artistes;RIAr7Uw1uo74gAhWWM9c;100;pending;2025-12-15T19:36:55.214Z;;guest
atZczPWGQ2nm9bkevhCB;votes-artistes;8dxIvMVLsBZNKKBQiNFE;100;counted;2025-12-22T10:15:11.771Z;510520416845305;guest
b3CWP6y8dAvSMATsLI4X;votes-artistes;GEVWzgnMyTnavWjEa6pg;100;counted;2025-12-28T16:16:16.905Z;6842879736940470;guest
b4NClWUxjgwpA2ql95Vt;votes-artistes;TXBLgEfug2LJqx5MXWe4;100;pending;2025-12-17T05:08:33.600Z;;guest
b74zpZXQAUrroyKdQdIH;votes-artistes;TXBLgEfug2LJqx5MXWe4;100;pending;2025-12-15T21:01:23.999Z;;guest
bDc9l5ZDzqmozq0eq4hV;votes-artistes;GEVWzgnMyTnavWjEa6pg;500;pending;2025-12-18T19:18:31.289Z;;guest
bDe8gOPeQIlrVg3Xj6vD;votes-artistes;oucOMPgDKDQR8GKDvFHJ;1000;pending;2025-12-19T13:07:45.683Z;;guest
bFWY7KHzWvbtFOuCibM1;votes-artistes;TXBLgEfug2LJqx5MXWe4;1200;counted;2025-12-17T13:21:05.446Z;1246820712025370;guest
bH81PQgJobLyjNrtdNJ4;votes-artistes;oucOMPgDKDQR8GKDvFHJ;100;counted;2025-12-16T18:01:28.158Z;9548586206834610;guest
bSZAe3qeeYolYBbvXpuK;votes-artistes;GEVWzgnMyTnavWjEa6pg;100;pending;2025-12-15T10:40:27.948Z;;guest
bSwvJf45KhLk6DBdxUeX;votes-artistes;TXBLgEfug2LJqx5MXWe4;100;pending;2025-12-19T21:24:05.942Z;;guest
banojhzRT4JgB9SbYcHg;votes-artistes;TXBLgEfug2LJqx5MXWe4;100;counted;2025-12-19T07:21:53.862Z;1963785360104200;guest
bgk9S0QyH0nG2TK5iu7G;votes-artistes;lrK8tSxZpQPYFTmIF7On;200;counted;2025-12-19T21:25:29.213Z;8802928814698050;guest
bhXPeN1ops22wFXasHSx;votes-artistes;lrK8tSxZpQPYFTmIF7On;100;pending;2025-12-16T13:47:33.767Z;;guest
bhk18Ml64Qc82GRwRWtH;votes-artistes;GEVWzgnMyTnavWjEa6pg;1000;counted;2025-12-15T19:16:19.139Z;8483673060562440;guest
bi6vOOMW3HMb3RjgKBy7;votes-artistes;GEVWzgnMyTnavWjEa6pg;10000;counted;2025-12-28T22:50:46.204Z;9395366590864360;guest
biTRahrboTPJk1UqrX6L;votes-artistes;GEVWzgnMyTnavWjEa6pg;100;pending;2025-12-17T08:14:11.972Z;;guest
bjV0JC1lQkNXbO43Ybap;votes-artistes;oucOMPgDKDQR8GKDvFHJ;100;pending;2025-12-15T21:49:46.505Z;;guest
bpyrt5KNo8AA3vUSKMiG;votes-artistes;GEVWzgnMyTnavWjEa6pg;100;pending;2025-12-15T13:05:50.273Z;;guest
bt8cgO5AfLc4HYD28iYG;votes-artistes;lrK8tSxZpQPYFTmIF7On;1600;pending;2025-12-16T15:27:02.088Z;;guest
btzdCt2WrAVpIr0rBl0F;votes-artistes;GEVWzgnMyTnavWjEa6pg;10000;counted;2025-12-17T19:16:51.441Z;2113846852535100;guest
buU2eHfyKSoIigJQeReX;votes-artistes;R3DRrtGPGfw8jsQxG4r8;2000;pending;2025-12-15T14:10:07.024Z;;guest
bzlcBb861bCSZi1mDaqo;votes-artistes;TXBLgEfug2LJqx5MXWe4;500;counted;2025-12-15T11:00:00.697Z;9843669211860430;guest
bzpP8LFDbrOjLXBs2JOy;votes-artistes;oucOMPgDKDQR8GKDvFHJ;100;pending;2025-12-18T02:33:36.270Z;;guest
c0G9Vq1TAvh0qShiul8Q;votes-artistes;oucOMPgDKDQR8GKDvFHJ;300;pending;2025-12-15T16:31:57.826Z;;guest
cDvburOLKG0QzsZeBTMW;votes-artistes;RIAr7Uw1uo74gAhWWM9c;100;pending;2025-12-15T20:52:08.241Z;;guest
cFs1FIOncWORQs9DkuDz;votes-artistes;oucOMPgDKDQR8GKDvFHJ;1000;pending;2025-12-19T13:00:12.435Z;;guest
cMS02zXGGLhHcJYVENXf;votes-artistes;ANLYRIZ6gRU8LgLSyaRq;500;counted;2025-12-15T08:00:54.443Z;7637866923878160;guest
cQ7z1tdfFppMuQvww1z2;votes-artistes;GEVWzgnMyTnavWjEa6pg;19000;counted;2025-12-28T22:37:10.769Z;5400216881514470;guest
cRmaVMdKjgAeG675vyze;votes-artistes;GEVWzgnMyTnavWjEa6pg;1000;counted;2025-12-17T21:48:35.258Z;3850995742567990;guest
cRwtfvH1hejAURhuRAip;votes-artistes;GEVWzgnMyTnavWjEa6pg;100;pending;2025-12-21T18:27:24.738Z;;guest
cULx2F9FE7buSGK2OPF3;votes-artistes;RIAr7Uw1uo74gAhWWM9c;10000;pending;2025-12-15T14:27:20.749Z;;guest
cju1px0QDRDFhJ2ujD6E;votes-artistes;RIAr7Uw1uo74gAhWWM9c;2000;pending;2025-12-15T09:39:05.928Z;;guest
ckJwlP7NKWEipqfgjiCD;votes-artistes;oucOMPgDKDQR8GKDvFHJ;100;pending;2025-12-15T11:43:18.846Z;;guest
ckQfpjhd0gfvlUIf1I5C;votes-artistes;GEVWzgnMyTnavWjEa6pg;2000;pending;2025-12-24T10:49:36.006Z;;guest
clcFQFG93wh0uz0vpeMB;votes-artistes;oucOMPgDKDQR8GKDvFHJ;100;pending;2025-12-15T08:45:04.665Z;;guest
cmOPnsLoEkRRfMtoDVVB;votes-artistes;oucOMPgDKDQR8GKDvFHJ;100;pending;2025-12-15T14:33:23.339Z;;guest
cyUyKLIaCDE1cVKpD7CB;votes-artistes;R3DRrtGPGfw8jsQxG4r8;1000;pending;2025-12-16T08:52:09.260Z;;guest
czZ8ToDzDansNZZ47Ggb;votes-artistes;GEVWzgnMyTnavWjEa6pg;500;counted;2025-12-18T11:16:04.582Z;523837796652433;guest
d4eHBW9f9RwbElLKq16o;votes-artistes;TXBLgEfug2LJqx5MXWe4;100;pending;2025-12-15T15:24:23.396Z;;guest
d8TLkjAH5F9bn1ixayat;votes-artistes;GEVWzgnMyTnavWjEa6pg;200;counted;2025-12-28T22:47:59.349Z;1381979134168020;guest
dG7KOFyd1RztXmw7sOOK;votes-artistes;TXBLgEfug2LJqx5MXWe4;1300;counted;2025-12-19T22:25:01.434Z;126005737903071;guest
dIqJ4rr1mQOIf1u7Gjjx;votes-artistes;GEVWzgnMyTnavWjEa6pg;300;counted;2025-12-27T01:58:33.270Z;8692650040705430;guest
dJBIWLxT2XI6mA5goQIL;votes-artistes;oucOMPgDKDQR8GKDvFHJ;100;counted;2025-12-18T06:15:24.377Z;7194651376202180;guest
dOawCCxzWpYhrQFaa1Xk;votes-artistes;RIAr7Uw1uo74gAhWWM9c;1000;counted;2025-12-23T20:15:26.141Z;960520799343773;guest
dSfnf7pSqAH4JoDvLLDt;votes-artistes;RIAr7Uw1uo74gAhWWM9c;100;pending;2025-12-19T11:47:48.576Z;;guest
dT5k8cpjr89y28Ont8Mc;votes-artistes;GEVWzgnMyTnavWjEa6pg;100;pending;2025-12-16T11:45:42.677Z;;guest
dVrbULTyv86AeoyQVR08;votes-artistes;GEVWzgnMyTnavWjEa6pg;1500;counted;2025-12-28T20:15:57.038Z;6806350322608860;guest
dXFWqKjV6FajsfhxqkRW;votes-artistes;RIAr7Uw1uo74gAhWWM9c;300;counted;2025-12-16T11:19:14.132Z;8566104362285820;guest
dZJ0Bfzr28xXeT9jd6x0;votes-artistes;GEVWzgnMyTnavWjEa6pg;1000;counted;2025-12-18T15:32:28.985Z;7852383275428140;guest
dbuSZ0dRr5LghBmSmF6Y;votes-artistes;GEVWzgnMyTnavWjEa6pg;1000;pending;2025-12-16T19:23:20.341Z;;guest
demlsWT27sFKlsGsw1Yd;votes-artistes;oucOMPgDKDQR8GKDvFHJ;100;pending;2025-12-18T15:06:23.564Z;;guest
dhuhm790kVNVNsCWgzBB;votes-artistes;noLuODpebT7EXpZWBRkH;100;pending;2025-12-15T10:55:44.426Z;;guest
djlBh2xGaoM0U9PePgTn;votes-artistes;noLuODpebT7EXpZWBRkH;700;pending;2025-12-15T09:09:37.857Z;;guest
dohSWPEHuNHRTuXKPVSC;votes-artistes;oucOMPgDKDQR8GKDvFHJ;500;pending;2025-12-18T18:03:51.530Z;;guest
dwB5sKVd1Q5Q0s69SJ3A;votes-artistes;GEVWzgnMyTnavWjEa6pg;500;counted;2025-12-17T17:04:17.340Z;6064338614368640;guest
dwihxbnHyRoaZm1hCJuy;votes-artistes;TXBLgEfug2LJqx5MXWe4;100;pending;2025-12-18T09:25:40.766Z;;guest
dyeGPGNnmoVwPGgokxxB;votes-artistes;oucOMPgDKDQR8GKDvFHJ;1000;counted;2025-12-19T20:04:01.185Z;389278201438596;guest
e43lZ1snMSAaaGKwmvrm;votes-artistes;8ELIXFDTdljYr37syNyv;100;counted;2025-12-15T12:58:10.655Z;8781651391049170;guest
e5epccOL2z94Q1OK7Ygb;votes-artistes;zNIM4k3VP04xbhamFPva;1000;counted;2025-12-19T17:08:48.479Z;1959529317766010;guest
e5hHpcO7thMZ7BHYS99E;votes-artistes;oucOMPgDKDQR8GKDvFHJ;500;counted;2025-12-17T09:50:29.547Z;7838716772486300;guest
eCxQCiQYmY4e2Aq9L2EL;votes-artistes;RIAr7Uw1uo74gAhWWM9c;300;counted;2025-12-15T21:18:05.582Z;8915781151620050;guest
eDvtPUVOWrSayOnUZy3c;votes-artistes;oucOMPgDKDQR8GKDvFHJ;500;pending;2025-12-15T11:28:10.735Z;;guest
eElKXTYqsDwLI0EYiVaI;votes-artistes;TXBLgEfug2LJqx5MXWe4;100;pending;2025-12-16T12:04:35.312Z;;guest
eGHGZ9Y4GyzZMHvU3q0T;votes-artistes;oucOMPgDKDQR8GKDvFHJ;200;pending;2025-12-16T20:54:38.137Z;;guest
eH5xaYk1H6CmunOSzvx6;votes-artistes;aUt5Vh29CsUcstBHEF8H;100;counted;2025-12-16T12:14:00.499Z;5578037833360090;guest
eH7KETn05nMx6IlEvRDl;votes-artistes;TXBLgEfug2LJqx5MXWe4;500;counted;2025-12-15T10:37:48.071Z;8809833854560510;guest
eHibbyIdtF3nl3IHwn0d;votes-artistes;TXBLgEfug2LJqx5MXWe4;4400;pending;2025-12-15T06:50:18.284Z;;guest
eIoXHlj7vaxiSNdzfawp;votes-artistes;RIAr7Uw1uo74gAhWWM9c;6000;counted;2025-12-15T10:46:15.191Z;3651301029780430;guest
eKXgEjNApPJg9AQXWvAH;votes-artistes;TXBLgEfug2LJqx5MXWe4;100;pending;2025-12-15T07:30:17.687Z;;guest
eNYDsxVjRcaRzYpyPOrj;votes-artistes;oucOMPgDKDQR8GKDvFHJ;500;pending;2025-12-22T10:00:29.822Z;;guest
eRNIt0yHQzRWEmW56e1K;votes-artistes;oucOMPgDKDQR8GKDvFHJ;300;counted;2025-12-15T17:25:34.697Z;2186092603658350;guest
eRfpfLkpQ5Qm10sfLAAa;votes-artistes;RIAr7Uw1uo74gAhWWM9c;100;pending;2025-12-16T10:00:53.864Z;;guest
eUaMq45sVew2oKqOlCVQ;votes-artistes;81cTWJpXQxqb1LcEQ9Nd;100;pending;2025-12-16T09:42:53.019Z;;guest
eeUcj2eArmMZ9UaG0Vue;votes-artistes;TXBLgEfug2LJqx5MXWe4;5000;counted;2025-12-17T16:12:49.423Z;5478015821984250;guest
eg8AtHSWkZeBSBvwkfmy;votes-artistes;oucOMPgDKDQR8GKDvFHJ;200;counted;2025-12-20T21:18:02.037Z;6340954966451220;guest
ei1H3O1aZQOjpB2tSWXx;votes-artistes;oucOMPgDKDQR8GKDvFHJ;100;pending;2025-12-16T18:10:47.717Z;;guest
eieUIPKrpXOd9qyc7jU3;votes-artistes;GEVWzgnMyTnavWjEa6pg;200;pending;2025-12-15T11:41:55.564Z;;guest
emabl3FN3Ft2t7oqEqfh;votes-artistes;RIAr7Uw1uo74gAhWWM9c;100;pending;2025-12-15T18:01:37.611Z;;guest
enluzNsssADqFwzeoQnf;votes-artistes;81cTWJpXQxqb1LcEQ9Nd;100;pending;2025-12-15T12:32:18.604Z;;guest
epyy1AvN231UbJeroHPz;votes-artistes;GEVWzgnMyTnavWjEa6pg;1000;counted;2025-12-15T03:08:58.940Z;4751681380965040;guest
eqiLUs3be0jIpgopslm8;votes-artistes;TXBLgEfug2LJqx5MXWe4;500;counted;2025-12-15T22:25:39.685Z;3466754243168530;guest
ewypHr5eUg59KXdHpkh7;votes-artistes;oucOMPgDKDQR8GKDvFHJ;100;pending;2025-12-28T13:03:44.480Z;;guest
f0ShAsDLcKVBj2nJvxhp;votes-artistes;GEVWzgnMyTnavWjEa6pg;200;counted;2025-12-16T08:21:21.878Z;9718286287967680;guest
f2TEujmNGZgRHapBqPfQ;votes-artistes;RIAr7Uw1uo74gAhWWM9c;1000;pending;2025-12-15T11:05:07.789Z;;guest
f7N1tqg4ToHJVOdiYKJW;votes-artistes;lrK8tSxZpQPYFTmIF7On;10000;counted;2025-12-16T11:11:57.950Z;6173244057373020;guest
f8PsIirl23Mq7utjBhXh;votes-artistes;RIAr7Uw1uo74gAhWWM9c;200;pending;2025-12-16T10:55:41.810Z;;guest
f92uLigpq7jqP6Z2pQCe;votes-artistes;THSoBfgsHaDLamNs758L;100;pending;2025-12-18T17:59:03.830Z;;guest
fB9NuByBRcdh2SBLZSMg;votes-artistes;oucOMPgDKDQR8GKDvFHJ;100;pending;2025-12-16T21:33:12.864Z;;guest
fCtbAGb9GmwFq8Z5d7L7;votes-artistes;zNIM4k3VP04xbhamFPva;100;counted;2025-12-15T12:11:11.012Z;5472207961465250;guest
fIwUEQueSFwpmxAhWMMT;votes-artistes;oucOMPgDKDQR8GKDvFHJ;100;counted;2025-12-18T01:35:22.117Z;9206883720773150;guest
fKzKUfTqBUonH5E0UiWz;votes-artistes;noLuODpebT7EXpZWBRkH;700;counted;2025-12-15T10:49:21.544Z;9548344773181630;guest
fR02zEqpK0h0gL94Lvha;votes-artistes;RIAr7Uw1uo74gAhWWM9c;200;counted;2025-12-18T21:17:21.032Z;4690973358641360;guest
fRozvbLu0mLbzU79996r;votes-artistes;oucOMPgDKDQR8GKDvFHJ;5000;pending;2025-12-16T10:28:28.832Z;;guest
fSZMjUdkLq5FdXSsy3Ck;votes-artistes;oucOMPgDKDQR8GKDvFHJ;200;counted;2025-12-19T17:27:42.609Z;3870650044688820;guest
fZ75WuP8Mq7TMW2ZBveI;votes-artistes;oucOMPgDKDQR8GKDvFHJ;1000;pending;2025-12-18T10:45:35.651Z;;guest
fct7MLQ9uZXEtWsozdXd;votes-artistes;R3DRrtGPGfw8jsQxG4r8;100;pending;2025-12-15T12:36:23.422Z;;guest
ffNcntfkjWYRcUtYmLE4;votes-artistes;lrK8tSxZpQPYFTmIF7On;100;counted;2025-12-17T05:16:26.541Z;9931196401947380;guest
fkJmme3V26KzFvzS7xsa;votes-artistes;oucOMPgDKDQR8GKDvFHJ;100;pending;2025-12-15T09:15:41.770Z;;guest
foY6iW9eRoPoJS3MWP4W;votes-artistes;oucOMPgDKDQR8GKDvFHJ;100;counted;2025-12-19T06:04:02.670Z;3333234559476370;guest
fq5uo1rEPOHczTgRvJ96;votes-artistes;RIAr7Uw1uo74gAhWWM9c;100;pending;2025-12-15T09:08:48.652Z;;guest
fqf1krKb5HaI8ejpZrw9;votes-artistes;TXBLgEfug2LJqx5MXWe4;500;pending;2025-12-15T21:28:26.492Z;;guest
fwAzxQo8jcJ9MPFW14vU;votes-artistes;oucOMPgDKDQR8GKDvFHJ;8000;counted;2025-12-18T19:33:55.107Z;223477015976481;guest
g3fqXN9nqENzN1OMFWCr;votes-artistes;oucOMPgDKDQR8GKDvFHJ;100;pending;2025-12-15T14:15:10.910Z;;guest
g6yfGZ47eQrNLmAVTKFR;votes-artistes;TXBLgEfug2LJqx5MXWe4;100;pending;2025-12-16T11:39:33.652Z;;guest
g7pDwhZYH8BBxxZDadGI;votes-artistes;oucOMPgDKDQR8GKDvFHJ;100;pending;2025-12-15T13:03:59.478Z;;guest
gEW4k65P705TecAZQoKq;votes-artistes;noLuODpebT7EXpZWBRkH;500;pending;2025-12-15T10:33:55.244Z;;guest
gGe85Y1l3DWj1BZeQUxZ;votes-artistes;oucOMPgDKDQR8GKDvFHJ;100;pending;2025-12-15T11:10:16.077Z;;guest
gKkT2OzATPJZvajLoL47;votes-artistes;oucOMPgDKDQR8GKDvFHJ;500;counted;2025-12-19T14:36:48.984Z;4557380296836830;guest
gNXSdoDfLIEKOZDIj6Gv;votes-artistes;noLuODpebT7EXpZWBRkH;500;counted;2025-12-15T11:08:31.428Z;8330232414950390;guest
gNhjiVNPnmqp8hikjAWD;votes-artistes;GEVWzgnMyTnavWjEa6pg;100;pending;2025-12-17T09:57:10.844Z;;guest
gOEP4JJs7d5k134KFcNq;votes-artistes;TXBLgEfug2LJqx5MXWe4;1000000;pending;2025-12-19T21:48:10.596Z;;guest
gOS9CSLyAFeV4PLCzMia;votes-artistes;GEVWzgnMyTnavWjEa6pg;100;pending;2025-12-15T09:54:31.938Z;;guest
gTRLuAwTWWW3AziSkzi8;votes-artistes;GEVWzgnMyTnavWjEa6pg;500;counted;2025-12-19T15:30:07.872Z;4823068980523480;guest
gUmIkjwyh2u44SyhaT4y;votes-artistes;TXBLgEfug2LJqx5MXWe4;500;pending;2025-12-16T10:18:15.322Z;;guest
gVJ1w3VYzWFLsQhgU0J5;votes-artistes;aUt5Vh29CsUcstBHEF8H;1000;counted;2025-12-16T16:46:49.959Z;8788624928350770;guest
gXuoZv6TuhYZbzMF1M9j;votes-artistes;GEVWzgnMyTnavWjEa6pg;200;pending;2025-12-15T11:43:56.692Z;;guest
gZrXRWNLgBWcKscriCK3;votes-artistes;oucOMPgDKDQR8GKDvFHJ;100;pending;2025-12-15T07:57:04.532Z;;guest
ga2qVU3xEsHtCXGbtW80;votes-artistes;oucOMPgDKDQR8GKDvFHJ;100;pending;2025-12-15T10:59:26.917Z;;guest
gaeXhupOVwz7pvp5vPmm;votes-artistes;RIAr7Uw1uo74gAhWWM9c;100;pending;2025-12-26T12:33:51.820Z;;guest
gh8QcZxHv1ABZD5WA12z;votes-artistes;TXBLgEfug2LJqx5MXWe4;100;pending;2025-12-15T16:02:00.599Z;;guest
gi426HG6rekzoC14U7tR;votes-artistes;GEVWzgnMyTnavWjEa6pg;2000;pending;2025-12-19T17:24:39.257Z;;guest
gl0zv6loGpOfzSM2zDKc;votes-artistes;GEVWzgnMyTnavWjEa6pg;100;counted;2025-12-24T16:33:39.966Z;9451280040459500;guest
gqqeBUbpXUOYXTRUXps5;votes-artistes;TXBLgEfug2LJqx5MXWe4;1000;counted;2025-12-19T22:33:29.626Z;4674551739029970;guest
gx3vHbd9eG9IS1MylfwO;votes-artistes;GEVWzgnMyTnavWjEa6pg;3000;pending;2025-12-15T09:22:27.402Z;;guest
gzFjMbp2C2u4NIfVwjLD;votes-artistes;lrK8tSxZpQPYFTmIF7On;200;counted;2025-12-19T23:26:34.349Z;4914433841919020;guest
h0AOV3hfuUK7iiYzCuqE;votes-artistes;RIAr7Uw1uo74gAhWWM9c;200;counted;2025-12-15T12:21:42.755Z;3914881629609360;guest
h67XAiSVeWWen1dRhNmt;votes-artistes;lrK8tSxZpQPYFTmIF7On;100;counted;2025-12-16T14:10:16.418Z;9080965910393040;guest
h7VXIcIeZg0mzI12GGIF;votes-artistes;GEVWzgnMyTnavWjEa6pg;1000;counted;2025-12-16T21:43:03.514Z;7012125354357130;guest
h9u4OGnEBaYQfLLS8QRC;votes-artistes;GEVWzgnMyTnavWjEa6pg;1000;counted;2025-12-28T17:03:32.617Z;1396149827937530;guest
hAZVxxeO6U0mlyZi28ur;votes-artistes;6AkulXNEKwaJVwByJl7t;100;pending;2025-12-20T22:58:45.167Z;;guest
hDrGOl6kqeIXmFVV4LGi;votes-artistes;GEVWzgnMyTnavWjEa6pg;2000;counted;2025-12-18T18:11:51.493Z;2815226651310960;guest
hEWVwEvV8tIl4Sbg19UP;votes-artistes;GEVWzgnMyTnavWjEa6pg;1000;counted;2025-12-19T22:59:00.905Z;9349396249961110;guest
hFYMmKPX7mQd5Q91yHFK;votes-artistes;GEVWzgnMyTnavWjEa6pg;100;counted;2025-12-17T09:18:14.902Z;6188994744727870;guest
hFlF700mSRhhULULv5Y1;votes-artistes;RIAr7Uw1uo74gAhWWM9c;1000;counted;2025-12-17T11:54:33.111Z;6918170382622870;guest
hKOjlhfrLNcwSPpCpRXa;votes-artistes;RIAr7Uw1uo74gAhWWM9c;2000;counted;2025-12-19T20:09:56.855Z;7520095517387110;guest
hMdv6R3lQBqAKuR954SW;votes-artistes;lrK8tSxZpQPYFTmIF7On;100;pending;2025-12-16T08:18:51.639Z;;guest
hOJYuauygPrOFwANgAP3;votes-artistes;GEVWzgnMyTnavWjEa6pg;1000;counted;2025-12-16T19:23:49.104Z;8470415024554940;guest
hXnZMH6cR1pv18myKR6E;votes-artistes;oucOMPgDKDQR8GKDvFHJ;100;counted;2025-12-19T22:17:41.834Z;1764178104800770;guest
hY458d2sVa2hAN3fTOOK;votes-artistes;GEVWzgnMyTnavWjEa6pg;1000;counted;2025-12-15T10:24:40.822Z;3496009459502110;guest
hdRM7xJpdKXmNlx5oy2Z;votes-artistes;THSoBfgsHaDLamNs758L;100;pending;2025-12-20T11:08:30.647Z;;guest
hnl61Gf1KAGGZK9OlNak;votes-artistes;lrK8tSxZpQPYFTmIF7On;100;pending;2025-12-26T22:41:16.320Z;;guest
hrtgE6ZBHVy8xMQDUKYc;votes-artistes;ANLYRIZ6gRU8LgLSyaRq;100;pending;2025-12-15T07:09:59.491Z;;guest
hvkQJJG11qpuL08obkmT;votes-artistes;GEVWzgnMyTnavWjEa6pg;1000;counted;2025-12-22T14:53:22.554Z;9324608601080150;guest
i9LKHfsYvaUbDNqiKLKA;votes-artistes;oucOMPgDKDQR8GKDvFHJ;100;pending;2025-12-16T21:12:22.861Z;;guest
iAC4m2L8z9f5OkY2mKJ1;votes-artistes;TXBLgEfug2LJqx5MXWe4;1000;pending;2025-12-17T19:52:58.667Z;;guest
iDzEqPDonl4vhGkYZcUo;votes-artistes;RIAr7Uw1uo74gAhWWM9c;1000;counted;2025-12-22T16:57:34.182Z;3939417872513920;guest
iEi6aunROt8jcDWbTNHP;votes-artistes;lrK8tSxZpQPYFTmIF7On;100;counted;2025-12-20T05:32:42.007Z;2801301559902170;guest
iJfKWcRHP3huaW2ZMVyE;votes-artistes;RIAr7Uw1uo74gAhWWM9c;100;pending;2025-12-19T07:17:07.199Z;;guest
iPCWBxjGxuMW9NufgRB3;votes-artistes;oucOMPgDKDQR8GKDvFHJ;100;counted;2025-12-17T06:05:01.150Z;4621938553575870;guest
iTRL27Ysc8HVkDTK7xuD;votes-artistes;oucOMPgDKDQR8GKDvFHJ;10000;counted;2025-12-18T19:24:42.541Z;7061328233864290;guest
iUV1pYh5JUOX47hCXwyx;votes-artistes;TXBLgEfug2LJqx5MXWe4;100;pending;2025-12-15T23:13:09.145Z;;guest
iXPvK7m7Fa6hBFKdnk9e;votes-artistes;TXBLgEfug2LJqx5MXWe4;5000;counted;2025-12-16T21:29:32.048Z;7351969641143770;guest
iYfTlLsfxABvuKRx7fun;votes-artistes;GEVWzgnMyTnavWjEa6pg;100;counted;2025-12-15T14:48:26.191Z;7712126846229130;guest
ifDqUVXcjqU79ayCTdXo;votes-artistes;oucOMPgDKDQR8GKDvFHJ;500;counted;2025-12-16T11:27:26.171Z;7426625530321010;guest
ihbjgvCnIUerOSR5BkXn;votes-artistes;oucOMPgDKDQR8GKDvFHJ;100;pending;2025-12-15T08:05:34.444Z;;guest
ik7bPRXcP2iKkOncTQhp;votes-artistes;noLuODpebT7EXpZWBRkH;100;pending;2025-12-15T09:56:39.168Z;;guest
ioT6h8qyplClNLcNnVtr;votes-artistes;GEVWzgnMyTnavWjEa6pg;200;counted;2025-12-17T10:38:37.639Z;5927609966527900;guest
is3NIOHRetS4V4LWVMCs;votes-artistes;GEVWzgnMyTnavWjEa6pg;100;counted;2025-12-16T07:59:07.285Z;7960371918007390;guest
izZP7gJCTVsv6Ru4ogA2;votes-artistes;oucOMPgDKDQR8GKDvFHJ;100;counted;2025-12-21T03:46:53.446Z;3478172122517200;guest
izm0R4I9YhxpLIjoGHEa;votes-artistes;GEVWzgnMyTnavWjEa6pg;200;counted;2025-12-15T19:06:37.604Z;2620077832444040;guest
j0t1RdUy4qn6qIhYLxgP;votes-artistes;GEVWzgnMyTnavWjEa6pg;500;counted;2025-12-15T22:02:28.264Z;9855436089572100;guest
jAyTE9waXhUXBKMQ9N86;votes-artistes;GEVWzgnMyTnavWjEa6pg;100;pending;2025-12-22T10:48:06.499Z;;guest
jHx523PjMFnsOR3NiP0i;votes-artistes;GEVWzgnMyTnavWjEa6pg;500;counted;2025-12-15T11:04:09.377Z;6415330557939010;guest
jJrQMnWY5tNz7duSw48e;votes-artistes;oucOMPgDKDQR8GKDvFHJ;1000;counted;2025-12-19T19:50:41.860Z;7783976339038650;guest
jKTjwkdxohTsKAflJ696;votes-artistes;81cTWJpXQxqb1LcEQ9Nd;100;counted;2025-12-16T14:38:49.541Z;1732810374629180;guest
jNY0uoZShBvQcMrJK7sN;votes-artistes;aUt5Vh29CsUcstBHEF8H;100;counted;2025-12-16T15:39:26.119Z;3539969081673470;guest
jWDZVIgT1O4MqlSNTK7y;votes-artistes;lrK8tSxZpQPYFTmIF7On;100;pending;2025-12-28T22:55:55.611Z;;guest
jX7dE1LIhTaeEWbFqMZf;votes-artistes;lrK8tSxZpQPYFTmIF7On;100;pending;2025-12-20T10:59:21.660Z;;guest
jb2x3oJSBScTRWNu5QRG;votes-artistes;TXBLgEfug2LJqx5MXWe4;200;counted;2025-12-19T09:29:30.519Z;9545433376465070;guest
jbNb3D8NqB0WRtlcH1jc;votes-artistes;oucOMPgDKDQR8GKDvFHJ;4800;pending;2025-12-15T13:33:30.538Z;;guest
jbSD82cPR4CHTcFizKGp;votes-artistes;GEVWzgnMyTnavWjEa6pg;500;pending;2025-12-15T22:08:00.522Z;;guest
jcBCXdKuAUDaIENyW05S;votes-artistes;81cTWJpXQxqb1LcEQ9Nd;1200;pending;2025-12-16T09:52:35.030Z;;guest
jeqKHeLPvNW2izSfxLkx;votes-artistes;oucOMPgDKDQR8GKDvFHJ;100;counted;2025-12-16T18:29:20.857Z;8529783935161550;guest
jvUQVb5TGXQWyNfk6CIx;votes-artistes;TXBLgEfug2LJqx5MXWe4;100;counted;2025-12-15T11:38:43.141Z;9272799456880740;guest
jyMG1WPLTGmxvmBZtEt2;votes-artistes;R3DRrtGPGfw8jsQxG4r8;100;counted;2025-12-18T11:39:12.305Z;4664182925160990;guest
k102bC1BI2OPSrlrVnGD;votes-artistes;TXBLgEfug2LJqx5MXWe4;1000;counted;2025-12-15T10:58:15.181Z;2554457584878860;guest
k4BoFoqlurVtTyDvPqtf;votes-artistes;GEVWzgnMyTnavWjEa6pg;2000;pending;2025-12-17T11:30:38.962Z;;guest
k6Qqmolphe4kTfImAuch;votes-artistes;zNIM4k3VP04xbhamFPva;7000;counted;2025-12-19T17:11:27.463Z;1499341993217970;guest
k89YRADX0ZkBIljs4H8e;votes-artistes;TXBLgEfug2LJqx5MXWe4;100;pending;2025-12-15T09:08:15.704Z;;guest
kDMRFHxyOodPUrBYyOrX;votes-artistes;TXBLgEfug2LJqx5MXWe4;100;counted;2025-12-15T08:45:56.082Z;2447799849644630;guest
kI6dy8H2mOjXdIuX3KiA;votes-artistes;TXBLgEfug2LJqx5MXWe4;100;counted;2025-12-17T12:48:33.541Z;9836128909889410;guest
kITyubOJfZrZNoKTCC3r;votes-artistes;oucOMPgDKDQR8GKDvFHJ;100;pending;2025-12-19T18:17:38.887Z;;guest
kLYxDq8fPar55KJ2Jhge;votes-artistes;TXBLgEfug2LJqx5MXWe4;1000;counted;2025-12-15T21:41:05.929Z;377754269321131;guest
kM6fH4iO8v8uRAH79q3n;votes-artistes;TXBLgEfug2LJqx5MXWe4;200;pending;2025-12-15T21:00:23.843Z;;guest
kQXO7JDYMyJUaX7zG5rY;votes-artistes;RIAr7Uw1uo74gAhWWM9c;2000;pending;2025-12-15T14:51:28.108Z;;guest
kQZWq84Cdkg5EsGRjUi6;votes-artistes;TXBLgEfug2LJqx5MXWe4;100;pending;2025-12-17T00:13:10.150Z;;guest
kSpwEOrgogDRIZi8xNjq;votes-artistes;lrK8tSxZpQPYFTmIF7On;100;counted;2025-12-16T11:36:59.005Z;6550512917104370;guest
kUqME0ju0uJtKCOi5TI4;votes-artistes;GEVWzgnMyTnavWjEa6pg;100;pending;2025-12-18T12:53:23.278Z;;guest
kVvbIQMXAuyF5fIWmgzr;votes-artistes;TXBLgEfug2LJqx5MXWe4;1000;counted;2025-12-15T08:47:08.136Z;3639974518077900;guest
kWQ1CSSTxt6JDmQMUsEz;votes-artistes;lrK8tSxZpQPYFTmIF7On;1000;counted;2025-12-16T14:58:33.348Z;259607670796188;guest
kYTnRpfwpz4wUbJA1H3l;votes-artistes;oucOMPgDKDQR8GKDvFHJ;1000;pending;2025-12-19T12:52:44.033Z;;guest
khEQiueYXq5oLhRszdfT;votes-artistes;RIAr7Uw1uo74gAhWWM9c;500;counted;2025-12-19T19:25:31.048Z;2314098756187040;guest
khKm6oZNwVLhQ7ItKUml;votes-artistes;GEVWzgnMyTnavWjEa6pg;500;counted;2025-12-15T19:50:29.934Z;7005337754906680;guest
kijRwubCdqAwsoq5Jzk3;votes-artistes;TXBLgEfug2LJqx5MXWe4;100;pending;2025-12-15T13:46:20.255Z;;guest
kjkxBPKJ3z8j2h2AoqFa;votes-artistes;TXBLgEfug2LJqx5MXWe4;500;counted;2025-12-16T08:22:05.546Z;5355377853875340;guest
klPlawq0ZkKGv5fipPrz;votes-artistes;oucOMPgDKDQR8GKDvFHJ;100;counted;2025-12-19T06:09:10.324Z;8978919774429290;guest
kpS9ZWHRmgFI55FxgIM8;votes-artistes;TXBLgEfug2LJqx5MXWe4;100;pending;2025-12-22T16:07:12.775Z;;guest
kr7kad9SojrQZKb4QtMk;votes-artistes;RIAr7Uw1uo74gAhWWM9c;100;pending;2025-12-15T19:14:33.427Z;;guest
ktcevW5h6ZWWSTwSaENQ;votes-artistes;GEVWzgnMyTnavWjEa6pg;500;counted;2025-12-21T17:56:55.332Z;163856194368361;guest
kznMimks6ThrlDdx1ySo;votes-artistes;oucOMPgDKDQR8GKDvFHJ;100;pending;2025-12-15T11:12:51.448Z;;guest
l09NTPZVCBTm8Xd08AdU;votes-artistes;RIAr7Uw1uo74gAhWWM9c;300;counted;2025-12-15T21:59:32.539Z;6450787330493020;guest
l2b7lfSlcKBJ7zzElZm0;votes-artistes;TXBLgEfug2LJqx5MXWe4;100;counted;2025-12-15T10:59:01.221Z;2510260089021810;guest
l3MuLamrm2BGr9G7oy3I;votes-artistes;GEVWzgnMyTnavWjEa6pg;1000;pending;2025-12-17T20:13:47.712Z;;guest
l44I19lSfpHcefHAEDfq;votes-artistes;noLuODpebT7EXpZWBRkH;100;pending;2025-12-15T11:08:47.142Z;;guest
l4UOA9OityTKbMDiXw07;votes-artistes;6jJ1pd8NA2meRhVWW12M;400;pending;2025-12-15T09:48:34.210Z;;guest
l6TAkoAL0WCEJEeByrFt;votes-artistes;oucOMPgDKDQR8GKDvFHJ;500;counted;2025-12-16T15:37:58.093Z;3211221245568780;guest
l7QcHfC4mZborkiE1Shp;votes-artistes;oucOMPgDKDQR8GKDvFHJ;100;counted;2025-12-15T21:16:26.985Z;8464121051901220;guest
lAzetP58XhTgvLDlvovw;votes-artistes;GEVWzgnMyTnavWjEa6pg;1000;counted;2025-12-27T08:42:07.464Z;8328879536703850;guest
lEp94dOILJo8P5k33Q1d;votes-artistes;oucOMPgDKDQR8GKDvFHJ;100;pending;2025-12-15T11:35:14.647Z;;guest
lF9nZQbG0FWO3a0VE0tw;votes-artistes;oucOMPgDKDQR8GKDvFHJ;200;pending;2025-12-17T15:20:56.142Z;;guest
lFiK98D3zUai1RyxJV5s;votes-artistes;GEVWzgnMyTnavWjEa6pg;100;pending;2025-12-18T07:26:37.932Z;;guest
lPmkLBjMbwCme3wdVmQT;votes-artistes;81cTWJpXQxqb1LcEQ9Nd;5000;pending;2025-12-16T13:32:39.608Z;;guest
lY2oxnk4iAwz48wg2n1d;votes-artistes;GEVWzgnMyTnavWjEa6pg;200;counted;2025-12-21T16:25:20.598Z;248985274481776;guest
la8T05RFRjGLGsITA3wB;votes-artistes;RIAr7Uw1uo74gAhWWM9c;500;pending;2025-12-15T07:06:37.793Z;;guest
lbQqqVJzaQA7ZNCsTLZU;votes-artistes;lrK8tSxZpQPYFTmIF7On;100;counted;2025-12-19T20:53:47.467Z;2955607999781630;guest
ldmKkeeCJ5Kr2lIUe0Y8;votes-artistes;RIAr7Uw1uo74gAhWWM9c;100;counted;2025-12-18T07:18:29.430Z;2047298980524320;guest
lv2DTMmSRfFeCRVSWC8c;votes-artistes;RIAr7Uw1uo74gAhWWM9c;500;counted;2025-12-15T14:31:03.888Z;9564424791943670;guest
lwuNWmaR0M0lbFXDinxm;votes-artistes;TXBLgEfug2LJqx5MXWe4;500;counted;2025-12-15T09:38:48.645Z;7085337399333680;guest
lxjAyzVOWHDWLBDdjp2t;votes-artistes;TXBLgEfug2LJqx5MXWe4;3000;counted;2025-12-19T22:49:20.369Z;3328754961309900;guest
lzMofY4TQpTLVVCMVVAq;votes-artistes;oucOMPgDKDQR8GKDvFHJ;500;counted;2025-12-19T07:32:40.618Z;2205266282052650;guest
m1iNtcJoaaXqxdNiP8zB;votes-artistes;oucOMPgDKDQR8GKDvFHJ;300;counted;2025-12-16T18:56:06.590Z;8522947399909430;guest
m5eiaR8Bo81jZHjWgQcz;votes-artistes;noLuODpebT7EXpZWBRkH;200;pending;2025-12-15T19:37:57.113Z;;guest
mAygfh12zktYcaxyUthl;votes-artistes;zNIM4k3VP04xbhamFPva;1000;counted;2025-12-16T14:58:53.889Z;9572608111559960;guest
mBPsUl32u5UlLOy35c3u;votes-artistes;ANLYRIZ6gRU8LgLSyaRq;100;pending;2025-12-15T14:30:03.386Z;;guest
mHRbjqnHkeyG1NxvXHdC;votes-artistes;lrK8tSxZpQPYFTmIF7On;100;counted;2025-12-19T17:36:46.429Z;4454540328225850;guest
mI5PDxocbOZj4ZQ6cubE;votes-artistes;RIAr7Uw1uo74gAhWWM9c;1000;counted;2025-12-19T14:34:56.640Z;3777977247992480;guest
mLiDOXf0HAKmr5Hmp1TN;votes-artistes;oucOMPgDKDQR8GKDvFHJ;100;counted;2025-12-15T21:41:57.974Z;7449139741288600;guest
mMoDsUEfSjjH0sltIzxk;votes-artistes;oucOMPgDKDQR8GKDvFHJ;100;counted;2025-12-16T08:57:21.177Z;5762237509248660;guest
mQvFvymGV7RzBNkQZ8uC;votes-artistes;RIAr7Uw1uo74gAhWWM9c;100;counted;2025-12-15T13:05:18.866Z;1097522849247440;guest
mTVPShXP7iSFWWFRkUCV;votes-artistes;THSoBfgsHaDLamNs758L;100;counted;2025-12-18T10:57:44.511Z;8934958120037460;guest
mV3tZSr1S4sElmNR3QcU;votes-artistes;RIAr7Uw1uo74gAhWWM9c;500;counted;2025-12-19T17:26:21.051Z;8116898037034710;guest
ma813iNQn9vygxuzhqun;votes-artistes;GEVWzgnMyTnavWjEa6pg;100;counted;2025-12-15T11:17:57.127Z;5139594257399830;guest
meWCvbTZTiwte0KNt099;votes-artistes;ANLYRIZ6gRU8LgLSyaRq;1000;pending;2025-12-16T16:57:56.202Z;;guest
mn7WqeuRmrFZWrUG9t0U;votes-artistes;RIAr7Uw1uo74gAhWWM9c;200;pending;2025-12-17T18:14:07.355Z;;guest
mnK44yf1lDiJYXYtZGpK;votes-artistes;RIAr7Uw1uo74gAhWWM9c;100;pending;2025-12-15T14:21:34.036Z;;guest
moGz5XVLz20rIFEndgVT;votes-artistes;TXBLgEfug2LJqx5MXWe4;1000;counted;2025-12-17T19:53:27.970Z;4209491191170700;guest
moN7geVmfnh8eF7RyFb3;votes-artistes;GEVWzgnMyTnavWjEa6pg;1000;counted;2025-12-28T22:24:26.792Z;7470278484517360;guest
moPQdECh70j6ArOuYgSk;votes-artistes;oucOMPgDKDQR8GKDvFHJ;500;counted;2025-12-18T09:16:58.406Z;7396704642753470;guest
msBFjKHBfrCLiC2gBrLM;votes-artistes;TXBLgEfug2LJqx5MXWe4;1000000;pending;2025-12-20T16:19:50.254Z;;guest
murlFZ9vTBjwZboYMIEU;votes-artistes;oucOMPgDKDQR8GKDvFHJ;5000;counted;2025-12-16T10:29:04.934Z;9435517100531090;guest
mxm955I3ki4F2FnOaK1T;votes-artistes;TXBLgEfug2LJqx5MXWe4;500;counted;2025-12-15T11:12:33.937Z;908055297035136;guest
n2NyJjBHWRgbhqTE54Xo;votes-artistes;GEVWzgnMyTnavWjEa6pg;100;pending;2025-12-15T17:02:44.546Z;;guest
n35IueE2DzPSJvemWsPX;votes-artistes;THSoBfgsHaDLamNs758L;100;pending;2025-12-18T14:28:55.894Z;;guest
n8v4DTox0P2zElVch3gp;votes-artistes;lrK8tSxZpQPYFTmIF7On;200;counted;2025-12-27T00:21:46.239Z;5306714808012060;guest
nAFrFioxGJR0MZtMN6g2;votes-artistes;TXBLgEfug2LJqx5MXWe4;300;counted;2025-12-18T17:46:35.194Z;2250118504257260;guest
nAJoM435i4lNlm6V31rA;votes-artistes;RIAr7Uw1uo74gAhWWM9c;100;counted;2025-12-18T07:21:06.240Z;3804258648778120;guest
nARFoGQ4CQeRu65QNleG;votes-artistes;oucOMPgDKDQR8GKDvFHJ;100;counted;2025-12-20T18:41:16.861Z;1007525903069150;guest
nBEfpV2I3NWZ0ByrVXhz;votes-artistes;RIAr7Uw1uo74gAhWWM9c;100;pending;2025-12-16T06:35:23.082Z;;guest
nC4s9mZVhiET4gEpfarw;votes-artistes;RIAr7Uw1uo74gAhWWM9c;1000;counted;2025-12-18T15:15:26.756Z;5467348136151250;guest
nCAdM13zKFriEAuXZBat;votes-artistes;TXBLgEfug2LJqx5MXWe4;1000;counted;2025-12-15T09:15:53.016Z;8155244365583460;guest
nJ19APfPyXtK9buKQVtp;votes-artistes;TXBLgEfug2LJqx5MXWe4;100;pending;2025-12-17T08:02:42.028Z;;guest
nL0sJSABeKgF6BzdOcwZ;votes-artistes;lrK8tSxZpQPYFTmIF7On;100;pending;2025-12-17T09:18:15.860Z;;guest
nNN4ewSuJkcseHMiVp1N;votes-artistes;RIAr7Uw1uo74gAhWWM9c;1000;counted;2025-12-16T17:46:18.869Z;5508545648082060;guest
nOFoPOVD9LrkTFZBW7fb;votes-artistes;TXBLgEfug2LJqx5MXWe4;500;counted;2025-12-15T12:23:43.646Z;623652789686767;guest
nP8BAlxdijPlXR83OgmN;votes-artistes;ANLYRIZ6gRU8LgLSyaRq;200;counted;2025-12-18T15:39:44.867Z;1531467053331080;guest
nPkRzsAkl9ltuZnHecEs;votes-artistes;ANLYRIZ6gRU8LgLSyaRq;100;pending;2025-12-22T23:33:48.181Z;;guest
nPqOp1hau3Pvwj9UMXjp;votes-artistes;oucOMPgDKDQR8GKDvFHJ;100;pending;2025-12-17T10:54:57.031Z;;guest
nY0PEEHlEmwASvLC05Uc;votes-artistes;RIAr7Uw1uo74gAhWWM9c;1000;counted;2025-12-15T10:41:31.736Z;7780907835936200;guest
naD5vGGopABnwFPMCC46;votes-artistes;GEVWzgnMyTnavWjEa6pg;2300;counted;2025-12-17T17:06:45.865Z;7707239882222480;guest
ngqiCUDwwlVxoYlA0rPG;votes-artistes;R3DRrtGPGfw8jsQxG4r8;100;pending;2025-12-16T22:10:31.517Z;;guest
npHSherxc7p4WEp4k0qR;votes-artistes;RIAr7Uw1uo74gAhWWM9c;1000;counted;2025-12-15T13:43:33.639Z;709096438464069;guest
nr0uRxOGCZ2V1sSwjDih;votes-artistes;TXBLgEfug2LJqx5MXWe4;5000;counted;2025-12-16T10:36:58.014Z;3826128015297430;guest
nt59uQqpSTR23Xz4kJ1F;votes-artistes;RIAr7Uw1uo74gAhWWM9c;2000;counted;2025-12-18T15:57:15.468Z;8458818066202300;guest
nvvSohyTY1UStGlfxK0z;votes-artistes;RIAr7Uw1uo74gAhWWM9c;1000;pending;2025-12-15T14:02:48.413Z;;guest
nyX68nwOCyGkyklB0r0z;votes-artistes;RIAr7Uw1uo74gAhWWM9c;300;pending;2025-12-15T14:30:36.862Z;;guest
o7AJsXfwkXHJooef0ODr;votes-artistes;81cTWJpXQxqb1LcEQ9Nd;100;pending;2025-12-15T12:38:15.309Z;;guest
oA6XehtOIWhEDN9UshAA;votes-artistes;RIAr7Uw1uo74gAhWWM9c;500;counted;2025-12-16T18:08:40.966Z;4459702571667620;guest
oEvKkHn8SVOvDaqm6on9;votes-artistes;RIAr7Uw1uo74gAhWWM9c;300;pending;2025-12-18T21:16:08.501Z;;guest
oGOfcg5XM20Jb2jKVgZB;votes-artistes;lrK8tSxZpQPYFTmIF7On;2000;pending;2025-12-16T12:35:24.990Z;;guest
oGcbj9YRSZdNCJUGuybs;votes-artistes;GEVWzgnMyTnavWjEa6pg;500;counted;2025-12-15T08:31:58.465Z;2054897817602300;guest
oJDJYVWe6e0RflBJsmiM;votes-artistes;GEVWzgnMyTnavWjEa6pg;2000;pending;2025-12-17T07:42:05.817Z;;guest
oNOIqUxNkdtpuKbJAfPx;votes-artistes;GEVWzgnMyTnavWjEa6pg;2000;pending;2025-12-19T18:29:51.909Z;;guest
oOUzN9SGQlz2GBzFVsd7;votes-artistes;lrK8tSxZpQPYFTmIF7On;100;pending;2025-12-19T23:53:02.160Z;;guest
oOeyor24g4Bec1P1PHZD;votes-artistes;oucOMPgDKDQR8GKDvFHJ;100;pending;2025-12-15T13:20:48.972Z;;guest
oOl2Z0rzzjFgAwQ52CEN;votes-artistes;RIAr7Uw1uo74gAhWWM9c;100;counted;2025-12-18T21:12:28.279Z;6925492520688860;guest
oQUfpLemdZz7ASaajRWP;votes-artistes;oucOMPgDKDQR8GKDvFHJ;200;counted;2025-12-16T10:32:47.875Z;9987817834446610;guest
oRKCJjEJ2Sh9xYWdyCgG;votes-artistes;GEVWzgnMyTnavWjEa6pg;100;pending;2025-12-18T07:52:11.032Z;;guest
oRRGH6TT2LCPHCGGKj8t;votes-artistes;TXBLgEfug2LJqx5MXWe4;100;pending;2025-12-15T10:57:31.029Z;;guest
oVZkZ0spkSONfXS2jZSd;votes-artistes;oucOMPgDKDQR8GKDvFHJ;500;counted;2025-12-17T17:26:05.824Z;5208549767127110;guest
oZdfDXDEw4jz4p0iQz1M;votes-artistes;RIAr7Uw1uo74gAhWWM9c;100;pending;2025-12-26T12:27:10.387Z;;guest
odmz0xNCufDVPxCS8CFq;votes-artistes;oucOMPgDKDQR8GKDvFHJ;500;counted;2025-12-16T07:03:54.504Z;7384876021528360;guest
okaXU1zcOIH0vTcUviiu;votes-artistes;TXBLgEfug2LJqx5MXWe4;10000;pending;2025-12-16T11:14:57.478Z;;guest
oo1Qec9vLvxnT0MDrfXj;votes-artistes;TXBLgEfug2LJqx5MXWe4;10000;pending;2025-12-18T20:52:13.910Z;;guest
oosuuh1fj7ULDCQykh1w;votes-artistes;GEVWzgnMyTnavWjEa6pg;2000;counted;2025-12-17T14:19:52.318Z;2823683034632480;guest
oqY6KY5rtcOPAQ7LzpQw;votes-artistes;81cTWJpXQxqb1LcEQ9Nd;400;counted;2025-12-15T19:01:04.439Z;710759899221647;guest
ossa1waajVRn15glOaD8;votes-artistes;GEVWzgnMyTnavWjEa6pg;1000;pending;2025-12-17T15:21:57.502Z;;guest
ouV9z9I2j3FX5ukthmR4;votes-artistes;R3DRrtGPGfw8jsQxG4r8;5000;pending;2025-12-15T15:47:04.766Z;;guest
oxqOKFOdosSjN4d3j1WY;votes-artistes;THSoBfgsHaDLamNs758L;500;counted;2025-12-18T16:48:16.074Z;3221917203417010;guest
oy16aACDe3UNbNCJECBa;votes-artistes;TXBLgEfug2LJqx5MXWe4;100;counted;2025-12-15T08:21:26.098Z;40052589359639;guest
p1gUIncoNbmVYb39BovN;votes-artistes;lrK8tSxZpQPYFTmIF7On;200;pending;2025-12-19T21:57:44.212Z;;guest
p20CkQASm6scb4rCg81b;votes-artistes;oucOMPgDKDQR8GKDvFHJ;500;counted;2025-12-19T06:27:37.413Z;5413284215266310;guest
p2toooQKQq4C2whK1Tud;votes-artistes;oucOMPgDKDQR8GKDvFHJ;900;counted;2025-12-19T05:02:17.728Z;4140000593925450;guest
p53Mgk52N86Ui0K208LO;votes-artistes;ANLYRIZ6gRU8LgLSyaRq;1000;counted;2025-12-16T17:01:48.697Z;9194593204713500;guest
p5zrZzdysKY1qMPD3YTa;votes-artistes;oucOMPgDKDQR8GKDvFHJ;4800;counted;2025-12-15T15:09:09.506Z;3120116821645360;guest
p6ccVxVaOJ0roRviJQyZ;votes-artistes;TXBLgEfug2LJqx5MXWe4;100;pending;2025-12-15T20:37:51.295Z;;guest
pAL7cz4NZWS7Iq0VBgcl;votes-artistes;TXBLgEfug2LJqx5MXWe4;100;pending;2025-12-15T08:58:16.287Z;;guest
pDspatJtOqoEQUNhAz7X;votes-artistes;GEVWzgnMyTnavWjEa6pg;200;pending;2025-12-28T15:19:52.065Z;;guest
pIYdMprQPkXnvkDXla3K;votes-artistes;TXBLgEfug2LJqx5MXWe4;100;pending;2025-12-15T14:52:24.252Z;;guest
pU7A78FglrnbKy9Y4IfU;votes-artistes;TXBLgEfug2LJqx5MXWe4;1600;pending;2025-12-19T22:15:00.194Z;;guest
pd2O2EEX0LYplzg0w1mP;votes-artistes;TXBLgEfug2LJqx5MXWe4;100;pending;2025-12-15T06:47:32.390Z;;guest
pdPVRNoJqMtOS4N2QxSw;votes-artistes;noLuODpebT7EXpZWBRkH;700;pending;2025-12-15T10:29:44.832Z;;guest
pljfiOlpBRLKT3uh0SjJ;votes-artistes;aUt5Vh29CsUcstBHEF8H;1000;counted;2025-12-16T20:14:24.019Z;4645992396427530;guest
pr0xU2jffqNoIVyX8RST;votes-artistes;GEVWzgnMyTnavWjEa6pg;3000;counted;2025-12-18T09:09:09.518Z;4681256453826360;guest
px5fiEU9OZkwMzZFtu7G;votes-artistes;oucOMPgDKDQR8GKDvFHJ;100;counted;2025-12-15T10:31:02.847Z;5790224920691600;guest
py3x4ngPRQ808mxxjJfp;votes-artistes;TXBLgEfug2LJqx5MXWe4;2000;counted;2025-12-16T19:00:02.986Z;7315213521307290;guest
py4bEHdbFJyd6VtMx5Nh;votes-artistes;GEVWzgnMyTnavWjEa6pg;1000;counted;2025-12-18T07:51:39.755Z;7028340685850710;guest
q0dqKr60q059mXN0Jx0U;votes-artistes;oucOMPgDKDQR8GKDvFHJ;300;pending;2025-12-18T09:15:39.093Z;;guest
q38CN2pxxAun1Es2dMGJ;votes-artistes;TXBLgEfug2LJqx5MXWe4;8600;pending;2025-12-19T21:43:23.221Z;;guest
q5ZchyuCx19uKjw9VDcv;votes-artistes;oucOMPgDKDQR8GKDvFHJ;100;counted;2025-12-17T08:08:22.933Z;6048790982120980;guest
qBxEbLiW15zJ6gHoy2SO;votes-artistes;RIAr7Uw1uo74gAhWWM9c;100;pending;2025-12-18T11:58:30.268Z;;guest
qCjMMTlQtfYXASAdM2Ti;votes-artistes;oucOMPgDKDQR8GKDvFHJ;100;pending;2025-12-16T21:52:52.706Z;;guest
qENL3muYzBJDbuRBPiDJ;votes-artistes;TXBLgEfug2LJqx5MXWe4;100;pending;2025-12-16T20:08:34.609Z;;guest
qFEZVkXooML6wMJxOXmz;votes-artistes;RIAr7Uw1uo74gAhWWM9c;100;counted;2025-12-15T19:31:18.274Z;72979140232709;guest
qGmfs9HvwL1HRxvwLWYM;votes-artistes;lrK8tSxZpQPYFTmIF7On;500;counted;2025-12-27T00:30:39.337Z;8491266617509210;guest
qJArdXYJcc5UQQU3Wzsc;votes-artistes;GEVWzgnMyTnavWjEa6pg;2500;pending;2025-12-17T19:22:59.919Z;;guest
qKOppe3lC7R4GihSLwZg;votes-artistes;ANLYRIZ6gRU8LgLSyaRq;1000;pending;2025-12-27T16:34:34.321Z;;guest
qLyJBSwcpvpj7nr4RUL8;votes-artistes;TXBLgEfug2LJqx5MXWe4;100;pending;2025-12-15T21:07:16.198Z;;guest
qQ1ufgQzGm0UWy1BwJjT;votes-artistes;GEVWzgnMyTnavWjEa6pg;100;pending;2025-12-15T07:30:10.136Z;;guest
qUGDFGD2nGUoKrHUf0Cc;votes-artistes;GEVWzgnMyTnavWjEa6pg;100;counted;2025-12-16T17:04:29.683Z;29053959289497;guest
qZFtiYKN1x8UN6ixN5kJ;votes-artistes;TXBLgEfug2LJqx5MXWe4;100;pending;2025-12-22T19:44:23.542Z;;guest
qbOVyQ83ox71Royv6zEz;votes-artistes;oucOMPgDKDQR8GKDvFHJ;100;pending;2025-12-15T11:12:19.448Z;;guest
qcnq6sfZbWsS1Nykw7XE;votes-artistes;R3DRrtGPGfw8jsQxG4r8;2000;pending;2025-12-15T13:11:47.305Z;;guest
qh3AoVsJx0VoivGBW73J;votes-artistes;oucOMPgDKDQR8GKDvFHJ;100;pending;2025-12-16T18:56:37.940Z;;guest
qiqFTu4BkegP9wHlA9y8;votes-artistes;GEVWzgnMyTnavWjEa6pg;200;counted;2025-12-15T09:41:45.397Z;2580815291384270;guest
qjKDwUK7LPd8zlQn42zQ;votes-artistes;RIAr7Uw1uo74gAhWWM9c;900;pending;2025-12-17T19:46:39.823Z;;guest
qlTrMCWM0UBYW1qajSjO;votes-artistes;lrK8tSxZpQPYFTmIF7On;100;pending;2025-12-17T15:19:14.866Z;;guest
qpHOrUarRQv747DizHkS;votes-artistes;RIAr7Uw1uo74gAhWWM9c;5000;pending;2025-12-16T22:26:08.698Z;;guest
qptbXx2uOmHeoa4BFABB;votes-artistes;GEVWzgnMyTnavWjEa6pg;100;pending;2025-12-28T16:04:13.948Z;;guest
qsDVZB5GYHzbFKj6XV6W;votes-artistes;GEVWzgnMyTnavWjEa6pg;100;counted;2025-12-18T16:53:23.170Z;6273382063359080;guest
qv9KKtKCFj3UQKLHJn8Y;votes-artistes;GEVWzgnMyTnavWjEa6pg;500;pending;2025-12-19T22:03:43.144Z;;guest
qvJ7fHvpFpUDFQMHCrUn;votes-artistes;RIAr7Uw1uo74gAhWWM9c;100;pending;2025-12-17T18:49:11.821Z;;guest
r1E3w2hJAQ3D3XdiVwXl;votes-artistes;oucOMPgDKDQR8GKDvFHJ;100;counted;2025-12-26T12:43:35.459Z;912040628695511;guest
r3IDOqBZJ0JU1WhqaFlM;votes-artistes;GEVWzgnMyTnavWjEa6pg;2000;pending;2025-12-19T18:42:57.404Z;;guest
r4DVPTPCerzYrJehtXhG;votes-artistes;oucOMPgDKDQR8GKDvFHJ;100;pending;2025-12-15T11:21:45.592Z;;guest
r9zJBSg3UC27oavVhxQU;votes-artistes;GEVWzgnMyTnavWjEa6pg;1000;counted;2025-12-20T22:47:48.213Z;3464823717065830;guest
rAdBUGynAqMVh1vVX83t;votes-artistes;TXBLgEfug2LJqx5MXWe4;100;pending;2025-12-15T21:05:20.775Z;;guest
rIjQE7qUTIHmwiIa725Y;votes-artistes;TXBLgEfug2LJqx5MXWe4;500;pending;2025-12-18T10:40:10.981Z;;guest
rJ5lnw406C4MZyw6AOti;votes-artistes;lrK8tSxZpQPYFTmIF7On;100;pending;2025-12-16T11:12:56.094Z;;guest
rL3ud7tlEPg6XtPhCuG4;votes-artistes;GEVWzgnMyTnavWjEa6pg;400;counted;2025-12-15T09:24:50.470Z;5169811594030720;guest
rLM5Z3JBTJurVs3VLPrQ;votes-artistes;lrK8tSxZpQPYFTmIF7On;100;counted;2025-12-16T15:23:32.820Z;2846377928885070;guest
rONwddQ44fXItNfy6VHO;votes-artistes;GEVWzgnMyTnavWjEa6pg;1100;pending;2025-12-15T09:53:46.682Z;;guest
rQMP0jO5FoxiO3VS42S0;votes-artistes;TXBLgEfug2LJqx5MXWe4;100;pending;2025-12-17T08:57:53.489Z;;guest
rRH24I6yVQLwVPqohN8f;votes-artistes;6jJ1pd8NA2meRhVWW12M;2000;counted;2025-12-15T11:17:59.167Z;9637796330038790;guest
rTnv1P9TyTRh1FoLFf7i;votes-artistes;GEVWzgnMyTnavWjEa6pg;5000;counted;2025-12-16T07:53:17.114Z;8497551466595630;guest
rTunhDbJNvDVvmACmYGf;votes-artistes;TXBLgEfug2LJqx5MXWe4;1000;counted;2025-12-19T22:11:33.963Z;7120844196247550;guest
ra4Q1Ib8K2h5ZhE3NPCf;votes-artistes;R3DRrtGPGfw8jsQxG4r8;100;pending;2025-12-15T09:01:09.649Z;;guest
rcfi7eRagE3Pu8cBbJ7a;votes-artistes;RIAr7Uw1uo74gAhWWM9c;100;pending;2025-12-16T08:47:23.180Z;;guest
ri8xmIyMKSKIp2PyLQ76;votes-artistes;oucOMPgDKDQR8GKDvFHJ;100;counted;2025-12-15T09:22:18.994Z;8290976965837120;guest
rlaDxcb2qFfv0Nr2aaWr;votes-artistes;TXBLgEfug2LJqx5MXWe4;5000;pending;2025-12-16T10:32:25.607Z;;guest
rlcJdO7TlPcnsdUC3Dhc;votes-artistes;GEVWzgnMyTnavWjEa6pg;10000;counted;2025-12-17T13:04:07.209Z;5906074795104690;guest
rmXsHYGDrsc2foSmrpSw;votes-artistes;RIAr7Uw1uo74gAhWWM9c;100;counted;2025-12-16T17:12:33.478Z;1591577137537680;guest
roCy1A3Th4s6gIxdcYwt;votes-artistes;oucOMPgDKDQR8GKDvFHJ;200;pending;2025-12-15T17:42:45.457Z;;guest
rp8gu3WruCoeH2A3QuJR;votes-artistes;GEVWzgnMyTnavWjEa6pg;2000;counted;2025-12-19T22:11:42.449Z;8777415634292830;guest
rs8BrFoLWInFImc6hFgc;votes-artistes;TXBLgEfug2LJqx5MXWe4;32000;counted;2025-12-19T22:46:13.641Z;4453649964944460;guest
ry1WMh8nMS8lcfPMU3hH;votes-artistes;oucOMPgDKDQR8GKDvFHJ;100;pending;2025-12-18T20:42:27.920Z;;guest
ryRYjGrCcii2wKz6alYn;votes-artistes;GEVWzgnMyTnavWjEa6pg;5000;counted;2025-12-17T00:10:28.005Z;8802288151295380;guest
s0jz5SMBeeBJh7VZJ8DR;votes-artistes;aUt5Vh29CsUcstBHEF8H;500;counted;2025-12-16T16:27:44.476Z;5885538295343070;guest
s4SkvSGnGVBQKPyFJzu6;votes-artistes;oucOMPgDKDQR8GKDvFHJ;1000;pending;2025-12-17T19:53:42.792Z;;guest
s5ANZxLozlVsHoWa4dcq;votes-artistes;ANLYRIZ6gRU8LgLSyaRq;100;pending;2025-12-15T08:09:00.055Z;;guest
s63LGMi7sMaUmACFjUEG;votes-artistes;81cTWJpXQxqb1LcEQ9Nd;1000;counted;2025-12-16T11:34:44.990Z;1507455262330590;guest
s7p4ON8IFyEdJZZkXFPB;votes-artistes;GEVWzgnMyTnavWjEa6pg;500;pending;2025-12-15T08:11:47.067Z;;guest
s8icRcqwY1KFPeJxZdqT;votes-artistes;TXBLgEfug2LJqx5MXWe4;100;pending;2025-12-15T20:09:50.240Z;;guest
s8uv4u3w0ByUm6pbw5ge;votes-artistes;R3DRrtGPGfw8jsQxG4r8;100;pending;2025-12-15T07:06:18.043Z;;guest
sBwNe6p6LyJt6sLb2DZm;votes-artistes;RIAr7Uw1uo74gAhWWM9c;100;pending;2025-12-15T14:44:58.223Z;;guest
sDZQcaz9IPmYHPlNr5hW;votes-artistes;oucOMPgDKDQR8GKDvFHJ;100;pending;2025-12-16T19:43:40.072Z;;guest
sDZoT9Pq0bWD9wVerEj1;votes-artistes;TXBLgEfug2LJqx5MXWe4;100;counted;2025-12-15T23:16:38.388Z;6441786733299720;guest
sHIiMHFlCFkFeNhjLekd;votes-artistes;GEVWzgnMyTnavWjEa6pg;100;pending;2025-12-19T21:06:52.659Z;;guest
sHdhXIxYIxdagKvz0L31;votes-artistes;TXBLgEfug2LJqx5MXWe4;5000;counted;2025-12-16T16:15:43.391Z;7949107401103890;guest
sKzCC5QipAlgd7iFOn6n;votes-artistes;TXBLgEfug2LJqx5MXWe4;100;pending;2025-12-15T07:39:14.700Z;;guest
sM4WtvbtOkC2yhbCsJyx;votes-artistes;GEVWzgnMyTnavWjEa6pg;100;pending;2025-12-15T08:14:53.298Z;;guest
sNCRjjPJ2jT2TSptVvYi;votes-artistes;TXBLgEfug2LJqx5MXWe4;100;counted;2025-12-28T20:30:31.135Z;5281308163975930;guest
sZStaGtLI2Mj9FH5NWlI;votes-artistes;TXBLgEfug2LJqx5MXWe4;200;counted;2025-12-16T21:02:24.183Z;5465062483342760;guest
sa1w58ditUDDiLRAqfHu;votes-artistes;GEVWzgnMyTnavWjEa6pg;100;pending;2025-12-15T11:17:52.547Z;;guest
sb6CZFu0YAcH5Sg33z3u;votes-artistes;GEVWzgnMyTnavWjEa6pg;100;counted;2025-12-15T10:03:08.818Z;5792293451946380;guest
shMIAs9d81DXIKBSw8CP;votes-artistes;GEVWzgnMyTnavWjEa6pg;100;pending;2025-12-19T22:46:01.823Z;;guest
shVbtvOxL7dLaydSht91;votes-artistes;TXBLgEfug2LJqx5MXWe4;1500;counted;2025-12-15T11:19:07.434Z;3641675689447410;guest
shxnCXl4OGOaDdGfRcjL;votes-artistes;GEVWzgnMyTnavWjEa6pg;100;pending;2025-12-22T10:30:54.818Z;;guest
sjV0qeeE5Sr9MBm1H3fb;votes-artistes;oucOMPgDKDQR8GKDvFHJ;100;counted;2025-12-15T17:33:11.075Z;4734393827477430;guest
skabxafwMHlpV9vVBxCQ;votes-artistes;TXBLgEfug2LJqx5MXWe4;200;counted;2025-12-16T06:16:54.760Z;2472260962825340;guest
smrRaEcaS0RjCbA52tH7;votes-artistes;oucOMPgDKDQR8GKDvFHJ;100;pending;2025-12-19T06:56:29.929Z;;guest
sneQMAaoTl5v30wPlhjf;votes-artistes;THSoBfgsHaDLamNs758L;1000;counted;2025-12-19T11:53:03.002Z;4575206893547750;guest
sqoEv07ZDfCWOSjYyMQk;votes-artistes;TXBLgEfug2LJqx5MXWe4;10000;counted;2025-12-18T22:13:21.368Z;3639192283360680;guest
suC3mD4IgqzQ0GiSz9UK;votes-artistes;zNIM4k3VP04xbhamFPva;100;counted;2025-12-16T08:45:41.024Z;1895395627969540;guest
sye2Ml8FP0LIKTCgbNyK;votes-artistes;oucOMPgDKDQR8GKDvFHJ;500;counted;2025-12-20T14:33:47.015Z;8566034343939680;guest
t0K0hV4tOCW4g9WXOoYS;votes-artistes;R3DRrtGPGfw8jsQxG4r8;500;pending;2025-12-18T11:38:37.225Z;;guest
t1jUs1zSVQJBtnunwpQZ;votes-artistes;oucOMPgDKDQR8GKDvFHJ;100;pending;2025-12-18T15:03:50.655Z;;guest
t8nXl4PFq8k2F81Lfg9o;votes-artistes;TXBLgEfug2LJqx5MXWe4;5000;counted;2025-12-15T15:10:23.923Z;5750819846237870;guest
tCjj1JnAPSwySw8c6Nv0;votes-artistes;oucOMPgDKDQR8GKDvFHJ;100;counted;2025-12-18T21:47:17.385Z;5746054603680940;guest
tCszs1Nhlc4D161x1iCH;votes-artistes;RIAr7Uw1uo74gAhWWM9c;100;pending;2025-12-15T10:47:16.606Z;;guest
tDJRQksWBSU5JuOJcBoF;votes-artistes;oucOMPgDKDQR8GKDvFHJ;100;counted;2025-12-20T04:57:13.145Z;5116127459047450;guest
tGay0qp12f4FmSMFHDbR;votes-artistes;oucOMPgDKDQR8GKDvFHJ;3600;pending;2025-12-18T16:20:07.330Z;;guest
tJjUw6n3edt2utMxJhoP;votes-artistes;TXBLgEfug2LJqx5MXWe4;100;pending;2025-12-15T07:32:54.135Z;;guest
tJsGF5xyAAFDdnvdF3FC;votes-artistes;RIAr7Uw1uo74gAhWWM9c;3600;pending;2025-12-15T17:48:07.434Z;;guest
tK9T9bsK2xWCH4bNDUrM;votes-artistes;GEVWzgnMyTnavWjEa6pg;100;pending;2025-12-15T06:40:33.796Z;;guest
tOD4VHonySLLz6o6bv7S;votes-artistes;oucOMPgDKDQR8GKDvFHJ;100;pending;2025-12-15T08:26:52.949Z;;guest
tOvoiiBn0zjYhBeuMbJd;votes-artistes;THSoBfgsHaDLamNs758L;100;pending;2025-12-19T12:02:30.141Z;;guest
tP60shF0x2yCEDg3PIEF;votes-artistes;TXBLgEfug2LJqx5MXWe4;500;counted;2025-12-19T22:49:30.541Z;2097222336150880;guest
tQR5TioLnJolwEmtpZYJ;votes-artistes;aUt5Vh29CsUcstBHEF8H;1000;pending;2025-12-15T21:54:30.216Z;;guest
tU81BwQWWNXGNkTAysaO;votes-artistes;TXBLgEfug2LJqx5MXWe4;100;pending;2025-12-15T08:42:14.820Z;;guest
tUT19xLQTijr4FdPRcsx;votes-artistes;TXBLgEfug2LJqx5MXWe4;100;counted;2025-12-15T22:45:22.784Z;212177877174000;guest
tUfoc2DvNGc3nlQ5FGkf;votes-artistes;oucOMPgDKDQR8GKDvFHJ;100;counted;2025-12-17T20:22:19.742Z;5812159883176470;guest
tX0rF8T60QorHdttvXAB;votes-artistes;lrK8tSxZpQPYFTmIF7On;200;counted;2025-12-17T11:17:13.693Z;6878050255222410;guest
tampuo3xcL8KRX3DLi90;votes-artistes;RIAr7Uw1uo74gAhWWM9c;100;pending;2025-12-28T12:28:14.368Z;;guest
tell1IO9pw98Szqjb5Sz;votes-artistes;oucOMPgDKDQR8GKDvFHJ;100;pending;2025-12-17T15:19:10.788Z;;guest
tgrSfSUP0T65MqNSIa2m;votes-artistes;GEVWzgnMyTnavWjEa6pg;1000;pending;2025-12-19T22:46:45.200Z;;guest
tjOAkRXbnk1DSf311xew;votes-artistes;RIAr7Uw1uo74gAhWWM9c;1000;pending;2025-12-15T10:35:26.959Z;;guest
tkgUMVMuJaO91gtec8hN;votes-artistes;R3DRrtGPGfw8jsQxG4r8;500;pending;2025-12-15T08:42:27.980Z;;guest
tlMgnqsyfj5ztCqV5uXL;votes-artistes;RIAr7Uw1uo74gAhWWM9c;200;counted;2025-12-17T18:10:22.614Z;693823952006901;guest
tnwcxKGwWK2wha48v06r;votes-artistes;oucOMPgDKDQR8GKDvFHJ;300;counted;2025-12-15T21:05:42.326Z;3697351102526750;guest
to4w3v103YU9ugmY1D2C;votes-artistes;GEVWzgnMyTnavWjEa6pg;100;counted;2025-12-15T15:53:22.517Z;8493116024788440;guest
todRvWFS0ETr6jz4VlC1;votes-artistes;GEVWzgnMyTnavWjEa6pg;10000;pending;2025-12-15T11:28:10.684Z;;guest
tpx64EvkqcgCiMgbpYDw;votes-artistes;81cTWJpXQxqb1LcEQ9Nd;100;pending;2025-12-16T10:42:46.878Z;;guest
twbFRIrbxVvuSHh484K1;votes-artistes;oucOMPgDKDQR8GKDvFHJ;100;counted;2025-12-15T10:17:41.779Z;4599043674963870;guest
u2tmoQ3CaFVqQOaytUKz;votes-artistes;oucOMPgDKDQR8GKDvFHJ;10000;pending;2025-12-19T07:38:11.874Z;;guest
u3d33sNLcLjQ1OsE3qip;votes-artistes;GEVWzgnMyTnavWjEa6pg;5000;counted;2025-12-28T22:43:21.953Z;3221906270290430;guest
u5jGCv9KBVeSwMGCrjTr;votes-artistes;TXBLgEfug2LJqx5MXWe4;20000;pending;2025-12-19T22:38:05.616Z;;guest
u7PbtVMb7HxC6neeIINR;votes-artistes;oucOMPgDKDQR8GKDvFHJ;2000;counted;2025-12-15T21:55:23.526Z;2051035067479990;guest
uBBlwQtD70Co2RbEmS1E;votes-artistes;GEVWzgnMyTnavWjEa6pg;100;pending;2025-12-16T12:20:40.020Z;;guest
uBcnApedGOsKcnma5z2l;votes-artistes;GEVWzgnMyTnavWjEa6pg;3000;counted;2025-12-21T22:48:29.634Z;9541713932862940;guest
uBm0OzrVU0Jl6vtReyUo;votes-artistes;R3DRrtGPGfw8jsQxG4r8;100;pending;2025-12-15T13:07:17.717Z;;guest
uEQuKLOr7RJlPbNGJ1t7;votes-artistes;GEVWzgnMyTnavWjEa6pg;200;pending;2025-12-15T11:42:27.721Z;;guest
uFSmTeXd4N2uPnlG5erc;votes-artistes;RIAr7Uw1uo74gAhWWM9c;100;pending;2025-12-26T12:39:41.121Z;;guest
uIRbwSmHHhMoGdfz4AHy;votes-artistes;GEVWzgnMyTnavWjEa6pg;300;counted;2025-12-26T11:35:22.601Z;4096722214611670;guest
uKRcIBVh0yHxCebfZPCN;votes-artistes;oucOMPgDKDQR8GKDvFHJ;100;pending;2025-12-15T11:12:50.570Z;;guest
uMjPBlShjfAEKN1IUooq;votes-artistes;oucOMPgDKDQR8GKDvFHJ;200;pending;2025-12-20T21:01:27.129Z;;guest
uNZMA2DPbxz9eqeb29ql;votes-artistes;GEVWzgnMyTnavWjEa6pg;100000;pending;2025-12-18T13:21:35.365Z;;guest
uQAxINlYudIT3ucYePNj;votes-artistes;TXBLgEfug2LJqx5MXWe4;500;counted;2025-12-16T20:18:57.500Z;5773392850321730;guest
uSYyLseobHrxFSSTKaQC;votes-artistes;RIAr7Uw1uo74gAhWWM9c;100;pending;2025-12-17T18:50:44.638Z;;guest
uTojB3JDOzfmKBslWGWn;votes-artistes;RIAr7Uw1uo74gAhWWM9c;200;pending;2025-12-17T18:08:47.954Z;;guest
uVjiI4SNeqPxRznYNaSN;votes-artistes;GEVWzgnMyTnavWjEa6pg;100;pending;2025-12-15T08:37:46.240Z;;guest
uZWQLs4UrBvg7QP19Lxu;votes-artistes;oucOMPgDKDQR8GKDvFHJ;100;counted;2025-12-22T16:28:59.707Z;669027334998790;guest
uegYefRN6dl4OlcglcLl;votes-artistes;ANLYRIZ6gRU8LgLSyaRq;4700;pending;2025-12-16T11:35:13.505Z;;guest
ufK2qHd4hudDEWMKMlRH;votes-artistes;81cTWJpXQxqb1LcEQ9Nd;100;pending;2025-12-16T10:59:16.289Z;;guest
ufkbUNcfaeQQG7J0xyBp;votes-artistes;lrK8tSxZpQPYFTmIF7On;1000;counted;2025-12-21T05:54:31.366Z;7587018727312860;guest
ui6DMwX5tcorX0wYYwuF;votes-artistes;ANLYRIZ6gRU8LgLSyaRq;500;pending;2025-12-15T08:00:05.041Z;;guest
ui9v2ef0Iux5NjUfZvHT;votes-artistes;GEVWzgnMyTnavWjEa6pg;100;pending;2025-12-16T20:20:05.165Z;;guest
uiEVv01u6T2Rh8wJjE1l;votes-artistes;TXBLgEfug2LJqx5MXWe4;300;pending;2025-12-15T12:05:46.007Z;;guest
uls8WoxoOR6Tt5qyulHl;votes-artistes;oucOMPgDKDQR8GKDvFHJ;100;pending;2025-12-16T11:47:57.220Z;;guest
unaQccbO9eewltxmUzB7;votes-artistes;lrK8tSxZpQPYFTmIF7On;300;counted;2025-12-20T05:30:00.234Z;2973596396319900;guest
uwqJMF6U9YVEi2SJSjU2;votes-artistes;oucOMPgDKDQR8GKDvFHJ;100;pending;2025-12-19T08:46:34.115Z;;guest
v0LMQx6jNHeKvksxQ56U;votes-artistes;oucOMPgDKDQR8GKDvFHJ;1000;pending;2025-12-16T10:25:26.729Z;;guest
v5OR3sy45aHQSMbGNx6L;votes-artistes;lrK8tSxZpQPYFTmIF7On;100;pending;2025-12-16T13:56:09.112Z;;guest
v9GDmLA7y61I8BIJVJ3u;votes-artistes;oucOMPgDKDQR8GKDvFHJ;2900;counted;2025-12-19T19:38:59.962Z;6001867638599320;guest
v9IWjJcEY7YocNmnvXxY;votes-artistes;aUt5Vh29CsUcstBHEF8H;100;counted;2025-12-15T21:20:45.644Z;3468203372746150;guest
v9tfA33sIHGGuhxnt9ht;votes-artistes;GEVWzgnMyTnavWjEa6pg;500;pending;2025-12-19T16:34:07.734Z;;guest
vAKJFD2R1gPw0da2LP6c;votes-artistes;oucOMPgDKDQR8GKDvFHJ;100;pending;2025-12-15T11:13:28.072Z;;guest
vG1sUaGr3xUMJpUOL8xm;votes-artistes;GEVWzgnMyTnavWjEa6pg;500;counted;2025-12-19T22:50:26.591Z;6436114732971000;guest
vH80IaWoB0yn4TJSQhRu;votes-artistes;oucOMPgDKDQR8GKDvFHJ;500;pending;2025-12-15T20:31:32.631Z;;guest
vHfVjGtQtsCBLHzSCmhD;votes-artistes;RIAr7Uw1uo74gAhWWM9c;100;pending;2025-12-15T13:17:23.465Z;;guest
vLDD3VTYVVu1Je6gJyBb;votes-artistes;GEVWzgnMyTnavWjEa6pg;100;pending;2025-12-15T18:28:54.625Z;;guest
vLp4p2nGybUG01RGsjtQ;votes-artistes;GEVWzgnMyTnavWjEa6pg;3000;counted;2025-12-18T07:32:27.946Z;6106435134082940;guest
vN8UyRP3YpJt7pjmN6Ri;votes-artistes;aUt5Vh29CsUcstBHEF8H;1000;pending;2025-12-15T18:23:06.216Z;;guest
vO544mdyQtmQs1Pv7eCC;votes-artistes;GEVWzgnMyTnavWjEa6pg;500;counted;2025-12-19T04:46:24.483Z;9995809304201440;guest
vRhFKupSvUqwMMGFSBDp;votes-artistes;GEVWzgnMyTnavWjEa6pg;5200;counted;2025-12-15T11:13:45.427Z;9164926571625070;guest
vWaoRufeFDDzYBAQFhbj;votes-artistes;oucOMPgDKDQR8GKDvFHJ;500;pending;2025-12-15T08:29:18.220Z;;guest
vZzQPn6JHxizKOthrTz3;votes-artistes;oucOMPgDKDQR8GKDvFHJ;100;counted;2025-12-17T05:15:24.138Z;656587901230587;guest
vbLh4fOjyZPgDBt2xDxU;votes-artistes;oucOMPgDKDQR8GKDvFHJ;500;counted;2025-12-16T12:16:39.553Z;7479538391255850;guest
vbQvwxZSlQ0y7aoRO8NH;votes-artistes;8ELIXFDTdljYr37syNyv;200;counted;2025-12-15T12:53:08.065Z;3856222465931240;guest
vbWCzhdvz6p6JniOzMv0;votes-artistes;oucOMPgDKDQR8GKDvFHJ;100;counted;2025-12-15T17:20:37.245Z;7903111261805000;guest
vf8AWLlwxim3ZgbQm7Gx;votes-artistes;RIAr7Uw1uo74gAhWWM9c;100;pending;2025-12-17T10:02:04.504Z;;guest
vhKu5LE6NtOkyOqEgCwi;votes-artistes;GEVWzgnMyTnavWjEa6pg;100;counted;2025-12-16T20:33:41.079Z;9984715534559160;guest
vjeRnD4MeKvmt37ET4x4;votes-artistes;oucOMPgDKDQR8GKDvFHJ;100;pending;2025-12-15T17:23:11.155Z;;guest
vmjcxV8q2515jyq0GzIh;votes-artistes;TXBLgEfug2LJqx5MXWe4;1000;counted;2025-12-17T20:02:09.578Z;5541055647257800;guest
votx0tw5rB9MPd97U9Lt;votes-artistes;GEVWzgnMyTnavWjEa6pg;10000;pending;2025-12-27T09:57:53.504Z;;guest
vpPJTQjydyBOQeRdlM8U;votes-artistes;RIAr7Uw1uo74gAhWWM9c;4100;counted;2025-12-16T15:23:20.188Z;6452399934807530;guest
vwj0HMONY6cMAzbKu29r;votes-artistes;oucOMPgDKDQR8GKDvFHJ;100;counted;2025-12-16T15:38:04.706Z;1631006974614850;guest
vxVm6YDzngiAbz8g2yF2;votes-artistes;TXBLgEfug2LJqx5MXWe4;500;pending;2025-12-15T20:03:56.982Z;;guest
vy4FjHpt9fWSKMn6C2Fn;votes-artistes;R3DRrtGPGfw8jsQxG4r8;100;pending;2025-12-15T21:04:45.926Z;;guest
w16IlegERZ3yEEYNV8KB;votes-artistes;TXBLgEfug2LJqx5MXWe4;100;pending;2025-12-15T13:49:47.080Z;;guest
w2Xktth6lE84Wzqc2ldk;votes-artistes;lrK8tSxZpQPYFTmIF7On;100;pending;2025-12-16T11:32:00.921Z;;guest
w44bCTAu46PklmRCxG07;votes-artistes;TXBLgEfug2LJqx5MXWe4;100;pending;2025-12-16T20:21:51.167Z;;guest
w4mpgU4i46ZaXaaPJnvp;votes-artistes;TXBLgEfug2LJqx5MXWe4;1000;counted;2025-12-16T10:19:24.384Z;9518344675540940;guest
w5UQYz8RGlMH4iswNjqf;votes-artistes;RIAr7Uw1uo74gAhWWM9c;1000;counted;2025-12-17T12:40:25.746Z;3004491835258560;guest
w7V0fcIbZOpuOGN0JdJg;votes-artistes;lrK8tSxZpQPYFTmIF7On;200;counted;2025-12-20T02:25:21.087Z;9203386169902860;guest
w8bCSIQbTxJapNxTa2TS;votes-artistes;GEVWzgnMyTnavWjEa6pg;200;pending;2025-12-15T09:30:27.793Z;;guest
wL9fkk7ebOoW8RJ2O8rK;votes-artistes;zNIM4k3VP04xbhamFPva;100;counted;2025-12-15T12:19:17.301Z;7687114004696910;guest
wNW9tbtGm3phigoZXsgY;votes-artistes;oucOMPgDKDQR8GKDvFHJ;2000;counted;2025-12-18T20:33:48.775Z;8842961966041610;guest
wOeEp5MaTPiGKDmeIbFg;votes-artistes;TXBLgEfug2LJqx5MXWe4;1000;counted;2025-12-16T21:37:09.281Z;6073515670791270;guest
wP2O8FwSzMquSe6e3wJN;votes-artistes;RIAr7Uw1uo74gAhWWM9c;100;pending;2025-12-25T17:19:33.261Z;;guest
wQV6wQvt0og6tlvtDmOX;votes-artistes;TXBLgEfug2LJqx5MXWe4;800;counted;2025-12-15T11:14:40.990Z;4952276956423980;guest
wRZngJjPauPKi6vgjoF4;votes-artistes;GEVWzgnMyTnavWjEa6pg;100;pending;2025-12-20T05:23:18.253Z;;guest
wcmrYjthFBC5hS2L5Xsm;votes-artistes;GEVWzgnMyTnavWjEa6pg;500;pending;2025-12-19T22:16:41.679Z;;guest
wjIzViydstiUH6tT8D1U;votes-artistes;R3DRrtGPGfw8jsQxG4r8;100;counted;2025-12-17T07:20:26.545Z;4506311564683680;guest
wqmKas7n1zK36GnQaeGL;votes-artistes;oucOMPgDKDQR8GKDvFHJ;300;counted;2025-12-15T15:52:43.741Z;9948747341200450;guest
wrvyjhGKgFuKVoztF2fN;votes-artistes;GEVWzgnMyTnavWjEa6pg;100;pending;2025-12-16T21:55:45.218Z;;guest
ws1d5abzyF6endG1KWX1;votes-artistes;noLuODpebT7EXpZWBRkH;700;pending;2025-12-15T09:31:24.864Z;;guest
wwqFJIM5GVuhohast7Be;votes-artistes;lrK8tSxZpQPYFTmIF7On;100;pending;2025-12-16T14:44:09.764Z;;guest
wxSEPzEpE9lfVAHJHuOW;votes-artistes;oucOMPgDKDQR8GKDvFHJ;100;pending;2025-12-15T21:37:08.197Z;;guest
wxzEu7HpPCRIp6FIma2c;votes-artistes;oucOMPgDKDQR8GKDvFHJ;100;pending;2025-12-16T07:57:52.047Z;;guest
x0CquPjNKWgPUYgTw9ro;votes-artistes;GEVWzgnMyTnavWjEa6pg;1000;counted;2025-12-16T05:37:21.072Z;1666189298866620;guest
x2PnCpn1phHL7ZpwGYgO;votes-artistes;oucOMPgDKDQR8GKDvFHJ;100;pending;2025-12-18T18:08:10.289Z;;guest
x2WVoYM52DhF22uX31SL;votes-artistes;TXBLgEfug2LJqx5MXWe4;200;pending;2025-12-15T15:21:58.221Z;;guest
x2rhqUNMOtFkmt3kLB80;votes-artistes;GEVWzgnMyTnavWjEa6pg;200;counted;2025-12-15T16:19:59.039Z;7167396591044490;guest
x49OOcBxrNlfticDpcXb;votes-artistes;ANLYRIZ6gRU8LgLSyaRq;100;pending;2025-12-16T11:36:26.166Z;;guest
x5c0hdv2dF7Wtsl7Y4Hx;votes-artistes;oucOMPgDKDQR8GKDvFHJ;100;pending;2025-12-15T07:12:45.037Z;;guest
x5uoducdtn5cN9cguGiL;votes-artistes;noLuODpebT7EXpZWBRkH;700;pending;2025-12-15T10:37:04.230Z;;guest
x9CKNvTfeqFYxkVGjNIg;votes-artistes;GEVWzgnMyTnavWjEa6pg;100;pending;2025-12-15T07:22:00.695Z;;guest
xBMYNagD2Bll3S69GJyK;votes-artistes;oucOMPgDKDQR8GKDvFHJ;100;pending;2025-12-19T13:39:59.492Z;;guest
xKBVLml0VvvALEJq8r7r;votes-artistes;GEVWzgnMyTnavWjEa6pg;2000;pending;2025-12-19T18:29:20.308Z;;guest
xNY8OYVcTF5bjFdqm148;votes-artistes;oucOMPgDKDQR8GKDvFHJ;100;counted;2025-12-22T04:58:29.374Z;6002837913440970;guest
xSBvs1W8QOq0OysRQsty;votes-artistes;GEVWzgnMyTnavWjEa6pg;200;counted;2025-12-18T17:49:15.477Z;6581680650414080;guest
xWaOAe7SlXe9AqO4uTpu;votes-artistes;lrK8tSxZpQPYFTmIF7On;10000;counted;2025-12-25T14:56:43.496Z;7071528905931090;guest
xXP6saqxpiy4HdlXgUAm;votes-artistes;RIAr7Uw1uo74gAhWWM9c;100;pending;2025-12-15T08:06:39.268Z;;guest
xZ0XxXWg0UUgfh2k8add;votes-artistes;RIAr7Uw1uo74gAhWWM9c;1000;pending;2025-12-15T10:04:42.733Z;;guest
xZGXdQCPH5dCbXUlbw2v;votes-artistes;GEVWzgnMyTnavWjEa6pg;5000;counted;2025-12-16T20:30:53.142Z;2429975632557360;guest
xZH7MDk1r8giunkh9WmH;votes-artistes;GEVWzgnMyTnavWjEa6pg;100;counted;2025-12-17T11:26:19.943Z;2093554957866100;guest
xfcf1eCNCIS3BODBmirn;votes-artistes;oucOMPgDKDQR8GKDvFHJ;500;counted;2025-12-18T10:35:38.711Z;8325861148834310;guest
xh4ZyAkWFzxOEFKJFAtA;votes-artistes;R3DRrtGPGfw8jsQxG4r8;100;pending;2025-12-15T11:04:30.089Z;;guest
xh87S7uLW2OPiSCwd10N;votes-artistes;oucOMPgDKDQR8GKDvFHJ;400;counted;2025-12-21T03:54:37.522Z;3301340791536810;guest
xivWKwfDLroUBZpxlpsZ;votes-artistes;GEVWzgnMyTnavWjEa6pg;100;counted;2025-12-18T12:57:53.387Z;193914367549065;guest
xj9zT9euzUR9acGtqckV;votes-artistes;GEVWzgnMyTnavWjEa6pg;2000;counted;2025-12-27T10:38:29.810Z;3249781445677460;guest
xk8Fza5dRlSZH3aRD1Am;votes-artistes;GEVWzgnMyTnavWjEa6pg;100;pending;2025-12-15T13:34:35.969Z;;guest
xlAqRXVXU7de6d4Aq0SL;votes-artistes;zNIM4k3VP04xbhamFPva;100;counted;2025-12-15T12:16:53.443Z;1636027032989230;guest
xlxpy2EAtGUDRFzngRpf;votes-artistes;GEVWzgnMyTnavWjEa6pg;1000;counted;2025-12-18T07:18:44.806Z;7978443060075230;guest
xmJCTfhh3ogygUgcrcbp;votes-artistes;GEVWzgnMyTnavWjEa6pg;100;pending;2025-12-20T07:25:23.979Z;;guest
xqmXX1rKtriK47SdGcAV;votes-artistes;oucOMPgDKDQR8GKDvFHJ;100;counted;2025-12-16T21:27:05.830Z;4164933860818430;guest
xvXDm3vYh3JVVaXr1mFV;votes-artistes;RIAr7Uw1uo74gAhWWM9c;1000;counted;2025-12-15T09:39:52.314Z;4422317843680920;guest
xxNkqwHQmdoTyIf4leQl;votes-artistes;GEVWzgnMyTnavWjEa6pg;100;pending;2025-12-21T15:40:29.022Z;;guest
y37uAZ3CAAdY8ALVGVrl;votes-artistes;TXBLgEfug2LJqx5MXWe4;100;pending;2025-12-15T15:42:34.867Z;;guest
y3QnPpNjnBvhMqIobqji;votes-artistes;TXBLgEfug2LJqx5MXWe4;200;counted;2025-12-17T19:49:58.423Z;1603082534228820;guest
y6PgOHx93bU2aRqbv44b;votes-artistes;RIAr7Uw1uo74gAhWWM9c;200;pending;2025-12-18T11:59:44.459Z;;guest
y7GvczVeX0RxviNMoRbg;votes-artistes;oucOMPgDKDQR8GKDvFHJ;500;counted;2025-12-18T11:19:04.770Z;6549623960302940;guest
yCW50SSJ80T9NTeUjgPF;votes-artistes;aUt5Vh29CsUcstBHEF8H;100;pending;2025-12-16T19:12:12.375Z;;guest
yFAXMB85Ot07rLBJlVyh;votes-artistes;TXBLgEfug2LJqx5MXWe4;100;pending;2025-12-15T16:54:25.269Z;;guest
yL2T74crdjUy5HK0PPVJ;votes-artistes;TXBLgEfug2LJqx5MXWe4;500;counted;2025-12-15T07:46:50.587Z;2352812221026930;guest
yMPSweI8MGda4F3s4HQY;votes-artistes;oucOMPgDKDQR8GKDvFHJ;100;pending;2025-12-15T21:02:40.988Z;;guest
ySOpHVdopXz5PlrjC3bS;votes-artistes;oucOMPgDKDQR8GKDvFHJ;100;pending;2025-12-15T16:32:18.785Z;;guest
ySgSpjspydc8pspePVrV;votes-artistes;oucOMPgDKDQR8GKDvFHJ;100;pending;2025-12-21T10:36:42.615Z;;guest
yTiEORy8EPgfADQSAO2a;votes-artistes;oucOMPgDKDQR8GKDvFHJ;100;pending;2025-12-17T15:38:48.115Z;;guest
yVcNQwVlPTEkJIlcWfKk;votes-artistes;GEVWzgnMyTnavWjEa6pg;500;pending;2025-12-26T11:28:59.796Z;;guest
yaXFEvKCl8TtNi5LyrU3;votes-artistes;TXBLgEfug2LJqx5MXWe4;100;pending;2025-12-15T06:50:55.059Z;;guest
yeM1zVdo2HorFvja1Dzz;votes-artistes;TXBLgEfug2LJqx5MXWe4;100;pending;2025-12-19T18:15:01.153Z;;guest
yfJ1rQ2dVNMZmc8Wo4j9;votes-artistes;TXBLgEfug2LJqx5MXWe4;100;pending;2025-12-15T16:52:29.872Z;;guest
yfXT8lZPovaBm7M5pzHs;votes-artistes;lrK8tSxZpQPYFTmIF7On;100;counted;2025-12-16T15:25:19.262Z;4280590247433390;guest
yiNOIwwXJUoMoNPtSCUm;votes-artistes;RIAr7Uw1uo74gAhWWM9c;2000;counted;2025-12-15T14:52:39.423Z;9553973565973170;guest
ykrFSZOihqv5VU3L3QG7;votes-artistes;oucOMPgDKDQR8GKDvFHJ;2700;counted;2025-12-23T12:30:28.633Z;1561226674128490;guest
yoFRiBLeAhaW9b1QHVGk;votes-artistes;TXBLgEfug2LJqx5MXWe4;1000;counted;2025-12-16T14:10:13.137Z;3872573031729110;guest
yvmLcqrT9YCVHrsgCuFV;votes-artistes;RIAr7Uw1uo74gAhWWM9c;1500;pending;2025-12-18T22:19:47.815Z;;guest
yzy3tRqkZxKRdTSpYU93;votes-artistes;aUt5Vh29CsUcstBHEF8H;500;pending;2025-12-17T10:49:47.205Z;;guest
z2Fxh3aLrsWlTrRdTxe2;votes-artistes;6jJ1pd8NA2meRhVWW12M;400;counted;2025-12-15T09:41:32.743Z;1947537462074260;guest
z35TTK3HtoPNHiMm3cuH;votes-artistes;RIAr7Uw1uo74gAhWWM9c;2000;counted;2025-12-19T12:48:11.386Z;9053650326932820;guest
z3Yrf6GfWwkrvCnPtB9R;votes-artistes;TXBLgEfug2LJqx5MXWe4;900;pending;2025-12-19T23:08:02.194Z;;guest
z3iUVghkee18ThflfzA0;votes-artistes;GEVWzgnMyTnavWjEa6pg;1000;pending;2025-12-15T16:45:03.567Z;;guest
z3qG9QLwsvnQLvIjPScc;votes-artistes;6jJ1pd8NA2meRhVWW12M;500;counted;2025-12-15T10:09:44.483Z;8874933304220930;guest
z9qikO0pYexHlk1CwPz9;votes-artistes;GEVWzgnMyTnavWjEa6pg;100;pending;2025-12-15T20:56:10.672Z;;guest
zCXdytZKbVzaF9K677cM;votes-artistes;oucOMPgDKDQR8GKDvFHJ;200;counted;2025-12-18T21:04:51.673Z;8860379489959130;guest
zER0T6xhzNAp5hUErl0U;votes-artistes;RIAr7Uw1uo74gAhWWM9c;100;pending;2025-12-17T21:29:29.122Z;;guest
zEjgz6emmGYSVPWPX4We;votes-artistes;zNIM4k3VP04xbhamFPva;200;counted;2025-12-19T11:57:53.240Z;6845065217291640;guest
zIn6RN2zThN4BA8NBkoc;votes-artistes;oucOMPgDKDQR8GKDvFHJ;100;counted;2025-12-19T18:21:16.569Z;9615939931634370;guest
zL18Ts3Vw3R7jVy9AI39;votes-artistes;TXBLgEfug2LJqx5MXWe4;1000;pending;2025-12-28T20:18:33.827Z;;guest
zRPejL65lDyVb6l6Y8Pa;votes-artistes;TXBLgEfug2LJqx5MXWe4;100;pending;2025-12-22T15:06:55.914Z;;guest
zRxgjHF5TbmGFXrzS3W8;votes-artistes;oucOMPgDKDQR8GKDvFHJ;500;counted;2025-12-18T20:34:36.357Z;5565311316623960;guest
zTCEuJpi4WaSSUOlhOwk;votes-artistes;RIAr7Uw1uo74gAhWWM9c;100;counted;2025-12-17T12:44:08.762Z;4346232248659110;guest
zXxtdqjrGEsv1VEhdrM0;votes-artistes;R3DRrtGPGfw8jsQxG4r8;100;pending;2025-12-15T07:31:23.846Z;;guest
zcbs1vpwXLcUsmYPDQQv;votes-artistes;GEVWzgnMyTnavWjEa6pg;100;pending;2025-12-17T09:22:24.960Z;;guest
zdMAwDCa9pzdIbEmN1DC;votes-artistes;oucOMPgDKDQR8GKDvFHJ;100;pending;2025-12-16T10:39:55.207Z;;guest
zeSOChE9kNk5eksDTB9x;votes-artistes;oucOMPgDKDQR8GKDvFHJ;100;pending;2025-12-16T21:19:09.888Z;;guest
zldklQQ1dvPPg49mj8XZ;votes-artistes;TXBLgEfug2LJqx5MXWe4;100;counted;2025-12-15T09:50:58.243Z;6436128754976950;guest
znLEJy75yCJnJfbBDHoZ;votes-artistes;TXBLgEfug2LJqx5MXWe4;10000;counted;2025-12-19T22:38:14.692Z;1155797571179100;guest
zqJumKcy7lLmLF0ZIeEP;votes-artistes;81cTWJpXQxqb1LcEQ9Nd;200;pending;2025-12-16T07:22:53.514Z;;guest
ztuiXniNXUJWX1tBKn8M;votes-artistes;GEVWzgnMyTnavWjEa6pg;100;counted;2025-12-15T11:10:33.105Z;8554320528202470;guest
zvM65LNUWMTblzugjyvv;votes-artistes;GEVWzgnMyTnavWjEa6pg;100;pending;2025-12-15T11:22:26.151Z;;guest
zyxYU04d831AJLOXw0cO;votes-artistes;RIAr7Uw1uo74gAhWWM9c;500;counted;2025-12-18T07:23:49.266Z;6023341666955630;guest
zzZ7R0EX5OEvWeimEV3x;votes-artistes;RIAr7Uw1uo74gAhWWM9c;1000;pending;2025-12-15T09:45:46.707Z;;guest
