[debug] [2025-10-28T16:23:06.197Z] ----------------------------------------------------------------------
[debug] [2025-10-28T16:23:06.211Z] Command:       C:\Program Files\nodejs\node.exe C:\Users\USER\AppData\Roaming\npm\node_modules\firebase-tools\lib\bin\firebase.js deploy --project africaphone-vente --only hosting:africaphone-org --debug
[debug] [2025-10-28T16:23:06.213Z] CLI Version:   14.20.0
[debug] [2025-10-28T16:23:06.214Z] Platform:      win32
[debug] [2025-10-28T16:23:06.215Z] Node Version:  v22.18.0
[debug] [2025-10-28T16:23:06.216Z] Time:          Tue Oct 28 2025 17:23:06 GMT+0100 (heure normale d’Afrique de l’Ouest)
[debug] [2025-10-28T16:23:06.217Z] ----------------------------------------------------------------------
[debug] 
[debug] [2025-10-28T16:23:07.543Z] > command requires scopes: ["email","openid","https://www.googleapis.com/auth/cloudplatformprojects.readonly","https://www.googleapis.com/auth/firebase","https://www.googleapis.com/auth/cloud-platform"]
[debug] [2025-10-28T16:23:07.546Z] > authorizing via signed-in user (georgesbusiness54@gmail.com)
[debug] [2025-10-28T16:23:07.547Z] [iam] checking project africaphone-vente for permissions ["firebase.projects.get","firebasehosting.sites.update"]
[debug] [2025-10-28T16:23:07.551Z] Checked if tokens are valid: true, expires at: 1761670512006
[debug] [2025-10-28T16:23:07.564Z] Checked if tokens are valid: true, expires at: 1761670512006
[debug] [2025-10-28T16:23:07.575Z] >>> [apiv2][query] POST https://cloudresourcemanager.googleapis.com/v1/projects/africaphone-vente:testIamPermissions [none]
[debug] [2025-10-28T16:23:07.577Z] >>> [apiv2][(partial)header] POST https://cloudresourcemanager.googleapis.com/v1/projects/africaphone-vente:testIamPermissions x-goog-quota-user=projects/africaphone-vente
[debug] [2025-10-28T16:23:07.577Z] >>> [apiv2][body] POST https://cloudresourcemanager.googleapis.com/v1/projects/africaphone-vente:testIamPermissions {"permissions":["firebase.projects.get","firebasehosting.sites.update"]}
[debug] [2025-10-28T16:23:09.017Z] <<< [apiv2][status] POST https://cloudresourcemanager.googleapis.com/v1/projects/africaphone-vente:testIamPermissions 200
[debug] [2025-10-28T16:23:09.018Z] <<< [apiv2][body] POST https://cloudresourcemanager.googleapis.com/v1/projects/africaphone-vente:testIamPermissions {"permissions":["firebase.projects.get","firebasehosting.sites.update"]}
[debug] [2025-10-28T16:23:09.020Z] Checked if tokens are valid: true, expires at: 1761670512006
[debug] [2025-10-28T16:23:09.021Z] Checked if tokens are valid: true, expires at: 1761670512006
[debug] [2025-10-28T16:23:09.022Z] >>> [apiv2][query] GET https://firebase.googleapis.com/v1beta1/projects/africaphone-vente [none]
[debug] [2025-10-28T16:23:09.773Z] <<< [apiv2][status] GET https://firebase.googleapis.com/v1beta1/projects/africaphone-vente 200
[debug] [2025-10-28T16:23:09.774Z] <<< [apiv2][body] GET https://firebase.googleapis.com/v1beta1/projects/africaphone-vente {"projectId":"africaphone-vente","projectNumber":"203471818329","displayName":"africaphonereact","name":"projects/africaphone-vente","resources":{"hostingSite":"africaphone-vente"},"state":"ACTIVE","etag":"1_8a91d944-d1b6-4736-9d1b-553c27a5f727"}
[debug] [2025-10-28T16:23:24.789Z] defaultcredentials: writing to file C:\Users\USER\AppData\Roaming\firebase\georgesbusiness54_gmail_com_application_default_credentials.json
[debug] [2025-10-28T16:23:24.883Z] Checked if tokens are valid: true, expires at: 1761670512006
[debug] [2025-10-28T16:23:24.885Z] Checked if tokens are valid: true, expires at: 1761670512006
[debug] [2025-10-28T16:23:24.887Z] >>> [apiv2][query] GET https://firebasehosting.googleapis.com/v1beta1/projects/africaphone-vente/sites pageToken=&pageSize=10
[debug] [2025-10-28T16:23:26.192Z] <<< [apiv2][status] GET https://firebasehosting.googleapis.com/v1beta1/projects/africaphone-vente/sites 200
[debug] [2025-10-28T16:23:26.192Z] <<< [apiv2][body] GET https://firebasehosting.googleapis.com/v1beta1/projects/africaphone-vente/sites {"sites":[{"name":"projects/africaphone-vente/sites/africaphone-admin-legal","defaultUrl":"https://africaphone-admin-legal.web.app","type":"USER_SITE"},{"name":"projects/africaphone-vente/sites/africaphone-admin-pro","defaultUrl":"https://africaphone-admin-pro.web.app","type":"USER_SITE"},{"name":"projects/africaphone-vente/sites/africaphone-org","defaultUrl":"https://africaphone-org.web.app","type":"USER_SITE"},{"name":"projects/africaphone-vente/sites/africaphone-vente","defaultUrl":"https://africaphone-vente.web.app","type":"DEFAULT_SITE"}]}
[debug] [2025-10-28T16:23:26.194Z] Checked if tokens are valid: true, expires at: 1761670512006
[debug] [2025-10-28T16:23:26.195Z] Checked if tokens are valid: true, expires at: 1761670512006
[debug] [2025-10-28T16:23:26.195Z] >>> [apiv2][query] GET https://firebasehosting.googleapis.com/v1beta1/projects/africaphone-vente/sites 
[debug] [2025-10-28T16:23:26.567Z] <<< [apiv2][status] GET https://firebasehosting.googleapis.com/v1beta1/projects/africaphone-vente/sites 200
[debug] [2025-10-28T16:23:26.568Z] <<< [apiv2][body] GET https://firebasehosting.googleapis.com/v1beta1/projects/africaphone-vente/sites {"sites":[{"name":"projects/africaphone-vente/sites/africaphone-admin-legal","defaultUrl":"https://africaphone-admin-legal.web.app","type":"USER_SITE"},{"name":"projects/africaphone-vente/sites/africaphone-admin-pro","defaultUrl":"https://africaphone-admin-pro.web.app","type":"USER_SITE"},{"name":"projects/africaphone-vente/sites/africaphone-org","defaultUrl":"https://africaphone-org.web.app","type":"USER_SITE"},{"name":"projects/africaphone-vente/sites/africaphone-vente","defaultUrl":"https://africaphone-vente.web.app","type":"DEFAULT_SITE"}]}
[debug] [2025-10-28T16:23:26.568Z] Checked if tokens are valid: true, expires at: 1761670512006
[debug] [2025-10-28T16:23:26.570Z] Checked if tokens are valid: true, expires at: 1761670512006
[debug] [2025-10-28T16:23:26.571Z] >>> [apiv2][query] GET https://firebase.googleapis.com/v1beta1/projects/africaphone-vente/webApps/-/config [none]
[debug] [2025-10-28T16:23:28.184Z] <<< [apiv2][status] GET https://firebase.googleapis.com/v1beta1/projects/africaphone-vente/webApps/-/config 200
[debug] [2025-10-28T16:23:28.184Z] <<< [apiv2][body] GET https://firebase.googleapis.com/v1beta1/projects/africaphone-vente/webApps/-/config {"projectId":"africaphone-vente","appId":"1:203471818329:web:d0e235db15917d8b596b48","storageBucket":"africaphone-vente.firebasestorage.app","apiKey":"AIzaSyCVmG85CJPSqPDueR1RnxSS5DLtW3QP0Zs","authDomain":"africaphone-vente.firebaseapp.com","messagingSenderId":"203471818329","measurementId":"G-EYL8YL86KB","projectNumber":"203471818329","version":"2"}
[info] 
   Thank you for trying our early preview of Next.js support on Firebase Hosting.
   During the preview, support is best-effort and breaking changes can be expected. Proceed with caution.

   Documentation: https://firebase.google.com/docs/hosting/frameworks/nextjs
   File a bug: https://github.com/firebase/firebase-tools/issues/new?template=bug_report.md
   Submit a feature request: https://github.com/firebase/firebase-tools/issues/new?template=feature_request.md

   We'd love to learn from you. Express your interest in helping us shape the future of Firebase Hosting: https://goo.gle/41enW5X

[debug] [2025-10-28T16:24:01.659Z] Checked if tokens are valid: true, expires at: 1761670512006
[debug] [2025-10-28T16:24:01.659Z] Checked if tokens are valid: true, expires at: 1761670512006
[debug] [2025-10-28T16:24:01.660Z] >>> [apiv2][query] GET https://firebasehosting.googleapis.com/v1beta1/projects/africaphone-vente/sites/africaphone-vente [none]
[debug] [2025-10-28T16:24:02.741Z] <<< [apiv2][status] GET https://firebasehosting.googleapis.com/v1beta1/projects/africaphone-vente/sites/africaphone-vente 200
[debug] [2025-10-28T16:24:02.742Z] <<< [apiv2][body] GET https://firebasehosting.googleapis.com/v1beta1/projects/africaphone-vente/sites/africaphone-vente {"name":"projects/africaphone-vente/sites/africaphone-vente","defaultUrl":"https://africaphone-vente.web.app","type":"DEFAULT_SITE"}
[info]   ▲ Next.js 14.2.13

[info] 

[info]    Creating an optimized production build ...

[info]  ✓ Compiled successfully

[info]    Linting and checking validity of types ...

[info] 
./src/components/pronostics/PredictionDetailPanel.tsx
466:9  Warning: The 'handleOpenModal' function makes the dependencies of useMemo Hook (at line 535) change on every render. Move it inside the useMemo callback. Alternatively, wrap the definition of 'handleOpenModal' in its own useCallback() Hook.  react-hooks/exhaustive-deps
570:6  Warning: React Hook useMemo has an unnecessary dependency: 'match'. Either exclude it or remove the dependency array.  react-hooks/exhaustive-deps

info  - Need to disable some ESLint rules? Learn more here: https://nextjs.org/docs/basic-features/eslint#disabling-rules

[info]    Collecting page data ...

[info]    Generating static pages (0/7) ...

[info]    Generating static pages (1/7) 

[info]    Generating static pages (3/7) 

[info]    Generating static pages (5/7) 

[info]  ✓ Generating static pages (7/7)

[info]    Finalizing page optimization ...

[info]    Collecting build traces ...

[info] 

[info] Route (app)                              Size     First Load JS
┌ ○ /                                    185 B           202 kB
├ ○ /_not-found                          871 B          88.1 kB
├ ƒ /marques/[brandId]                   2.11 kB         195 kB
├ ƒ /produits/[productId]                7.04 kB         209 kB
├ ○ /pronostics                          4.05 kB         182 kB
├ ƒ /pronostics/[matchId]                8.53 kB         190 kB
└ ƒ /votes                               7.49 kB         189 kB
+ First Load JS shared by all            87.2 kB
  ├ chunks/23-bd46e1cfc58a99c5.js        31.6 kB
  ├ chunks/fd9d1056-4b87d5bb1aa946b3.js  53.6 kB
  └ other shared chunks (total)          1.99 kB



[info] ○  (Static)   prerendered as static content
ƒ  (Dynamic)  server-rendered on demand

[info] 

[info] Building a Cloud Function to run this application. This is needed due to:
[info]  • non-static component /marques/[brandId]/page
[info]  • non-static component /produits/[productId]/page
[info]  • non-static component /pronostics/[matchId]/page
[info]  • non-static component /votes/page
[info] 
[debug] [2025-10-28T16:27:28.611Z] Checked if tokens are valid: true, expires at: 1761670512006
[debug] [2025-10-28T16:27:28.611Z] Checked if tokens are valid: true, expires at: 1761670512006
[debug] [2025-10-28T16:27:28.612Z] >>> [apiv2][query] GET https://firebasehosting.googleapis.com/v1beta1/projects/africaphone-vente/sites/africaphone-vente [none]
[debug] [2025-10-28T16:27:29.654Z] <<< [apiv2][status] GET https://firebasehosting.googleapis.com/v1beta1/projects/africaphone-vente/sites/africaphone-vente 200
[debug] [2025-10-28T16:27:29.654Z] <<< [apiv2][body] GET https://firebasehosting.googleapis.com/v1beta1/projects/africaphone-vente/sites/africaphone-vente {"name":"projects/africaphone-vente/sites/africaphone-vente","defaultUrl":"https://africaphone-vente.web.app","type":"DEFAULT_SITE"}
[warn] !  This integration expects Node version 16, 18, or 20. You're running version 22, problems may be encountered. 
[debug] [2025-10-28T16:28:00.006Z] [web frameworks] effective firebase.json:  {
  "hosting": [
    {
      "site": "africaphone-org",
      "source": "web",
      "frameworksBackend": {
        "region": "us-central1"
      },
      "headers": [
        {
          "source": "**/*.@(js|css|png|jpg|jpeg|svg|gif|webp|ico|woff|woff2)",
          "headers": [
            {
              "key": "Cache-Control",
              "value": "public,max-age=31536000,immutable"
            }
          ]
        },
        {
          "source": "/index.html",
          "headers": [
            {
              "key": "Cache-Control",
              "value": "no-cache"
            }
          ]
        },
        {
          "source": "**",
          "headers": [
            {
              "key": "Strict-Transport-Security",
              "value": "max-age=31536000; includeSubDomains"
            },
            {
              "key": "X-Content-Type-Options",
              "value": "nosniff"
            },
            {
              "key": "Referrer-Policy",
              "value": "strict-origin-when-cross-origin"
            },
            {
              "key": "Permissions-Policy",
              "value": "camera=(), microphone=(), geolocation=(self)"
            },
            {
              "key": "X-Frame-Options",
              "value": "DENY"
            }
          ]
        },
        {
          "source": "/_not-found",
          "headers": [
            {
              "key": "x-next-cache-tags",
              "value": "_N_T_/layout,_N_T_/_not-found/layout,_N_T_/_not-found/page,_N_T_/_not-found"
            }
          ]
        },
        {
          "source": "/favicon.ico",
          "headers": [
            {
              "key": "cache-control",
              "value": "public, max-age=0, must-revalidate"
            },
            {
              "key": "content-type",
              "value": "image/x-icon"
            },
            {
              "key": "x-next-cache-tags",
              "value": "_N_T_/layout,_N_T_/favicon.ico/layout,_N_T_/favicon.ico/route,_N_T_/favicon.ico"
            }
          ]
        },
        {
          "source": "/pronostics",
          "headers": [
            {
              "key": "x-next-cache-tags",
              "value": "_N_T_/layout,_N_T_/pronostics/layout,_N_T_/pronostics/page,_N_T_/pronostics"
            }
          ]
        },
        {
          "source": "**/*.[jt]s",
          "headers": [
            {
              "key": "Set-Cookie",
              "value": "__FIREBASE_DEFAULTS__=eyJjb25maWciOnsicHJvamVjdElkIjoiYWZyaWNhcGhvbmUtdmVudGUiLCJhcHBJZCI6IjE6MjAzNDcxODE4MzI5OndlYjpkMGUyMzVkYjE1OTE3ZDhiNTk2YjQ4Iiwic3RvcmFnZUJ1Y2tldCI6ImFmcmljYXBob25lLXZlbnRlLmZpcmViYXNlc3RvcmFnZS5hcHAiLCJhcGlLZXkiOiJBSXphU3lDVm1HODVDSlBTcVBEdWVSMVJueFNTNURMdFczUVAwWnMiLCJhdXRoRG9tYWluIjoiYWZyaWNhcGhvbmUtdmVudGUuZmlyZWJhc2VhcHAuY29tIiwibWVzc2FnaW5nU2VuZGVySWQiOiIyMDM0NzE4MTgzMjkiLCJtZWFzdXJlbWVudElkIjoiRy1FWUw4WUw4NktCIiwicHJvamVjdE51bWJlciI6IjIwMzQ3MTgxODMyOSIsInZlcnNpb24iOiIyIn0sIl9hdXRoVG9rZW5TeW5jVVJMIjoiL19fc2Vzc2lvbiJ9; SameSite=Strict; Expires=2027-09-23T03:08:00.006Z; Path=/;"
            }
          ]
        }
      ],
      "rewrites": [
        {
          "source": "**",
          "function": {
            "functionId": "ssrafricaphoneorg",
            "region": "us-central1",
            "pinTag": true
          }
        }
      ],
      "redirects": [],
      "cleanUrls": true,
      "trailingSlash": false,
      "public": ".firebase\\africaphone-org\\hosting",
      "webFramework": "next_ssr"
    }
  ],
  "functions": [
    {
      "source": "functions",
      "codebase": "default",
      "ignore": [
        "node_modules",
        ".git",
        "firebase-debug.log",
        "firebase-debug.*.log",
        "*.local"
      ]
    },
    {
      "source": ".firebase\\africaphone-org\\functions",
      "codebase": "firebase-frameworks-africaphone-org"
    }
  ]
}
[debug] [2025-10-28T16:28:00.013Z] > command requires scopes: ["email","openid","https://www.googleapis.com/auth/cloudplatformprojects.readonly","https://www.googleapis.com/auth/firebase","https://www.googleapis.com/auth/cloud-platform"]
[debug] [2025-10-28T16:28:00.019Z] > authorizing via signed-in user (georgesbusiness54@gmail.com)
[debug] [2025-10-28T16:28:00.024Z] [iam] checking project africaphone-vente for permissions ["cloudfunctions.functions.create","cloudfunctions.functions.delete","cloudfunctions.functions.get","cloudfunctions.functions.list","cloudfunctions.functions.update","cloudfunctions.operations.get","firebase.projects.get"]
[debug] [2025-10-28T16:28:00.030Z] Checked if tokens are valid: true, expires at: 1761670512006
[debug] [2025-10-28T16:28:00.031Z] Checked if tokens are valid: true, expires at: 1761670512006
[debug] [2025-10-28T16:28:00.031Z] >>> [apiv2][query] POST https://cloudresourcemanager.googleapis.com/v1/projects/africaphone-vente:testIamPermissions [none]
[debug] [2025-10-28T16:28:00.033Z] >>> [apiv2][(partial)header] POST https://cloudresourcemanager.googleapis.com/v1/projects/africaphone-vente:testIamPermissions x-goog-quota-user=projects/africaphone-vente
[debug] [2025-10-28T16:28:00.036Z] >>> [apiv2][body] POST https://cloudresourcemanager.googleapis.com/v1/projects/africaphone-vente:testIamPermissions {"permissions":["cloudfunctions.functions.create","cloudfunctions.functions.delete","cloudfunctions.functions.get","cloudfunctions.functions.list","cloudfunctions.functions.update","cloudfunctions.operations.get","firebase.projects.get"]}
[debug] [2025-10-28T16:28:00.659Z] <<< [apiv2][status] POST https://cloudresourcemanager.googleapis.com/v1/projects/africaphone-vente:testIamPermissions 200
[debug] [2025-10-28T16:28:00.659Z] <<< [apiv2][body] POST https://cloudresourcemanager.googleapis.com/v1/projects/africaphone-vente:testIamPermissions {"permissions":["cloudfunctions.functions.create","cloudfunctions.functions.delete","cloudfunctions.functions.get","cloudfunctions.functions.list","cloudfunctions.functions.update","cloudfunctions.operations.get","firebase.projects.get"]}
[debug] [2025-10-28T16:28:00.661Z] Checked if tokens are valid: true, expires at: 1761670512006
[debug] [2025-10-28T16:28:00.661Z] Checked if tokens are valid: true, expires at: 1761670512006
[debug] [2025-10-28T16:28:00.662Z] >>> [apiv2][query] GET https://cloudfunctions.googleapis.com/v1/projects/africaphone-vente/locations/-/functions [none]
[debug] [2025-10-28T16:28:01.994Z] <<< [apiv2][status] GET https://cloudfunctions.googleapis.com/v1/projects/africaphone-vente/locations/-/functions 200
[debug] [2025-10-28T16:28:01.995Z] <<< [apiv2][body] GET https://cloudfunctions.googleapis.com/v1/projects/africaphone-vente/locations/-/functions {"functions":[{"name":"projects/africaphone-vente/locations/europe-west1/functions/ext-firestore-algolia-search-executeFullIndexOperation","description":"Loads all the data from your FireStore database into Algolia","sourceArchiveUrl":"gs://firebase-mod-sources-prod/711dffee83aba6fd3013098bed42d095d035826b5f3f005f1aa5743116ab25ce","httpsTrigger":{"url":"https://europe-west1-africaphone-vente.cloudfunctions.net/ext-firestore-algolia-search-executeFullIndexOperation","securityLevel":"SECURE_OPTIONAL"},"status":"ACTIVE","entryPoint":"executeFullIndexOperation","timeout":"540s","availableMemoryMb":1024,"serviceAccountEmail":"ext-firestore-algolia-search@africaphone-vente.iam.gserviceaccount.com","updateTime":"2025-09-02T05:01:51.028Z","versionId":"2","labels":{"firebase-extensions-ar":"enabled","goog-dm":"firebase-ext-firestore-algolia-search","goog-firebase-ext":"firestore-algolia-search","deployment-tool":"firebase-extensions","goog-firebase-ext-iid":"firestore-algolia-search"},"environmentVariables":{"ALGOLIA_APP_ID":"S18U9VKLQE","ALGOLIA_INDEX_NAME":"products","COLLECTION_PATH":"products","DATABASE_ID":"(default)","DATABASE_INSTANCE":"","DATABASE_URL":"","DO_FULL_INDEXING":"true","EXT_INSTANCE_ID":"firestore-algolia-search","FIELDS":"name,price,imageUrl,rom,ram","FIREBASE_CONFIG":"{\"projectId\":\"africaphone-vente\",\"databaseURL\":\"\",\"storageBucket\":\"africaphone-vente.firebasestorage.app\"}","FORCE_DATA_SYNC":"no","GCLOUD_PROJECT":"africaphone-vente","LOCATION":"europe-west1","PROJECT_ID":"africaphone-vente","STORAGE_BUCKET":"africaphone-vente.firebasestorage.app"},"runtime":"nodejs20","ingressSettings":"ALLOW_ALL","buildId":"309bc0b3-87b2-46de-8902-c695350c935f","buildEnvironmentVariables":{"GOOGLE_NODE_RUN_SCRIPTS":""},"secretEnvironmentVariables":[{"key":"ALGOLIA_API_KEY","projectId":"203471818329","secret":"firestore-algolia-search-ALGOLIA_API_KEY","version":"2"}],"buildName":"projects/203471818329/locations/europe-west1/builds/309bc0b3-87b2-46de-8902-c695350c935f","dockerRegistry":"ARTIFACT_REGISTRY","automaticUpdatePolicy":{},"buildServiceAccount":"projects/africaphone-vente/serviceAccounts/203471818329-compute@developer.gserviceaccount.com","satisfiesPzi":true},{"name":"projects/africaphone-vente/locations/europe-west1/functions/ext-firestore-algolia-search-executeIndexOperation","description":"Firestore document-triggered function that creates, updates, or deletes data in Algolia.","sourceArchiveUrl":"gs://firebase-mod-sources-prod/711dffee83aba6fd3013098bed42d095d035826b5f3f005f1aa5743116ab25ce","eventTrigger":{"eventType":"providers/cloud.firestore/eventTypes/document.write","resource":"projects/africaphone-vente/databases/(default)/documents/products/{documentID}","service":"firestore.googleapis.com","failurePolicy":{}},"status":"ACTIVE","entryPoint":"executeIndexOperation","timeout":"60s","availableMemoryMb":256,"serviceAccountEmail":"ext-firestore-algolia-search@africaphone-vente.iam.gserviceaccount.com","updateTime":"2025-09-02T05:02:44.310Z","versionId":"2","labels":{"goog-firebase-ext-iid":"firestore-algolia-search","firebase-extensions-ar":"enabled","goog-dm":"firebase-ext-firestore-algolia-search","goog-firebase-ext":"firestore-algolia-search","deployment-tool":"firebase-extensions"},"environmentVariables":{"ALGOLIA_APP_ID":"S18U9VKLQE","ALGOLIA_INDEX_NAME":"products","COLLECTION_PATH":"products","DATABASE_ID":"(default)","DATABASE_INSTANCE":"","DATABASE_URL":"","DO_FULL_INDEXING":"true","EXT_INSTANCE_ID":"firestore-algolia-search","FIELDS":"name,price,imageUrl,rom,ram","FIREBASE_CONFIG":"{\"projectId\":\"africaphone-vente\",\"databaseURL\":\"\",\"storageBucket\":\"africaphone-vente.firebasestorage.app\"}","FORCE_DATA_SYNC":"no","GCLOUD_PROJECT":"africaphone-vente","LOCATION":"europe-west1","PROJECT_ID":"africaphone-vente","STORAGE_BUCKET":"africaphone-vente.firebasestorage.app"},"runtime":"nodejs20","maxInstances":3000,"ingressSettings":"ALLOW_INTERNAL_ONLY","buildId":"f82464e8-a804-49c4-84b1-d2f9964e1ca6","buildEnvironmentVariables":{"GOOGLE_NODE_RUN_SCRIPTS":""},"secretEnvironmentVariables":[{"key":"ALGOLIA_API_KEY","projectId":"203471818329","secret":"firestore-algolia-search-ALGOLIA_API_KEY","version":"2"}],"buildName":"projects/203471818329/locations/europe-west1/builds/f82464e8-a804-49c4-84b1-d2f9964e1ca6","dockerRegistry":"ARTIFACT_REGISTRY","automaticUpdatePolicy":{},"buildServiceAccount":"projects/africaphone-vente/serviceAccounts/203471818329-compute@developer.gserviceaccount.com","satisfiesPzi":true},{"name":"projects/africaphone-vente/locations/us-central1/functions/ext-storage-resize-images-backfillResizedImages","description":"Handles tasks from startBackfill to resize existing images.","sourceArchiveUrl":"gs://firebase-mod-sources-prod/d3c84eed2b9aba4a8d403c19d71dd622cd2e7ceb72d81178de3cbb7f49fb849b","httpsTrigger":{"url":"https://us-central1-africaphone-vente.cloudfunctions.net/ext-storage-resize-images-backfillResizedImages","securityLevel":"SECURE_OPTIONAL"},"status":"ACTIVE","entryPoint":"backfillResizedImages","timeout":"540s","availableMemoryMb":1024,"serviceAccountEmail":"ext-storage-resize-images@africaphone-vente.iam.gserviceaccount.com","updateTime":"2025-08-02T16:34:31.064Z","versionId":"2","labels":{"goog-dm":"firebase-ext-storage-resize-images","goog-firebase-ext":"storage-resize-images","deployment-tool":"firebase-extensions","goog-firebase-ext-iid":"storage-resize-images","firebase-extensions-ar":"enabled"},"environmentVariables":{"BACKFILL_BATCH_SIZE":"3","CONTENT_FILTER_LEVEL":"OFF","DATABASE_INSTANCE":"","DATABASE_URL":"","DELETE_ORIGINAL_FILE":"false","DO_BACKFILL":"true","EXT_INSTANCE_ID":"storage-resize-images","FIREBASE_CONFIG":"{\"projectId\":\"africaphone-vente\",\"databaseURL\":\"\",\"storageBucket\":\"africaphone-vente.firebasestorage.app\"}","FUNCTION_MEMORY":"1024","GCLOUD_PROJECT":"africaphone-vente","IMAGE_TYPE":"webp","IMG_BUCKET":"africaphone-vente.firebasestorage.app","IMG_SIZES":"200x200,600x600,400x400,100x100","INCLUDE_PATH_LIST":"/products","IS_ANIMATED":"true","LOCATION":"us-central1","MAKE_PUBLIC":"false","PROJECT_ID":"africaphone-vente","REGENERATE_TOKEN":"true","STORAGE_BUCKET":"africaphone-vente.firebasestorage.app"},"runtime":"nodejs20","ingressSettings":"ALLOW_ALL","buildId":"5b6dc1eb-82e4-4cc6-99b4-41149dfeb53b","buildEnvironmentVariables":{"GOOGLE_NODE_RUN_SCRIPTS":""},"buildName":"projects/203471818329/locations/us-central1/builds/5b6dc1eb-82e4-4cc6-99b4-41149dfeb53b","dockerRegistry":"ARTIFACT_REGISTRY","automaticUpdatePolicy":{},"buildServiceAccount":"projects/africaphone-vente/serviceAccounts/203471818329-compute@developer.gserviceaccount.com","satisfiesPzi":true},{"name":"projects/africaphone-vente/locations/us-central1/functions/ext-storage-resize-images-generateResizedImage","description":"Listens for new images uploaded to your specified Cloud Storage bucket, resizes the images, then stores the resized images in the same bucket. Optionally keeps or deletes the original images.","sourceArchiveUrl":"gs://firebase-mod-sources-prod/d3c84eed2b9aba4a8d403c19d71dd622cd2e7ceb72d81178de3cbb7f49fb849b","eventTrigger":{"eventType":"google.storage.object.finalize","resource":"projects/_/buckets/africaphone-vente.firebasestorage.app","service":"storage.googleapis.com","failurePolicy":{}},"status":"ACTIVE","entryPoint":"generateResizedImage","timeout":"60s","availableMemoryMb":1024,"serviceAccountEmail":"ext-storage-resize-images@africaphone-vente.iam.gserviceaccount.com","updateTime":"2025-08-02T16:34:19.102Z","versionId":"2","labels":{"firebase-extensions-ar":"enabled","goog-dm":"firebase-ext-storage-resize-images","goog-firebase-ext":"storage-resize-images","deployment-tool":"firebase-extensions","goog-firebase-ext-iid":"storage-resize-images"},"environmentVariables":{"BACKFILL_BATCH_SIZE":"3","CONTENT_FILTER_LEVEL":"OFF","DATABASE_INSTANCE":"","DATABASE_URL":"","DELETE_ORIGINAL_FILE":"false","DO_BACKFILL":"true","EXT_INSTANCE_ID":"storage-resize-images","FIREBASE_CONFIG":"{\"projectId\":\"africaphone-vente\",\"databaseURL\":\"\",\"storageBucket\":\"africaphone-vente.firebasestorage.app\"}","FUNCTION_MEMORY":"1024","GCLOUD_PROJECT":"africaphone-vente","IMAGE_TYPE":"webp","IMG_BUCKET":"africaphone-vente.firebasestorage.app","IMG_SIZES":"200x200,600x600,400x400,100x100","INCLUDE_PATH_LIST":"/products","IS_ANIMATED":"true","LOCATION":"us-central1","MAKE_PUBLIC":"false","PROJECT_ID":"africaphone-vente","REGENERATE_TOKEN":"true","STORAGE_BUCKET":"africaphone-vente.firebasestorage.app"},"runtime":"nodejs20","maxInstances":3000,"ingressSettings":"ALLOW_INTERNAL_ONLY","buildId":"0418121e-a7b1-43b3-ae1e-f06715309df1","buildEnvironmentVariables":{"GOOGLE_NODE_RUN_SCRIPTS":""},"buildName":"projects/203471818329/locations/us-central1/builds/0418121e-a7b1-43b3-ae1e-f06715309df1","dockerRegistry":"ARTIFACT_REGISTRY","automaticUpdatePolicy":{},"buildServiceAccount":"projects/africaphone-vente/serviceAccounts/203471818329-compute@developer.gserviceaccount.com","satisfiesPzi":true}]}
[debug] [2025-10-28T16:28:01.998Z] Checked if tokens are valid: true, expires at: 1761670512006
[debug] [2025-10-28T16:28:01.999Z] Checked if tokens are valid: true, expires at: 1761670512006
[debug] [2025-10-28T16:28:01.999Z] >>> [apiv2][query] GET https://cloudfunctions.googleapis.com/v2/projects/africaphone-vente/locations/-/functions filter=environment%3D%22GEN_2%22
[debug] [2025-10-28T16:28:03.363Z] <<< [apiv2][status] GET https://cloudfunctions.googleapis.com/v2/projects/africaphone-vente/locations/-/functions 200
[debug] [2025-10-28T16:28:03.364Z] <<< [apiv2][body] GET https://cloudfunctions.googleapis.com/v2/projects/africaphone-vente/locations/-/functions {"functions":[{"name":"projects/africaphone-vente/locations/africa-south1/functions/processProductImage","buildConfig":{"build":"projects/203471818329/locations/africa-south1/builds/86945728-7f97-4a69-ad87-554288860b56","runtime":"nodejs22","entryPoint":"processProductImage","source":{"storageSource":{"bucket":"gcf-v2-sources-203471818329-africa-south1","object":"processProductImage/function-source.zip","generation":"1759846002869639"}},"environmentVariables":{"GOOGLE_NODE_RUN_SCRIPTS":""},"dockerRepository":"projects/africaphone-vente/locations/africa-south1/repositories/gcf-artifacts","sourceProvenance":{"resolvedStorageSource":{"bucket":"gcf-v2-sources-203471818329-africa-south1","object":"processProductImage/function-source.zip","generation":"1759846002869639"}},"dockerRegistry":"ARTIFACT_REGISTRY","serviceAccount":"projects/africaphone-vente/serviceAccounts/203471818329-compute@developer.gserviceaccount.com","automaticUpdatePolicy":{}},"serviceConfig":{"service":"projects/africaphone-vente/locations/africa-south1/services/processproductimage","timeoutSeconds":120,"environmentVariables":{"FIREBASE_CONFIG":"{\"projectId\":\"africaphone-vente\",\"storageBucket\":\"africaphone-vente.firebasestorage.app\"}","GCLOUD_PROJECT":"africaphone-vente","EVENTARC_CLOUD_EVENT_SOURCE":"projects/africaphone-vente/locations/africa-south1/services/processProductImage","FUNCTION_SIGNATURE_TYPE":"cloudevent","FUNCTION_TARGET":"processProductImage","LOG_EXECUTION_ID":"true"},"maxInstanceCount":3,"ingressSettings":"ALLOW_ALL","uri":"https://processproductimage-wmkbzzwcda-bq.a.run.app","serviceAccountEmail":"203471818329-compute@developer.gserviceaccount.com","availableMemory":"1024Mi","allTrafficOnLatestRevision":true,"revision":"processproductimage-00013-sax","maxInstanceRequestConcurrency":80,"availableCpu":"1"},"eventTrigger":{"trigger":"projects/africaphone-vente/locations/africa-south1/triggers/processproductimage-320318","triggerRegion":"africa-south1","eventType":"google.cloud.storage.object.v1.finalized","eventFilters":[{"attribute":"bucket","value":"africaphone-vente.firebasestorage.app"}],"pubsubTopic":"projects/africaphone-vente/topics/eventarc-africa-south1-processproductimage-320318-044","serviceAccountEmail":"203471818329-compute@developer.gserviceaccount.com","retryPolicy":"RETRY_POLICY_DO_NOT_RETRY"},"state":"ACTIVE","updateTime":"2025-10-07T14:07:43.632925925Z","labels":{"deployment-tool":"cli-firebase","firebase-functions-hash":"b1b5945b741f2af33abc188a8af930b2a01fef80"},"environment":"GEN_2","url":"https://africa-south1-africaphone-vente.cloudfunctions.net/processProductImage","satisfiesPzs":true,"createTime":"2025-08-18T14:15:24.032768159Z","satisfiesPzi":true},{"name":"projects/africaphone-vente/locations/europe-west1/functions/kkiapayWebhook","buildConfig":{"build":"projects/203471818329/locations/europe-west1/builds/a92b017a-3983-4a3f-873e-cf265f7ec90f","runtime":"nodejs22","entryPoint":"kkiapayWebhook","source":{"storageSource":{"bucket":"gcf-v2-sources-203471818329-europe-west1","object":"kkiapayWebhook/function-source.zip","generation":"1759846060105014"}},"environmentVariables":{"GOOGLE_NODE_RUN_SCRIPTS":""},"dockerRepository":"projects/africaphone-vente/locations/europe-west1/repositories/gcf-artifacts","sourceProvenance":{"resolvedStorageSource":{"bucket":"gcf-v2-sources-203471818329-europe-west1","object":"kkiapayWebhook/function-source.zip","generation":"1759846060105014"}},"dockerRegistry":"ARTIFACT_REGISTRY","serviceAccount":"projects/africaphone-vente/serviceAccounts/203471818329-compute@developer.gserviceaccount.com","automaticUpdatePolicy":{}},"serviceConfig":{"service":"projects/africaphone-vente/locations/europe-west1/services/kkiapaywebhook","timeoutSeconds":60,"environmentVariables":{"FIREBASE_CONFIG":"{\"projectId\":\"africaphone-vente\",\"storageBucket\":\"africaphone-vente.firebasestorage.app\"}","GCLOUD_PROJECT":"africaphone-vente","EVENTARC_CLOUD_EVENT_SOURCE":"projects/africaphone-vente/locations/europe-west1/services/kkiapayWebhook","FUNCTION_TARGET":"kkiapayWebhook","LOG_EXECUTION_ID":"true","FUNCTION_SIGNATURE_TYPE":"http"},"maxInstanceCount":3,"ingressSettings":"ALLOW_ALL","uri":"https://kkiapaywebhook-wmkbzzwcda-ew.a.run.app","serviceAccountEmail":"203471818329-compute@developer.gserviceaccount.com","availableMemory":"256Mi","allTrafficOnLatestRevision":true,"secretEnvironmentVariables":[{"key":"KKIA_WEBHOOK_SECRET","projectId":"africaphone-vente","secret":"KKIA_WEBHOOK_SECRET","version":"1"},{"key":"KKIA_PUBLIC_KEY","projectId":"africaphone-vente","secret":"KKIA_PUBLIC_KEY","version":"1"},{"key":"KKIA_PRIVATE_KEY","projectId":"africaphone-vente","secret":"KKIA_PRIVATE_KEY","version":"1"},{"key":"KKIA_SECRET_KEY","projectId":"africaphone-vente","secret":"KKIA_SECRET_KEY","version":"1"},{"key":"KKIA_SANDBOX","projectId":"africaphone-vente","secret":"KKIA_SANDBOX","version":"2"}],"revision":"kkiapaywebhook-00008-wep","maxInstanceRequestConcurrency":80,"availableCpu":"1"},"state":"ACTIVE","updateTime":"2025-10-07T14:07:50.190337906Z","labels":{"deployment-tool":"cli-firebase","firebase-functions-hash":"ebe89512214ffa943979275978e4cd67cb6b8810"},"environment":"GEN_2","url":"https://europe-west1-africaphone-vente.cloudfunctions.net/kkiapayWebhook","createTime":"2025-09-29T12:36:32.250510086Z","satisfiesPzi":true},{"name":"projects/africaphone-vente/locations/europe-west1/functions/createVoteIntent","buildConfig":{"build":"projects/203471818329/locations/europe-west1/builds/a92b017a-3983-4a3f-873e-cf265f7ec90f","runtime":"nodejs22","entryPoint":"createVoteIntent","source":{"storageSource":{"bucket":"gcf-v2-sources-203471818329-europe-west1","object":"createVoteIntent/function-source.zip","generation":"1759846000685960"}},"environmentVariables":{"GOOGLE_NODE_RUN_SCRIPTS":""},"dockerRepository":"projects/africaphone-vente/locations/europe-west1/repositories/gcf-artifacts","sourceProvenance":{"resolvedStorageSource":{"bucket":"gcf-v2-sources-203471818329-europe-west1","object":"createVoteIntent/function-source.zip","generation":"1759846000685960"}},"dockerRegistry":"ARTIFACT_REGISTRY","serviceAccount":"projects/africaphone-vente/serviceAccounts/203471818329-compute@developer.gserviceaccount.com","automaticUpdatePolicy":{}},"serviceConfig":{"service":"projects/africaphone-vente/locations/europe-west1/services/createvoteintent","timeoutSeconds":60,"environmentVariables":{"FIREBASE_CONFIG":"{\"projectId\":\"africaphone-vente\",\"storageBucket\":\"africaphone-vente.firebasestorage.app\"}","GCLOUD_PROJECT":"africaphone-vente","EVENTARC_CLOUD_EVENT_SOURCE":"projects/africaphone-vente/locations/europe-west1/services/createVoteIntent","FUNCTION_TARGET":"createVoteIntent","LOG_EXECUTION_ID":"true"},"maxInstanceCount":3,"ingressSettings":"ALLOW_ALL","uri":"https://createvoteintent-wmkbzzwcda-ew.a.run.app","serviceAccountEmail":"203471818329-compute@developer.gserviceaccount.com","availableMemory":"256Mi","allTrafficOnLatestRevision":true,"secretEnvironmentVariables":[{"key":"KKIA_PUBLIC_KEY","projectId":"africaphone-vente","secret":"KKIA_PUBLIC_KEY","version":"1"},{"key":"KKIA_PRIVATE_KEY","projectId":"africaphone-vente","secret":"KKIA_PRIVATE_KEY","version":"1"},{"key":"KKIA_SECRET_KEY","projectId":"africaphone-vente","secret":"KKIA_SECRET_KEY","version":"1"}],"revision":"createvoteintent-00008-giq","maxInstanceRequestConcurrency":80,"availableCpu":"1"},"state":"ACTIVE","updateTime":"2025-10-07T14:07:47.709112211Z","labels":{"deployment-tool":"cli-firebase","deployment-callable":"true","firebase-functions-hash":"8bb77b138e9f0d576790a9890bdfa95abd68fd05"},"environment":"GEN_2","url":"https://europe-west1-africaphone-vente.cloudfunctions.net/createVoteIntent","createTime":"2025-09-29T12:35:22.184539523Z","satisfiesPzi":true},{"name":"projects/africaphone-vente/locations/europe-west1/functions/verifyKkiapay","buildConfig":{"build":"projects/203471818329/locations/europe-west1/builds/a92b017a-3983-4a3f-873e-cf265f7ec90f","runtime":"nodejs22","entryPoint":"verifyKkiapay","source":{"storageSource":{"bucket":"gcf-v2-sources-203471818329-europe-west1","object":"verifyKkiapay/function-source.zip","generation":"1759846060206483"}},"environmentVariables":{"GOOGLE_NODE_RUN_SCRIPTS":""},"dockerRepository":"projects/africaphone-vente/locations/europe-west1/repositories/gcf-artifacts","sourceProvenance":{"resolvedStorageSource":{"bucket":"gcf-v2-sources-203471818329-europe-west1","object":"verifyKkiapay/function-source.zip","generation":"1759846060206483"}},"dockerRegistry":"ARTIFACT_REGISTRY","serviceAccount":"projects/africaphone-vente/serviceAccounts/203471818329-compute@developer.gserviceaccount.com","automaticUpdatePolicy":{}},"serviceConfig":{"service":"projects/africaphone-vente/locations/europe-west1/services/verifykkiapay","timeoutSeconds":60,"environmentVariables":{"FIREBASE_CONFIG":"{\"projectId\":\"africaphone-vente\",\"storageBucket\":\"africaphone-vente.firebasestorage.app\"}","GCLOUD_PROJECT":"africaphone-vente","EVENTARC_CLOUD_EVENT_SOURCE":"projects/africaphone-vente/locations/europe-west1/services/verifyKkiapay","FUNCTION_TARGET":"verifyKkiapay","LOG_EXECUTION_ID":"true","FUNCTION_SIGNATURE_TYPE":"http"},"maxInstanceCount":3,"ingressSettings":"ALLOW_ALL","uri":"https://verifykkiapay-wmkbzzwcda-ew.a.run.app","serviceAccountEmail":"203471818329-compute@developer.gserviceaccount.com","availableMemory":"256Mi","allTrafficOnLatestRevision":true,"secretEnvironmentVariables":[{"key":"KKIA_PUBLIC_KEY","projectId":"africaphone-vente","secret":"KKIA_PUBLIC_KEY","version":"1"},{"key":"KKIA_PRIVATE_KEY","projectId":"africaphone-vente","secret":"KKIA_PRIVATE_KEY","version":"1"},{"key":"KKIA_SECRET_KEY","projectId":"africaphone-vente","secret":"KKIA_SECRET_KEY","version":"1"},{"key":"KKIA_SANDBOX","projectId":"africaphone-vente","secret":"KKIA_SANDBOX","version":"2"}],"revision":"verifykkiapay-00008-ceg","maxInstanceRequestConcurrency":80,"availableCpu":"1"},"state":"ACTIVE","updateTime":"2025-10-07T14:07:47.497483659Z","labels":{"deployment-tool":"cli-firebase","deployment-callable":"true","firebase-functions-hash":"8b660b1c65427897020a7656b48e64e66321e232"},"environment":"GEN_2","url":"https://europe-west1-africaphone-vente.cloudfunctions.net/verifyKkiapay","createTime":"2025-09-29T12:36:31.611482552Z","satisfiesPzi":true},{"name":"projects/africaphone-vente/locations/us-central1/functions/submitPrediction","buildConfig":{"build":"projects/203471818329/locations/us-central1/builds/512706c0-c412-4b5c-b024-42d9f4d9bcde","runtime":"nodejs22","entryPoint":"submitPrediction","source":{"storageSource":{"bucket":"gcf-v2-sources-203471818329-us-central1","object":"submitPrediction/function-source.zip","generation":"1759846065177724"}},"environmentVariables":{"GOOGLE_NODE_RUN_SCRIPTS":""},"dockerRepository":"projects/africaphone-vente/locations/us-central1/repositories/gcf-artifacts","sourceProvenance":{"resolvedStorageSource":{"bucket":"gcf-v2-sources-203471818329-us-central1","object":"submitPrediction/function-source.zip","generation":"1759846065177724"}},"dockerRegistry":"ARTIFACT_REGISTRY","serviceAccount":"projects/africaphone-vente/serviceAccounts/203471818329-compute@developer.gserviceaccount.com","automaticUpdatePolicy":{}},"serviceConfig":{"service":"projects/africaphone-vente/locations/us-central1/services/submitprediction","timeoutSeconds":60,"environmentVariables":{"FIREBASE_CONFIG":"{\"projectId\":\"africaphone-vente\",\"storageBucket\":\"africaphone-vente.firebasestorage.app\"}","GCLOUD_PROJECT":"africaphone-vente","EVENTARC_CLOUD_EVENT_SOURCE":"projects/africaphone-vente/locations/us-central1/services/submitPrediction","FUNCTION_TARGET":"submitPrediction","LOG_EXECUTION_ID":"true","FUNCTION_SIGNATURE_TYPE":"http"},"maxInstanceCount":3,"ingressSettings":"ALLOW_ALL","uri":"https://submitprediction-wmkbzzwcda-uc.a.run.app","serviceAccountEmail":"203471818329-compute@developer.gserviceaccount.com","availableMemory":"256Mi","allTrafficOnLatestRevision":true,"revision":"submitprediction-00017-xaq","maxInstanceRequestConcurrency":80,"availableCpu":"1"},"state":"ACTIVE","updateTime":"2025-10-07T14:07:53.235110406Z","labels":{"firebase-functions-hash":"b1b5945b741f2af33abc188a8af930b2a01fef80","deployment-tool":"cli-firebase","deployment-callable":"true"},"environment":"GEN_2","url":"https://us-central1-africaphone-vente.cloudfunctions.net/submitPrediction","createTime":"2025-08-14T07:41:51.942310450Z","satisfiesPzi":true},{"name":"projects/africaphone-vente/locations/us-central1/functions/processMatchResults","buildConfig":{"build":"projects/203471818329/locations/us-central1/builds/512706c0-c412-4b5c-b024-42d9f4d9bcde","runtime":"nodejs22","entryPoint":"processMatchResults","source":{"storageSource":{"bucket":"gcf-v2-sources-203471818329-us-central1","object":"processMatchResults/function-source.zip","generation":"1759846065374800"}},"environmentVariables":{"GOOGLE_NODE_RUN_SCRIPTS":""},"dockerRepository":"projects/africaphone-vente/locations/us-central1/repositories/gcf-artifacts","sourceProvenance":{"resolvedStorageSource":{"bucket":"gcf-v2-sources-203471818329-us-central1","object":"processMatchResults/function-source.zip","generation":"1759846065374800"}},"dockerRegistry":"ARTIFACT_REGISTRY","serviceAccount":"projects/africaphone-vente/serviceAccounts/203471818329-compute@developer.gserviceaccount.com","automaticUpdatePolicy":{}},"serviceConfig":{"service":"projects/africaphone-vente/locations/us-central1/services/processmatchresults","timeoutSeconds":60,"environmentVariables":{"FIREBASE_CONFIG":"{\"projectId\":\"africaphone-vente\",\"storageBucket\":\"africaphone-vente.firebasestorage.app\"}","GCLOUD_PROJECT":"africaphone-vente","EVENTARC_CLOUD_EVENT_SOURCE":"projects/africaphone-vente/locations/us-central1/services/processMatchResults","FUNCTION_SIGNATURE_TYPE":"cloudevent","FUNCTION_TARGET":"processMatchResults","LOG_EXECUTION_ID":"true"},"maxInstanceCount":3,"ingressSettings":"ALLOW_ALL","uri":"https://processmatchresults-wmkbzzwcda-uc.a.run.app","serviceAccountEmail":"203471818329-compute@developer.gserviceaccount.com","availableMemory":"256Mi","allTrafficOnLatestRevision":true,"revision":"processmatchresults-00020-sin","maxInstanceRequestConcurrency":80,"availableCpu":"1"},"eventTrigger":{"trigger":"projects/africaphone-vente/locations/nam5/triggers/processmatchresults-483913","triggerRegion":"nam5","eventType":"google.cloud.firestore.document.v1.updated","eventFilters":[{"attribute":"namespace","value":"(default)"},{"attribute":"document","value":"matches/{matchId}","operator":"match-path-pattern"},{"attribute":"database","value":"(default)"}],"pubsubTopic":"projects/africaphone-vente/topics/eventarc-nam5-processmatchresults-483913-143","serviceAccountEmail":"203471818329-compute@developer.gserviceaccount.com","retryPolicy":"RETRY_POLICY_DO_NOT_RETRY"},"state":"ACTIVE","updateTime":"2025-10-07T14:07:53.435448787Z","labels":{"firebase-functions-hash":"b1b5945b741f2af33abc188a8af930b2a01fef80","deployment-tool":"cli-firebase"},"environment":"GEN_2","url":"https://us-central1-africaphone-vente.cloudfunctions.net/processMatchResults","createTime":"2025-08-14T01:46:46.352572237Z","satisfiesPzi":true},{"name":"projects/africaphone-vente/locations/us-central1/functions/aggregatePredictions","buildConfig":{"build":"projects/203471818329/locations/us-central1/builds/512706c0-c412-4b5c-b024-42d9f4d9bcde","runtime":"nodejs22","entryPoint":"aggregatePredictions","source":{"storageSource":{"bucket":"gcf-v2-sources-203471818329-us-central1","object":"aggregatePredictions/function-source.zip","generation":"1759846065213997"}},"environmentVariables":{"GOOGLE_NODE_RUN_SCRIPTS":""},"dockerRepository":"projects/africaphone-vente/locations/us-central1/repositories/gcf-artifacts","sourceProvenance":{"resolvedStorageSource":{"bucket":"gcf-v2-sources-203471818329-us-central1","object":"aggregatePredictions/function-source.zip","generation":"1759846065213997"}},"dockerRegistry":"ARTIFACT_REGISTRY","serviceAccount":"projects/africaphone-vente/serviceAccounts/203471818329-compute@developer.gserviceaccount.com","automaticUpdatePolicy":{}},"serviceConfig":{"service":"projects/africaphone-vente/locations/us-central1/services/aggregatepredictions","timeoutSeconds":60,"environmentVariables":{"FIREBASE_CONFIG":"{\"projectId\":\"africaphone-vente\",\"storageBucket\":\"africaphone-vente.firebasestorage.app\"}","GCLOUD_PROJECT":"africaphone-vente","EVENTARC_CLOUD_EVENT_SOURCE":"projects/africaphone-vente/locations/us-central1/services/aggregatePredictions","FUNCTION_SIGNATURE_TYPE":"cloudevent","FUNCTION_TARGET":"aggregatePredictions","LOG_EXECUTION_ID":"true"},"maxInstanceCount":3,"ingressSettings":"ALLOW_ALL","uri":"https://aggregatepredictions-wmkbzzwcda-uc.a.run.app","serviceAccountEmail":"203471818329-compute@developer.gserviceaccount.com","availableMemory":"256Mi","allTrafficOnLatestRevision":true,"revision":"aggregatepredictions-00017-nud","maxInstanceRequestConcurrency":80,"availableCpu":"1"},"eventTrigger":{"trigger":"projects/africaphone-vente/locations/nam5/triggers/aggregatepredictions-109737","triggerRegion":"nam5","eventType":"google.cloud.firestore.document.v1.created","eventFilters":[{"attribute":"document","value":"predictions/{predictionId}","operator":"match-path-pattern"},{"attribute":"database","value":"(default)"},{"attribute":"namespace","value":"(default)"}],"pubsubTopic":"projects/africaphone-vente/topics/eventarc-nam5-aggregatepredictions-109737-036","serviceAccountEmail":"203471818329-compute@developer.gserviceaccount.com","retryPolicy":"RETRY_POLICY_DO_NOT_RETRY"},"state":"ACTIVE","updateTime":"2025-10-07T14:07:53.377211075Z","labels":{"firebase-functions-hash":"b1b5945b741f2af33abc188a8af930b2a01fef80","deployment-tool":"cli-firebase"},"environment":"GEN_2","url":"https://us-central1-africaphone-vente.cloudfunctions.net/aggregatePredictions","createTime":"2025-08-14T07:42:47.805393820Z","satisfiesPzi":true},{"name":"projects/africaphone-vente/locations/us-central1/functions/validatePromoCode","buildConfig":{"build":"projects/203471818329/locations/us-central1/builds/512706c0-c412-4b5c-b024-42d9f4d9bcde","runtime":"nodejs22","entryPoint":"validatePromoCode","source":{"storageSource":{"bucket":"gcf-v2-sources-203471818329-us-central1","object":"validatePromoCode/function-source.zip","generation":"1759846065172848"}},"environmentVariables":{"GOOGLE_NODE_RUN_SCRIPTS":""},"dockerRepository":"projects/africaphone-vente/locations/us-central1/repositories/gcf-artifacts","sourceProvenance":{"resolvedStorageSource":{"bucket":"gcf-v2-sources-203471818329-us-central1","object":"validatePromoCode/function-source.zip","generation":"1759846065172848"}},"dockerRegistry":"ARTIFACT_REGISTRY","serviceAccount":"projects/africaphone-vente/serviceAccounts/203471818329-compute@developer.gserviceaccount.com","automaticUpdatePolicy":{}},"serviceConfig":{"service":"projects/africaphone-vente/locations/us-central1/services/validatepromocode","timeoutSeconds":60,"environmentVariables":{"FIREBASE_CONFIG":"{\"projectId\":\"africaphone-vente\",\"storageBucket\":\"africaphone-vente.firebasestorage.app\"}","GCLOUD_PROJECT":"africaphone-vente","EVENTARC_CLOUD_EVENT_SOURCE":"projects/africaphone-vente/locations/us-central1/services/validatePromoCode","FUNCTION_TARGET":"validatePromoCode","LOG_EXECUTION_ID":"true","FUNCTION_SIGNATURE_TYPE":"http"},"maxInstanceCount":3,"ingressSettings":"ALLOW_ALL","uri":"https://validatepromocode-wmkbzzwcda-uc.a.run.app","serviceAccountEmail":"203471818329-compute@developer.gserviceaccount.com","availableMemory":"256Mi","allTrafficOnLatestRevision":true,"revision":"validatepromocode-00010-wij","maxInstanceRequestConcurrency":80,"availableCpu":"1"},"state":"ACTIVE","updateTime":"2025-10-07T14:07:53.206108464Z","labels":{"deployment-tool":"cli-firebase","deployment-callable":"true","firebase-functions-hash":"b1b5945b741f2af33abc188a8af930b2a01fef80"},"environment":"GEN_2","url":"https://us-central1-africaphone-vente.cloudfunctions.net/validatePromoCode","createTime":"2025-09-01T16:52:54.419925970Z","satisfiesPzi":true},{"name":"projects/africaphone-vente/locations/us-central1/functions/resetPrediction","buildConfig":{"build":"projects/203471818329/locations/us-central1/builds/d378e739-fc2a-4df4-bf5d-4f12366d1892","runtime":"nodejs22","entryPoint":"resetPrediction","source":{"storageSource":{"bucket":"gcf-v2-sources-203471818329-us-central1","object":"resetPrediction/function-source.zip","generation":"1759846130338397"}},"environmentVariables":{"GOOGLE_NODE_RUN_SCRIPTS":""},"dockerRepository":"projects/africaphone-vente/locations/us-central1/repositories/gcf-artifacts","sourceProvenance":{"resolvedStorageSource":{"bucket":"gcf-v2-sources-203471818329-us-central1","object":"resetPrediction/function-source.zip","generation":"1759846130338397"}},"dockerRegistry":"ARTIFACT_REGISTRY","serviceAccount":"projects/africaphone-vente/serviceAccounts/203471818329-compute@developer.gserviceaccount.com","automaticUpdatePolicy":{}},"serviceConfig":{"service":"projects/africaphone-vente/locations/us-central1/services/resetprediction","timeoutSeconds":60,"environmentVariables":{"FIREBASE_CONFIG":"{\"projectId\":\"africaphone-vente\",\"storageBucket\":\"africaphone-vente.firebasestorage.app\"}","GCLOUD_PROJECT":"africaphone-vente","EVENTARC_CLOUD_EVENT_SOURCE":"projects/africaphone-vente/locations/us-central1/services/resetPrediction","FUNCTION_TARGET":"resetPrediction","LOG_EXECUTION_ID":"true"},"maxInstanceCount":3,"ingressSettings":"ALLOW_ALL","uri":"https://resetprediction-wmkbzzwcda-uc.a.run.app","serviceAccountEmail":"203471818329-compute@developer.gserviceaccount.com","availableMemory":"256Mi","allTrafficOnLatestRevision":true,"revision":"resetprediction-00002-jat","maxInstanceRequestConcurrency":80,"availableCpu":"1"},"state":"ACTIVE","updateTime":"2025-10-07T14:09:32.913040701Z","labels":{"firebase-functions-hash":"b1b5945b741f2af33abc188a8af930b2a01fef80","deployment-tool":"cli-firebase","deployment-callable":"true"},"environment":"GEN_2","url":"https://us-central1-africaphone-vente.cloudfunctions.net/resetPrediction","createTime":"2025-10-07T14:06:39.913191527Z","satisfiesPzi":true},{"name":"projects/africaphone-vente/locations/us-central1/functions/ssrafricaphoneorg","buildConfig":{"build":"projects/203471818329/locations/us-central1/builds/03140872-0733-4725-951d-7db9fa151528","runtime":"nodejs20","entryPoint":"ssrafricaphoneorg","source":{"storageSource":{"bucket":"gcf-v2-sources-203471818329-us-central1","object":"ssrafricaphoneorg/function-source.zip","generation":"1761667122534253"}},"environmentVariables":{"GOOGLE_NODE_RUN_SCRIPTS":""},"dockerRepository":"projects/africaphone-vente/locations/us-central1/repositories/gcf-artifacts","sourceProvenance":{"resolvedStorageSource":{"bucket":"gcf-v2-sources-203471818329-us-central1","object":"ssrafricaphoneorg/function-source.zip","generation":"1761667122534253"}},"dockerRegistry":"ARTIFACT_REGISTRY","serviceAccount":"projects/africaphone-vente/serviceAccounts/203471818329-compute@developer.gserviceaccount.com","automaticUpdatePolicy":{}},"serviceConfig":{"service":"projects/africaphone-vente/locations/us-central1/services/ssrafricaphoneorg","timeoutSeconds":60,"environmentVariables":{"VERCEL_URL":"africaphone-vente.web.app","__FIREBASE_FRAMEWORKS_ENTRY__":"next.js","__FIREBASE_DEFAULTS__":"{\"config\":{\"projectId\":\"africaphone-vente\",\"appId\":\"1:203471818329:web:d0e235db15917d8b596b48\",\"storageBucket\":\"africaphone-vente.firebasestorage.app\",\"apiKey\":\"AIzaSyCVmG85CJPSqPDueR1RnxSS5DLtW3QP0Zs\",\"authDomain\":\"africaphone-vente.firebaseapp.com\",\"messagingSenderId\":\"203471818329\",\"measurementId\":\"G-EYL8YL86KB\",\"projectNumber\":\"203471818329\",\"version\":\"2\"},\"_authTokenSyncURL\":\"/__session\"}","FIREBASE_CONFIG":"{\"projectId\":\"africaphone-vente\",\"storageBucket\":\"africaphone-vente.firebasestorage.app\"}","GCLOUD_PROJECT":"africaphone-vente","EVENTARC_CLOUD_EVENT_SOURCE":"projects/africaphone-vente/locations/us-central1/services/ssrafricaphoneorg","FUNCTION_TARGET":"ssrafricaphoneorg","LOG_EXECUTION_ID":"true"},"maxInstanceCount":3,"ingressSettings":"ALLOW_ALL","uri":"https://ssrafricaphoneorg-wmkbzzwcda-uc.a.run.app","serviceAccountEmail":"203471818329-compute@developer.gserviceaccount.com","availableMemory":"256Mi","allTrafficOnLatestRevision":true,"revision":"ssrafricaphoneorg-00029-xey","maxInstanceRequestConcurrency":80,"availableCpu":"1"},"state":"ACTIVE","updateTime":"2025-10-28T16:02:11.393801504Z","labels":{"deployment-tool":"cli-firebase","firebase-functions-codebase":"firebase-frameworks-africaphone-org","firebase-functions-hash":"9c42d85a68fa7bd1c5e35034ce18f882c42c7906"},"environment":"GEN_2","url":"https://us-central1-africaphone-vente.cloudfunctions.net/ssrafricaphoneorg","createTime":"2025-10-20T15:58:15.358054640Z","satisfiesPzi":true},{"name":"projects/africaphone-vente/locations/us-central1/functions/updateAggregatedPredictions","buildConfig":{"build":"projects/203471818329/locations/us-central1/builds/512706c0-c412-4b5c-b024-42d9f4d9bcde","runtime":"nodejs22","entryPoint":"updateAggregatedPredictions","source":{"storageSource":{"bucket":"gcf-v2-sources-203471818329-us-central1","object":"updateAggregatedPredictions/function-source.zip","generation":"1759846065468907"}},"environmentVariables":{"GOOGLE_NODE_RUN_SCRIPTS":""},"dockerRepository":"projects/africaphone-vente/locations/us-central1/repositories/gcf-artifacts","sourceProvenance":{"resolvedStorageSource":{"bucket":"gcf-v2-sources-203471818329-us-central1","object":"updateAggregatedPredictions/function-source.zip","generation":"1759846065468907"}},"dockerRegistry":"ARTIFACT_REGISTRY","serviceAccount":"projects/africaphone-vente/serviceAccounts/203471818329-compute@developer.gserviceaccount.com","automaticUpdatePolicy":{}},"serviceConfig":{"service":"projects/africaphone-vente/locations/us-central1/services/updateaggregatedpredictions","timeoutSeconds":60,"environmentVariables":{"FIREBASE_CONFIG":"{\"projectId\":\"africaphone-vente\",\"storageBucket\":\"africaphone-vente.firebasestorage.app\"}","GCLOUD_PROJECT":"africaphone-vente","EVENTARC_CLOUD_EVENT_SOURCE":"projects/africaphone-vente/locations/us-central1/services/updateAggregatedPredictions","FUNCTION_SIGNATURE_TYPE":"cloudevent","FUNCTION_TARGET":"updateAggregatedPredictions","LOG_EXECUTION_ID":"true"},"maxInstanceCount":3,"ingressSettings":"ALLOW_ALL","uri":"https://updateaggregatedpredictions-wmkbzzwcda-uc.a.run.app","serviceAccountEmail":"203471818329-compute@developer.gserviceaccount.com","availableMemory":"256Mi","allTrafficOnLatestRevision":true,"revision":"updateaggregatedpredictions-00015-beq","maxInstanceRequestConcurrency":80,"availableCpu":"1"},"eventTrigger":{"trigger":"projects/africaphone-vente/locations/nam5/triggers/updateaggregatedpredictions-019110","triggerRegion":"nam5","eventType":"google.cloud.firestore.document.v1.updated","eventFilters":[{"attribute":"namespace","value":"(default)"},{"attribute":"document","value":"predictions/{predictionId}","operator":"match-path-pattern"},{"attribute":"database","value":"(default)"}],"pubsubTopic":"projects/africaphone-vente/topics/eventarc-nam5-updateaggregatedpredictions-019110-746","serviceAccountEmail":"203471818329-compute@developer.gserviceaccount.com","retryPolicy":"RETRY_POLICY_DO_NOT_RETRY"},"state":"ACTIVE","updateTime":"2025-10-07T14:07:54.115445390Z","labels":{"deployment-tool":"cli-firebase","firebase-functions-hash":"b1b5945b741f2af33abc188a8af930b2a01fef80"},"environment":"GEN_2","url":"https://us-central1-africaphone-vente.cloudfunctions.net/updateAggregatedPredictions","createTime":"2025-08-15T04:53:47.335022888Z","satisfiesPzi":true}]}
[info] i  hosting: The following function(s) are pinned to site africaphone-org and will be deployed as well: ssrafricaphoneorg 
[info] 
[info] === Deploying to 'africaphone-vente'...
[info] 
[info] i  deploying functions, hosting 
[debug] [2025-10-28T16:28:03.377Z] Checked if tokens are valid: true, expires at: 1761670512006
[debug] [2025-10-28T16:28:03.378Z] Checked if tokens are valid: true, expires at: 1761670512006
[debug] [2025-10-28T16:28:03.378Z] >>> [apiv2][query] GET https://cloudresourcemanager.googleapis.com/v1/projects/africaphone-vente [none]
[debug] [2025-10-28T16:28:03.653Z] <<< [apiv2][status] GET https://cloudresourcemanager.googleapis.com/v1/projects/africaphone-vente 200
[debug] [2025-10-28T16:28:03.654Z] <<< [apiv2][body] GET https://cloudresourcemanager.googleapis.com/v1/projects/africaphone-vente {"projectNumber":"203471818329","projectId":"africaphone-vente","lifecycleState":"ACTIVE","name":"africaphonereact","labels":{"firebase":"enabled","firebase-core":"disabled"},"createTime":"2025-02-28T11:04:56.628821Z"}
[info] i  functions: preparing codebase firebase-frameworks-africaphone-org for deployment 
[info] i  functions: ensuring required API cloudfunctions.googleapis.com is enabled... 
[info] i  functions: ensuring required API cloudbuild.googleapis.com is enabled... 
[info] i  artifactregistry: ensuring required API artifactregistry.googleapis.com is enabled... 
[debug] [2025-10-28T16:28:03.660Z] Checked if tokens are valid: true, expires at: 1761670512006
[debug] [2025-10-28T16:28:03.661Z] Checked if tokens are valid: true, expires at: 1761670512006
[debug] [2025-10-28T16:28:03.661Z] >>> [apiv2][query] GET https://firebase.googleapis.com/v1beta1/projects/africaphone-vente/adminSdkConfig [none]
[debug] [2025-10-28T16:28:05.084Z] <<< [apiv2][status] GET https://firebase.googleapis.com/v1beta1/projects/africaphone-vente/adminSdkConfig 200
[debug] [2025-10-28T16:28:05.084Z] <<< [apiv2][body] GET https://firebase.googleapis.com/v1beta1/projects/africaphone-vente/adminSdkConfig {"projectId":"africaphone-vente","storageBucket":"africaphone-vente.firebasestorage.app"}
[debug] [2025-10-28T16:28:05.085Z] Checked if tokens are valid: true, expires at: 1761670512006
[debug] [2025-10-28T16:28:05.085Z] Checked if tokens are valid: true, expires at: 1761670512006
[debug] [2025-10-28T16:28:05.086Z] >>> [apiv2][query] GET https://runtimeconfig.googleapis.com/v1beta1/projects/africaphone-vente/configs [none]
[debug] [2025-10-28T16:28:06.370Z] <<< [apiv2][status] GET https://runtimeconfig.googleapis.com/v1beta1/projects/africaphone-vente/configs 200
[debug] [2025-10-28T16:28:06.370Z] <<< [apiv2][body] GET https://runtimeconfig.googleapis.com/v1beta1/projects/africaphone-vente/configs {}
[debug] [2025-10-28T16:28:06.376Z] Validating nodejs source
[debug] [2025-10-28T16:28:10.257Z] > [functions] package.json contents: {
  "name": "web",
  "version": "0.1.0",
  "private": true,
  "dependencies": {
    "firebase": "^12.4.0",
    "firebase-admin": "^13.5.0",
    "kkiapay": "^2.0.23",
    "next": "14.2.13",
    "react": "18.2.0",
    "react-dom": "18.2.0",
    "firebase-frameworks": "^0.11.0",
    "firebase-functions": "^6.0.1"
  },
  "lint-staged": {
    "*.{ts,tsx,js,jsx}": [
      "eslint --max-warnings=0"
    ],
    "*.{json,md,css}": [
      "prettier --check"
    ]
  },
  "main": "server.js",
  "engines": {
    "node": "20"
  }
}
[debug] [2025-10-28T16:28:10.258Z] Building nodejs source
[info] i  functions: Loading and analyzing source code for codebase firebase-frameworks-africaphone-org to determine what to deploy 
[debug] [2025-10-28T16:28:10.262Z] Could not find functions.yaml. Must use http discovery
[debug] [2025-10-28T16:28:10.295Z] Found firebase-functions binary at 'C:\Users\USER\Desktop\AFRICA Phone\AfricaPhone2\AfricaPhone2\.firebase\africaphone-org\functions\node_modules\.bin\firebase-functions'
[info] Serving at port 8899

[debug] [2025-10-28T16:28:14.319Z] Got response from /__/functions.yaml {"endpoints":{"ssrafricaphoneorg":{"availableMemoryMb":null,"timeoutSeconds":null,"minInstances":null,"maxInstances":null,"ingressSettings":null,"concurrency":null,"serviceAccountEmail":null,"vpc":null,"platform":"gcfv2","region":["us-central1"],"labels":{},"httpsTrigger":{},"entryPoint":"ssrafricaphoneorg"}},"specVersion":"v1alpha1","requiredAPIs":[],"extensions":{}}
[info] i  extensions: ensuring required API firebaseextensions.googleapis.com is enabled... 
[debug] [2025-10-28T16:28:18.499Z] > command requires scopes: ["email","openid","https://www.googleapis.com/auth/cloudplatformprojects.readonly","https://www.googleapis.com/auth/firebase","https://www.googleapis.com/auth/cloud-platform"]
[debug] [2025-10-28T16:28:18.500Z] > authorizing via signed-in user (georgesbusiness54@gmail.com)
[debug] [2025-10-28T16:28:18.500Z] [iam] checking project africaphone-vente for permissions ["firebase.projects.get","firebaseextensions.instances.list"]
[debug] [2025-10-28T16:28:18.501Z] Checked if tokens are valid: true, expires at: 1761670512006
[debug] [2025-10-28T16:28:18.501Z] Checked if tokens are valid: true, expires at: 1761670512006
[debug] [2025-10-28T16:28:18.501Z] >>> [apiv2][query] POST https://cloudresourcemanager.googleapis.com/v1/projects/africaphone-vente:testIamPermissions [none]
[debug] [2025-10-28T16:28:18.502Z] >>> [apiv2][(partial)header] POST https://cloudresourcemanager.googleapis.com/v1/projects/africaphone-vente:testIamPermissions x-goog-quota-user=projects/africaphone-vente
[debug] [2025-10-28T16:28:18.502Z] >>> [apiv2][body] POST https://cloudresourcemanager.googleapis.com/v1/projects/africaphone-vente:testIamPermissions {"permissions":["firebase.projects.get","firebaseextensions.instances.list"]}
[debug] [2025-10-28T16:28:19.467Z] <<< [apiv2][status] POST https://cloudresourcemanager.googleapis.com/v1/projects/africaphone-vente:testIamPermissions 200
[debug] [2025-10-28T16:28:19.468Z] <<< [apiv2][body] POST https://cloudresourcemanager.googleapis.com/v1/projects/africaphone-vente:testIamPermissions {"permissions":["firebase.projects.get","firebaseextensions.instances.list"]}
[debug] [2025-10-28T16:28:19.469Z] Checked if tokens are valid: true, expires at: 1761670512006
[debug] [2025-10-28T16:28:19.469Z] Checked if tokens are valid: true, expires at: 1761670512006
[debug] [2025-10-28T16:28:19.470Z] >>> [apiv2][query] GET https://firebaseextensions.googleapis.com/v1beta/projects/africaphone-vente/instances pageSize=100&pageToken=
[debug] [2025-10-28T16:28:20.947Z] <<< [apiv2][status] GET https://firebaseextensions.googleapis.com/v1beta/projects/africaphone-vente/instances 200
[debug] [2025-10-28T16:28:20.948Z] <<< [apiv2][body] GET https://firebaseextensions.googleapis.com/v1beta/projects/africaphone-vente/instances {"instances":[{"name":"projects/africaphone-vente/instances/firestore-algolia-search","createTime":"2025-08-18T12:09:49.355616Z","updateTime":"2025-09-02T05:02:56.919975Z","state":"ACTIVE","config":{"name":"projects/africaphone-vente/instances/firestore-algolia-search/configurations/5903afad-310b-4584-b14c-6898f0ad007d","createTime":"2025-09-02T04:57:07.322375Z","source":{"name":"projects/algolia-b2ebc/sources/f2a0dfae-c9fe-4d81-9270-e2ab97341336","packageUri":"https://storage.googleapis.com/firebase-extensions-packages-prod/algolia-firestore-algolia-search-1.2.10-ad77104c-e1df-4d73-9be7-e56937a83bea.zip","hash":"bf3bebef836a4d00847d8766756acb75d2dff6b3b089488bd6c90ac03c38ff57","extensionRoot":"/","spec":{"specVersion":"v1beta","name":"firestore-algolia-search","version":"1.2.10","description":"Enables full text search of your Cloud Firestore data with Algolia.","roles":[{"role":"datastore.user","reason":"Allows this extension to access Cloud Firestore to read."}],"resources":[{"name":"executeIndexOperation","type":"firebaseextensions.v1beta.function","propertiesYaml":"eventTrigger:\n  eventType: providers/cloud.firestore/eventTypes/document.write\n  resource: projects/${PROJECT_ID}/databases/${DATABASE_ID}/documents/${COLLECTION_PATH}/{documentID}\nlocation: ${LOCATION}\nruntime: nodejs20\n","description":"Firestore document-triggered function that creates, updates, or deletes data in Algolia.","deletionPolicy":"DELETE"},{"name":"executeFullIndexOperation","type":"firebaseextensions.v1beta.function","propertiesYaml":"availableMemoryMb: 1024\nlocation: ${param:LOCATION}\nruntime: nodejs20\ntaskQueueTrigger: {}\ntimeout: 540s\n","description":"Loads all the data from your FireStore database into Algolia","deletionPolicy":"DELETE"}],"billingRequired":true,"author":{"authorName":"Algolia","url":"https://algolia.com"},"contributors":[{"authorName":"Sajid Momin","email":"sajid.momin@algolia.com","url":"https://github.com/smomin"}],"license":"Apache-2.0","sourceUrl":"https://github.com/algolia/firestore-algolia-search/tree/main","params":[{"param":"DATABASE_ID","label":"Database ID","type":"STRING","description":"Enter database that contains the collections that you want to monitor?\n","required":true,"default":"(default)","example":"test","immutable":true},{"param":"COLLECTION_PATH","label":"Collection Path","type":"STRING","description":"What is the path to the Cloud Firestore collection where the extension should monitor for changes?\n","required":true,"example":"store","validationRegex":"^[^/]+(/[^/]+/[^/]+)*$","validationErrorMessage":"Firestore collection paths must be an odd number of segments separated by slashes, e.g. \"movies/{id}/actors\".","immutable":true},{"param":"FIELDS","label":"Indexable Fields","type":"STRING","description":"This can be a comma separated list or left blank to index all fields. For performance reasons, [record size is limited](https://www.algolia.com/doc/guides/sending-and-managing-data/prepare-your-data/in-depth/index-and-records-size-and-usage-limitations/#record-size-limits). If you're receiving errors that your records are too large, refer to the [reducing record size documentation](https://www.algolia.com/doc/guides/sending-and-managing-data/prepare-your-data/how-to/reducing-object-size/).\n","example":"name,category,price,sales"},{"param":"FORCE_DATA_SYNC","label":"Force Data Sync","type":"SELECT","description":"The extension uses approaches to mitigate race conditions but it might not be a 100% fool proof.  This setting will make sure the function is using the latest data from Firestore by making another read call before processing and sending to Algolia.  note: This will be a add to your usage of Firestore.","options":[{"value":"no","label":"No"},{"value":"yes","label":"Yes"}],"default":"no"},{"param":"ALGOLIA_INDEX_NAME","label":"Algolia Index Name","type":"STRING","description":"This is the name of the [Algolia index](https://www.algolia.com/doc/faq/basics/what-is-an-index/) where the records will be persisted. Refer to [naming your index](https://www.algolia.com/doc/guides/sending-and-managing-data/send-and-update-your-data/#naming-your-index) for more information.","required":true},{"param":"ALGOLIA_APP_ID","label":"Algolia Application Id","type":"STRING","description":"This is the Algolia application you want to index your data to. You can find your credentials including application ID on your Algolia dashboard, under the [API keys tab](https://www.algolia.com/api-keys).","required":true},{"param":"ALGOLIA_API_KEY","label":"Algolia API Key","type":"SECRET","description":"We recommend [creating a new API key](https://www.algolia.com/doc/guides/security/api-keys/#creating-and-managing-api-keys) with \"addObject\", \"deleteObject\", \"listIndexes\", \"deleteIndex\", \"editSettings\", and \"settings\" permissions. **Do not use the Admin API key**.","required":true},{"param":"ALT_OBJECT_ID","label":"Alternative Object Id","type":"STRING","description":"Specify an alternative Firestore document property to use for the Algolia record Id.  Use `(path)` if the document path is desired as the Algolia ObjectID.  The default is the Firestore document Id. **If you set this property, make sure to clear out the Algolia Index since the ObjectID will be different resulting in duplicate records.**"},{"param":"TRANSFORM_FUNCTION","label":"Transform Function Name (Experimental)","type":"STRING","description":"Specify a Firebase Cloud Function for any data transformation before saving into Algolia. Refer to [Call functions for your app](https://firebase.google.com/docs/functions/callable)."},{"param":"DO_FULL_INDEXING","label":"Full Index existing documents?","type":"SELECT","description":"Should existing documents in the Firestore collection be indexed as well?\n","required":true,"options":[{"value":"true","label":"Yes"},{"value":"false","label":"No"}]},{"param":"LOCATION","label":"Cloud Functions location","type":"SELECT","description":"Where do you want to deploy the functions created for this extension? You usually want a location close to your database. For help selecting a location, refer to the [location selection guide](https://firebase.google.com/docs/functions/locations).","required":true,"options":[{"value":"us-central1","label":"Iowa (us-central1)"},{"value":"us-east1","label":"South Carolina (us-east1)"},{"value":"us-east4","label":"Northern Virginia (us-east4)"},{"value":"us-west2","label":"Los Angeles (us-west2)"},{"value":"us-west3","label":"Salt Lake City (us-west3)"},{"value":"us-west4","label":"Las Vegas (us-west4)"},{"value":"europe-central2","label":"Warsaw (europe-central2)"},{"value":"europe-west1","label":"Belgium (europe-west1)"},{"value":"europe-west2","label":"London (europe-west2)"},{"value":"europe-west3","label":"Frankfurt (europe-west3)"},{"value":"europe-west6","label":"Zurich (europe-west6)"},{"value":"asia-east2","label":"Hong Kong (asia-east2)"},{"value":"asia-northeast1","label":"Tokyo (asia-northeast1)"},{"value":"asia-northeast2","label":"Osaka (asia-northeast2)"},{"value":"asia-northeast3","label":"Seoul (asia-northeast3)"},{"value":"asia-south1","label":"Mumbai (asia-south1)"},{"value":"asia-southeast2","label":"Jakarta (asia-southeast2)"},{"value":"northamerica-northeast1","label":"Montreal (northamerica-northeast1)"},{"value":"southamerica-east1","label":"Sao Paulo (southamerica-east1)"},{"value":"australia-southeast1","label":"Sydney (australia-southeast1)"}],"immutable":true}],"preinstallContent":"Use this extension to index your Cloud Firestore data to Algolia and keep it synced.  The extension is applied and configured on a Firestore [collection](https://firebase.google.com/docs/firestore/data-model#collections).\n\nThis extension listens for changes on the specified collection. If you add a [document](https://firebase.google.com/docs/firestore/data-model#documents), the extension indexes it as a [record in Algolia](https://www.algolia.com/doc/faq/basics/what-is-a-record/). The extension only indexes the fields defined in the extension configuration and uses the [document Id](https://firebase.google.com/docs/firestore/manage-data/add-data#add_a_document) as the Algolia [object Id](https://www.algolia.com/doc/guides/sending-and-managing-data/send-and-update-your-data/#using-unique-object-identifiers).\n\nAnytime you update a document, the extension propagates the update to the corresponding Algolia record. If you delete a document, the extension removes the corresponding Algolia record.\n\n#### Important\n\nUpon installation or when the extension's configuration is changed, the documents in the specified collection will be synced to Algolia.\n\n#### Additional setup\n\nBefore installing this extension, make sure that you've\n[set up a Cloud Firestore database](https://firebase.google.com/docs/firestore/quickstart)\nin your Firebase project.\n\nYou must also have an Algolia account set up before installing this\nextension. You can do so on the [Algolia](https://www.algolia.com/) site.\n\n#### Billing\n\nThis extension uses the following Firebase services which may have associated charges:\n\n- Cloud Firestore\n- Cloud Functions\n\nThis extension also uses the following third-party services:\n\n- Algolia ([pricing information](https://www.algolia.com/pricing))\n\nYou are responsible for any costs associated with your use of these services.\n\n#### Note from Firebase\n\nTo install this extension, your Firebase project must be on the Blaze (pay-as-you-go) plan. You will only be charged for the resources you use. Most Firebase services offer a free tier for low-volume use. [Learn more about Firebase billing.](https://firebase.google.com/pricing)\n\nYou will be billed a small amount (typically less than $0.10) when you install or reconfigure this extension. See Cloud Functions under [Firebase Pricing](https://firebase.google.com/pricing) for a detailed explanation.\n","postinstallContent":"### See it in action\n\nYou can test out this extension right away:\n\n1.  Go to the [Cloud Firestore tab](https://console.firebase.google.com/project/${param:PROJECT_ID}/database/firestore/data).\n\n1.  If it doesn't exist already, create a collection called `${param:COLLECTION_PATH}`.\n\n1.  Create, update, or delete a document in the `${param:COLLECTION_PATH}` collection.  Go to Algolia's dashboard and verify in Algolia that a record is created, updated, or deleted in the `${param:ALGOLIA_INDEX_NAME}` index for application id `${param:ALGOLIA_APP_ID}`.\n\n### Collection import\n\nIf the collection named `${param:COLLECTION_PATH}` exists, the extension has begun importing documents into the `${param:ALGOLIA_INDEX_NAME}` Algolia Index. Additionally, a full reindex will occur each time the extension's configuration changes.\n\nA `lastmodified` attribute is added to Algolia records to eliminate race condition issues related from the Cloud Function cold start.\n\n### Using the extension\n\nThis extension listens to the Cloud Firestore collection `${param:COLLECTION_PATH}`. If you create, update, or delete a document within that collection, this extension will:\n\n- Indexes the document and send all the fields or configured fields defined in the extension.\n- or, removes the record from Algolia index if the document is deleted.\n\n### Monitoring\n\nAs a best practice, you can [monitor the activity](https://firebase.google.com/docs/extensions/manage-installed-extensions#monitor) of your installed extension, including checks on its health, usage, and logs.\n","readmeContent":"# Search Firestore with Algolia\n\n**Author**: Algolia (**[https://www.algolia.com](https://www.algolia.com)**)\n\n**Description**: Enable full text search of your Cloud Firestore data with Algolia.\n\n**Details**: Use this extension to index your Cloud Firestore data to [Algolia](https://www.algolia.com/doc/) and keep it synced.\n\nYou can then [configure your relevance](/doc/guides/getting-started/how-algolia-works/in-depth/implementation-process/#configuring-relevance) using the [Algolia dashboard](https://www.algolia.com/dashboard) or [API clients](/doc/api-client/getting-started/install/javascript/). From there, you can use Algolia's [front-end libraries](/doc/guides/building-search-ui/what-is-instantsearch/js/) to incorporate search components into your Firebase app's UI.\n\n---\n\nWe welcome [bug reports and feature requests](https://github.com/algolia/firestore-algolia-search/issues/new) as well as pull requests in this GitHub repository.\n\n### Firebase CLI\n\n```bash\nfirebase ext:install algolia/firestore-algolia-search --project=<your-project-id>\n```\n\n> Learn more about installing extensions in the Firebase Extensions documentation: [console](https://firebase.google.com/docs/extensions/install-extensions?platform=console), [CLI](https://firebase.google.com/docs/extensions/install-extensions?platform=cli)\n\n---\n\n#### Details\n\nUse this extension to index your Cloud Firestore data to Algolia and keep it synced.  The extension is applied and configured on a Firestore [collection](https://firebase.google.com/docs/firestore/data-model#collections) or [subcollection](https://firebase.google.com/docs/firestore/data-model#subcollections).\n\nThis extension listens for changes on the specified collection. If you add a [document](https://firebase.google.com/docs/firestore/data-model#documents), the extension indexes it as a [record in Algolia](https://www.algolia.com/doc/faq/basics/what-is-a-record/). The extension only indexes the fields defined in the extension configuration and uses the [document Id](https://firebase.google.com/docs/firestore/manage-data/add-data#add_a_document) as the Algolia [object Id](https://www.algolia.com/doc/guides/sending-and-managing-data/send-and-update-your-data/#using-unique-object-identifiers).\n\nAnytime you update a document, the extension propagates the update to the corresponding Algolia record. If you delete a document, the extension removes the corresponding Algolia record.\n\n#### Additional setup\n\nBefore installing this extension, make sure that you've set up:\n- [Cloud Firestore database](https://firebase.google.com/docs/firestore/quickstart) in your Firebase project.\n- [Algolia](https://www.algolia.com/) account.\n\n\n#### Billing\n\nThis extension uses the following Firebase services which may have associated charges:\n\n- Cloud Firestore\n- Cloud Functions\n\nThis extension also uses the following third-party services:\n\n- Algolia ([pricing information](https://www.algolia.com/pricing))\n\nYou are responsible for any costs associated with your use of these services.\n\n#### Note from Firebase\n\nTo install this extension, your Firebase project must be on the Blaze (pay-as-you-go) plan. You will only be charged for the resources you use. Most Firebase services offer a free tier for low-volume use. [Learn more about Firebase billing.](https://firebase.google.com/pricing)\n\nYou will be billed a small amount (typically less than $0.10) when you install or reconfigure this extension. See Cloud Functions under [Firebase Pricing](https://firebase.google.com/pricing) for a detailed explanation.\n\n#### Configuration Parameters\n\nCloud Functions Location: Where do you want to deploy the functions created for this extension?\n  You usually want a location close to your database.\n  For help selecting a location, refer to the\n  [location selection guide](https://firebase.google.com/docs/functions/locations).\n- Database Id: Enter the database id that contains the collection(s) that you want to monitor?\n  Firebase supports [multiple databases](https://cloud.google.com/blog/products/databases/manage-multiple-firestore-databases-in-a-project) in a project.  In order to use a non default database, enter the database Id.\n\n- Collection Path: What is the path to the Cloud Firestore collection where the extension should monitor for changes?\n  For subcollection, the syntax is `parent_collection/{parentId}/target_collection`. (please note, there is not depublication process on subcollections).\n\n- Fields: What document fields should be indexed to provide the best search experience? For more information on which fields to index to Algolia, see the [Algolia documentation on records](https://www.algolia.com/doc/guides/sending-and-managing-data/prepare-your-data/#algolia-records).\n  This can be a comma separated list or left blank to index all fields.\n  For performance reasons, [record size is limited](https://www.algolia.com/doc/guides/sending-and-managing-data/prepare-your-data/in-depth/index-and-records-size-and-usage-limitations/#record-size-limits).\n  If you're receiving errors that your records are too large, refer to the [reducing record size documentation](https://www.algolia.com/doc/guides/sending-and-managing-data/prepare-your-data/how-to/reducing-object-size/).\n\n- Force Data Sync: Are you facing data inconsistent issues possibly due to race conditions?\n  This setting will make sure the function is using the latest data from Firestore by making another read call before processing and sending to Algolia.\n\n- Algolia Application ID: What is the Algolia Application Id?\n  This is the Algolia application you want to index your data to.\n  You can find your credentials including application ID on your Algolia dashboard,\n  under the [API keys tab](https://www.algolia.com/api-keys).\n\n- Algolia API Key: What is your Algolia API key?\n  We recommend [creating a new API key](https://www.algolia.com/doc/guides/security/api-keys/#creating-and-managing-api-keys)\n  with \"addObject\", \"deleteObject\", \"listIndexes\", \"deleteIndex\", \"editSettings\", and \"settings\" permissions.\n  **Do not use the Admin API key**.\n\n- Algolia Index Name: What is the Algolia index name?\n  This is the name of the [Algolia index](https://www.algolia.com/doc/faq/basics/what-is-an-index/)\n  where the records will be persisted.\n  Refer to [naming your index](https://www.algolia.com/doc/guides/sending-and-managing-data/send-and-update-your-data/#naming-your-index) for more information.\n\n- Alternative Object Id: Are you looking to use another Firestore document property or document path as the Algolia ObjectID?\n  Specify an alternative Firestore document property to use for the Algolia record Id.  Use `(path)` if the document path is desired as the Algolia ObjectID.  The default is the Firestore document Id.\n  **If you set this property, make sure to clear out the Algolia Index since the ObjectID will be different resulting in duplicate records.**\n\n- Transform Function Name (experimental): What is the Firebase Cloud Function Name?\n  This is the name of the Firestore Cloud Function for transforming the data before transmitting to Algolia for indexing.\n  This function should be deployed to the same Firebase Project and Location as the Firestore/Algolia extension.\n  Refer to [Call functions for your app](https://firebase.google.com/docs/functions/callable).\n  Below is an example of a Transform function used for my testing:\n  ```javascript\n    import * as functions from \"firebase-functions\";\n\n    const doStuffToData = (payload: any) => {\n      return {\n      ...payload,\n      \"hello\": \"world\",\n      };\n    };\n\n    export const helloWorld = functions.https.onCall((payload) => {\n      const transformedData = doStuffToData(payload);\n      return transformedData;\n    });\n  ```\n  **Note**: The Transform Firebase Function should be set up to unauthenticated users at this time.\n\n#### Cloud Functions\n\n- **executeIndexOperation:** Firestore document-triggered function that creates, updates, or deletes data in Algolia.\n","externalServices":[{"name":"Algolia","pricingUri":"https://algolia.com/pricing"}],"lifecycleEvents":[{"stage":"ON_INSTALL","processingMessage":"Indexing existing documents in ${COLLECTION_PATH}","taskQueueTriggerFunction":"executeFullIndexOperation"},{"stage":"ON_UPDATE","processingMessage":"Indexing existing documents in ${COLLECTION_PATH}","taskQueueTriggerFunction":"executeFullIndexOperation"},{"stage":"ON_CONFIGURE","processingMessage":"Indexing existing documents in ${COLLECTION_PATH}","taskQueueTriggerFunction":"executeFullIndexOperation"}],"displayName":"Search Firestore with Algolia","tags":["ai","search","semantic-search","vector-search","text-search"]},"fetchTime":"2025-05-16T17:02:12.063897Z","lastOperationName":"projects/algolia-b2ebc/operations/87e61176-16d6-4819-93cf-10e09387bdcb","state":"ACTIVE"},"params":{"COLLECTION_PATH":"products","ALGOLIA_INDEX_NAME":"products","ALGOLIA_APP_ID":"S18U9VKLQE","LOCATION":"europe-west1","FIELDS":"name,price,imageUrl,rom,ram","FORCE_DATA_SYNC":"no","ALGOLIA_API_KEY":"projects/203471818329/secrets/firestore-algolia-search-ALGOLIA_API_KEY/versions/2","DATABASE_ID":"(default)","DO_FULL_INDEXING":"true"},"populatedPostinstallContent":"### See it in action\n\nYou can test out this extension right away:\n\n1.  Go to the [Cloud Firestore tab](https://console.firebase.google.com/project/africaphone-vente/database/firestore/data).\n\n1.  If it doesn't exist already, create a collection called `products`.\n\n1.  Create, update, or delete a document in the `products` collection.  Go to Algolia's dashboard and verify in Algolia that a record is created, updated, or deleted in the `products` index for application id `S18U9VKLQE`.\n\n### Collection import\n\nIf the collection named `products` exists, the extension has begun importing documents into the `products` Algolia Index. Additionally, a full reindex will occur each time the extension's configuration changes.\n\nA `lastmodified` attribute is added to Algolia records to eliminate race condition issues related from the Cloud Function cold start.\n\n### Using the extension\n\nThis extension listens to the Cloud Firestore collection `products`. If you create, update, or delete a document within that collection, this extension will:\n\n- Indexes the document and send all the fields or configured fields defined in the extension.\n- or, removes the record from Algolia index if the document is deleted.\n\n### Monitoring\n\nAs a best practice, you can [monitor the activity](https://firebase.google.com/docs/extensions/manage-installed-extensions#monitor) of your installed extension, including checks on its health, usage, and logs.\n","extensionRef":"algolia/firestore-algolia-search","extensionVersion":"1.2.10","systemParams":{"firebaseextensions.v1beta.function/memory":"256","firebaseextensions.v1beta.function/vpcConnectorEgressSettings":"VPC_CONNECTOR_EGRESS_SETTINGS_UNSPECIFIED","firebaseextensions.v1beta.function/minInstances":"0"}},"lastOperationName":"projects/africaphone-vente/operations/fdfcea18-445c-4c09-b970-09edbe66d47b","serviceAccountEmail":"ext-firestore-algolia-search@africaphone-vente.iam.gserviceaccount.com","lastOperationType":"CONFIGURE","etag":"4faa00e976c95387e37e4d7a55de6552194c6f45b70154e12fc905637e556d9f","runtimeData":{"stateUpdateTime":"2025-09-02T05:04:45.282888054Z","processingState":{"state":"PROCESSING_COMPLETE","detailMessage":"Successfully indexed 212 documents in 2929ms."}}},{"name":"projects/africaphone-vente/instances/storage-resize-images","createTime":"2025-06-23T22:13:20.541421Z","updateTime":"2025-08-02T16:34:46.096093Z","state":"ACTIVE","config":{"name":"projects/africaphone-vente/instances/storage-resize-images/configurations/eab8a6d8-e51a-4fd0-8a97-2fc256e2af02","createTime":"2025-08-02T16:29:58.988680Z","source":{"name":"projects/firebaseextensions/sources/c03afa8e-540f-426c-a166-9847baab3bde","packageUri":"https://storage.googleapis.com/firebase-extensions-packages-prod/firebase-storage-resize-images-0.2.10-86ff3989-54cf-4e0a-a62b-357e4d79341f.zip","hash":"dfdb66afac0b03e9c27e8a1449d8076dd367cc29286e3356c8052056a1031e23","extensionRoot":"/","spec":{"specVersion":"v1beta","name":"storage-resize-images","version":"0.2.10","description":"Resizes images uploaded to Cloud Storage to a specified size, and optionally keeps or deletes the original image.","apis":[{"apiName":"storage-component.googleapis.com","reason":"Needed to use Cloud Storage"}],"roles":[{"role":"storage.admin","reason":"Allows the extension to store resized images in Cloud Storage"},{"role":"aiplatform.user","reason":"Allows use of Gemini models for AI content filtering, if enabled."}],"resources":[{"name":"generateResizedImage","type":"firebaseextensions.v1beta.function","propertiesYaml":"availableMemoryMb: ${param:FUNCTION_MEMORY}\neventTrigger:\n  eventType: google.storage.object.finalize\n  resource: projects/_/buckets/${param:IMG_BUCKET}\nruntime: nodejs20\n","description":"Listens for new images uploaded to your specified Cloud Storage bucket, resizes the images, then stores the resized images in the same bucket. Optionally keeps or deletes the original images.","deletionPolicy":"DELETE"},{"name":"backfillResizedImages","type":"firebaseextensions.v1beta.function","propertiesYaml":"availableMemoryMb: ${param:FUNCTION_MEMORY}\nruntime: nodejs20\ntaskQueueTrigger: {}\n","description":"Handles tasks from startBackfill to resize existing images.","deletionPolicy":"DELETE"}],"billingRequired":true,"author":{"authorName":"Firebase","url":"https://firebase.google.com"},"contributors":[{"authorName":"Tina Liang","url":"https://github.com/tinaliang"},{"authorName":"Chris Bianca","email":"chris@csfrequency.com","url":"https://github.com/chrisbianca"},{"authorName":"Invertase","email":"oss@invertase.io","url":"https://github.com/invertase"}],"license":"Apache-2.0","releaseNotesUrl":"https://github.com/firebase/extensions/blob/master/storage-resize-images/CHANGELOG.md","sourceUrl":"https://github.com/firebase/extensions/tree/master/storage-resize-images","params":[{"param":"IMG_BUCKET","label":"Cloud Storage bucket for images","type":"SELECT_RESOURCE","description":"To which Cloud Storage bucket will you upload images that you want to resize? Resized images will be stored in this bucket. Depending on your extension configuration, original images are either kept or deleted. It is recommended to create a separate bucket for this extension. For more information, refer to the [pre-installation guide](https://firebase.google.com/products/extensions/storage-resize-images).\n","required":true,"default":"${STORAGE_BUCKET}","example":"my-project-12345.appspot.com","validationRegex":"^([0-9a-z_.-]*)$","validationErrorMessage":"Invalid storage bucket","resourceInfo":{"resourceType":"storage.googleapis.com/Bucket"}},{"param":"IMG_SIZES","label":"Sizes of resized images","type":"STRING","description":"What sizes of images would you like (in pixels)? Enter the sizes as a comma-separated list of WIDTHxHEIGHT values. Learn more about [how this parameter works](https://firebase.google.com/products/extensions/storage-resize-images).\n","required":true,"default":"200x200","example":"200x200","validationRegex":"^\\d+x(\\d+,\\d+x)*\\d+$","validationErrorMessage":"Invalid sizes, must be a comma-separated list of WIDTHxHEIGHT values."},{"param":"DELETE_ORIGINAL_FILE","label":"Deletion of original file","type":"SELECT","description":"Do you want to automatically delete the original file from the Cloud Storage bucket? warning: these deletions cannot be undone, and if you reconfigure this instance to use different image dimensions, you won't be able to backfill deleted images.","required":true,"options":[{"value":"false","label":"Don't delete"},{"value":"true","label":"Delete on any resize attempt"},{"value":"on_success","label":"Delete only on successful resize attempts"}],"default":"false"},{"param":"MAKE_PUBLIC","label":"Make resized images public","type":"SELECT","description":"Do you want to make the resized images public automatically? So you can access them by URL. For example: https://storage.googleapis.com/{bucket}/{path}","options":[{"value":"true","label":"Yes"},{"value":"false","label":"No"}],"default":"false"},{"param":"RESIZED_IMAGES_PATH","label":"Cloud Storage path for resized images","type":"STRING","description":"A relative path in which to store resized images. For example, if you specify a path here of `thumbs` and you upload an image to `/images/original.jpg`, then the resized image is stored at `/images/thumbs/original_200x200.jpg`. If you prefer to store resized images at the root of your bucket, leave this field empty.\n","example":"thumbnails"},{"param":"INCLUDE_PATH_LIST","label":"Paths that contain images you want to resize","type":"STRING","description":"Restrict storage-resize-images to only resize images in specific locations in your Storage bucket by  supplying a comma-separated list of absolute paths. For example, specifying the paths `/users/pictures,/restaurants/menuItems` will resize any images found in any subdirectories of `/users/pictures` and `/restaurants/menuItems`.\nYou may also use wildcard notation for directories in the path. For example, `/users/*/pictures` would include any images in any subdirectories of `/users/foo/pictures` as well as any images in subdirectories of `/users/bar/pictures`, but also any images in subdirectories of `/users/any/level/of/subdirectories/pictures`. \nIf you prefer not to explicitly restrict to certain directories of your Storage bucket, leave this field empty.\n","example":"/users/avatars,/design/pictures","validationRegex":"^(\\/[^\\s\\/\\,]+)+(\\,(\\/[^\\s\\/\\,]+)+)*$","validationErrorMessage":"Invalid paths, must be a comma-separated list of absolute path values."},{"param":"EXCLUDE_PATH_LIST","label":"List of absolute paths not included for resized images","type":"STRING","description":"Ensure storage-resize-images does *not* resize images in _specific locations_ in your Storage bucket by  supplying a comma-separated list of absolute paths. For example, to *exclude* the images  stored in the `/foo/alpha` and its subdirectories and `/bar/beta` and its subdirectories, specify the paths `/foo/alpha,/bar/beta`.\nYou may also use wildcard notation for directories in the path. For example, `/users/*/pictures` would exclude any images in any subdirectories of `/users/foo/pictures` as well as any images in subdirectories of `/users/bar/pictures`, but also any images in subdirectories of `/users/any/level/of/subdirectories/pictures`.\nIf you prefer to resize every image uploaded to your Storage bucket, leave this field empty.\n","example":"/users/avatars/thumbs,/design/pictures/thumbs","validationRegex":"^(\\/[^\\s\\/\\,]+)+(\\,(\\/[^\\s\\/\\,]+)+)*$","validationErrorMessage":"Invalid paths, must be a comma-separated list of absolute path values."},{"param":"FAILED_IMAGES_PATH","label":"Cloud Storage path for failed images","type":"STRING","description":"A relative path in which to store failed images. For example, if you specify a path here of `failed` and you upload an image to `/images/original.jpg`, then resizing failed, the image will be stored at `/images/failed/original.jpg`.\nLeave this field empty if you do not want to store failed images in a separate directory.\n","example":"failed","validationRegex":"^([^\\/.]*|)$","validationErrorMessage":"Values cannot include \"/\", \".\"."},{"param":"CACHE_CONTROL_HEADER","label":"Cache-Control header for resized images","type":"STRING","description":"This extension automatically copies any `Cache-Control` metadata from the original image to the resized images. For the resized images, do you want to overwrite this copied `Cache-Control` metadata or add `Cache-Control` metadata? Learn more about [`Cache-Control` headers](https://developer.mozilla.org/docs/Web/HTTP/Headers/Cache-Control). If you prefer not to overwrite or add `Cache-Control` metadata, leave this field empty.\n","example":"max-age=86400"},{"param":"IMAGE_TYPE","label":"Convert image to preferred types","type":"MULTISELECT","description":"The image types you'd like your source image to convert to.  The default for this option will be to keep the original file type as the destination file type.\n","required":true,"options":[{"value":"jpeg","label":"jpeg"},{"value":"webp","label":"webp"},{"value":"png","label":"png"},{"value":"tiff","label":"tiff"},{"value":"gif","label":"gif"},{"value":"avif","label":"avif"},{"value":"false","label":"original"}],"default":"false"},{"param":"OUTPUT_OPTIONS","label":"Output options for selected formats","type":"STRING","description":"Provide an optional output option as a stringified object containing Sharp Output Options for selected image types conversion. eg. `{\"jpeg\": { \"quality\": 5, \"chromaSubsampling\": \"4:4:4\" }, \"png\": { \"palette\": true }}` and `{\"png\":{\"compressionLevel\":9}}`. The `\"compressionLevel\": 9` specifies the level of compression for PNG images. Higher numbers here indicate greater compression, leading to smaller file sizes at the cost of potentially increased processing time and possible loss of image quality.\n","validationRegex":"^({(.*?)})$","validationErrorMessage":"Please provide a valid JSON object."},{"param":"SHARP_OPTIONS","label":"Sharp constructor options for resizing images","type":"STRING","description":"Provide an optional stringified Sharp ResizeOptions object to customize resizing behavior, eg. `{ \"fastShrinkOnLoad\": false, \"position\": “centre”, \"fit\": \"inside\" }` The `\"fit\": \"inside\"` option ensures the image fits within given dimensions, maintaining aspect ratio, scaling down as needed without cropping or distortion. Learn more about [`Sharp constructor options`](https://sharp.pixelplumbing.com/api-resize#resize).\n","validationRegex":"^({(.*?)})$","validationErrorMessage":"Please provide a valid JSON object."},{"param":"IS_ANIMATED","label":"GIF and WEBP animated option","type":"SELECT","description":"Keep animation of GIF and WEBP formats.\n","options":[{"value":"true","label":"Yes"},{"value":"false","label":"No (1st frame only)"}],"default":"true"},{"param":"FUNCTION_MEMORY","label":"Cloud Function memory","type":"SELECT","description":"Memory of the function responsible of resizing images.  Choose how much memory to give to the function that resize images. (For animated GIF => GIF we recommend using a minimum of 2GB).","required":true,"options":[{"value":"512","label":"512 MB"},{"value":"1024","label":"1 GB"},{"value":"2048","label":"2 GB"},{"value":"4096","label":"4 GB"},{"value":"8192","label":"8 GB"}],"default":"1024"},{"param":"DO_BACKFILL","label":"Backfill existing images","type":"SELECT","description":"Should existing, unresized images in the Storage bucket be resized as well?\n","required":true,"options":[{"value":"true","label":"Yes"},{"value":"false","label":"No"}]},{"param":"BACKFILL_BATCH_SIZE","label":"Backfill batch size","type":"STRING","description":"The maximum number of images to resize in a single batch. By default, the function is configured to resize 3 images at a time. This is a conservative default to work with smallest memory option (512 MB).\nwarning: Ensure your function has enough memory to handle the batch size.\n","default":"3","validationRegex":"^[1-9][0-9]*$","validationErrorMessage":"Please provide a valid number."},{"param":"REGENERATE_TOKEN","label":"Assign new access token","type":"SELECT","description":"Should resized images have a new access token assigned to them,  different from the original image?\n","options":[{"value":"true","label":"Yes"},{"value":"false","label":"No"}],"default":"true"},{"param":"CONTENT_FILTER_LEVEL","label":"Content filter level","type":"SELECT","description":"Set the level of content filtering to apply to uploaded images. Choose 'OFF' to disable content filtering entirely, 'BLOCK_ONLY_HIGH' to block only high-severity inappropriate content, 'BLOCK_MEDIUM_AND_ABOVE' for medium and high severity content, or 'BLOCK_LOW_AND_ABOVE' for the strictest filtering (blocks low, medium, and high severity content).\n","required":true,"options":[{"value":"OFF","label":"Off (No filtering)"},{"value":"BLOCK_ONLY_HIGH","label":"Low strictness (Block only high severity content)"},{"value":"BLOCK_MEDIUM_AND_ABOVE","label":"Medium strictness (Block medium and high severity content)"},{"value":"BLOCK_LOW_AND_ABOVE","label":"High strictness (Block low, medium, and high severity content)"}],"default":"OFF"},{"param":"CUSTOM_FILTER_PROMPT","label":"Custom content filter prompt","type":"STRING","description":"Optionally, provide a custom prompt for content filtering. This allows you to define specific criteria for filtering beyond the standard categories. Note that this prompt should be a yes/no question. For example, \"Does this image contain a cat?\" will filter out images that Gemini thinks contain a cat. This is additional filtering on top of whichever content filtering level you choose. Leave empty to use just your selected built-in content filtering configuration.\n","example":"Does this image contain violent or threatening content?"},{"param":"PLACEHOLDER_IMAGE_PATH","label":"Path to placeholder image","type":"STRING","description":"Optionally, specify a path to a placeholder image to use when an uploaded image is blocked by content filtering. This should be a relative path within your storage bucket. If not provided, a default placeholder image is used.\n","example":"placeholders/blocked-content.jpg","validationRegex":"^([a-zA-Z0-9_\\-\\./]+)\\.(png|jpg|jpeg|gif|webp)$","validationErrorMessage":"Please provide a valid image path within your bucket."}],"preinstallContent":"Use this extension to create resized versions of an image uploaded to a Cloud Storage bucket.\n\nWhen you upload a file to your specified Cloud Storage bucket, this extension:\n\n- Detects if the file is an image. If it is, then:\n  - Creates a resized image with your specified dimensions.\n  - Names the resized image using the same name as the original uploaded image, but suffixed with your specified width and height.\n  - Stores the resized image in the same Storage bucket as the original uploaded image.\n\nYou can even configure the extension to create resized images of different dimensions for each original image upload. For example, you might want images that are 200x200, 400x400, and 680x680 - this extension can create these three resized images then store them in your bucket.\n\nThe extension automatically copies the following metadata, if present, from the original image to the resized image(s): `Cache-Control`, `Content-Disposition`, `Content-Encoding`, `Content-Language`, `Content-Type`, and user-provided metadata (a new Firebase storage download token will be generated on the resized image(s) if the original metadata contains a token). Note that you can optionally configure the extension to overwrite the [`Cache-Control`](https://developer.mozilla.org/docs/Web/HTTP/Headers/Cache-Control) value for the resized image(s).\n\nThe extension supports resizing images in `JPEG`, `PNG`, `WebP`, `GIF`, `AVIF` and `TIFF` formats, and the output can be in one or more of these formats.\n\nThe extension can publish a resize completion event, which you can optionally enable when you install the extension. If you enable events, you can write custom event handlers that respond to these events. You can always enable or disable events later. Events will be emitted via Eventarc.\n\nFurthermore, you can choose if you want to receive events upon the successful completion of the image resizing. Hence, you can do anything based on the event you will receive. For example, you can use [EventArc gen2 functions](https://firebase.google.com/docs/functions/custom-events#handle-events) to be triggered on events published by the extension.\n\n#### Detailed configuration information\n\nTo configure this extension, you specify a maximum width and a maximum height (in pixels, px). This extension keeps the aspect ratio of uploaded images constant and shrinks the image until the resized image's dimensions are at or under your specified max width and height.\n\nFor example, say that you specify a max width of 200px and a max height of 100px. You upload an image that is 480px wide by 640px high, which means a 0.75 aspect ratio. The final resized image will be 75px wide by 100px high to maintain the aspect ratio while also being at or under both of your maximum specified dimensions.\n\n#### Content Filtering\n\nThis extension includes an optional content filtering system to automatically detect and block inappropriate images before resizing them. This feature leverages Google's AI models to analyze uploaded images and take action based on your specified filtering level.\n\n##### Content Filter Levels\n\nYou can configure the strictness of content filtering according to your needs:\n\n- **Off**: No content filtering is applied; all images will be processed.\n- **Low strictness**: Blocks only high-severity inappropriate content.\n- **Medium strictness**: Blocks medium and high severity inappropriate content.\n- **High strictness**: Blocks all low, medium, and high severity inappropriate content.\n\n##### Custom Filter Prompts\n\nBeyond the standard content filtering categories, you can define custom filtering criteria by providing a yes/no question as a prompt. For example:\n\n- \"Does this image contain a company logo?\"\n- \"Does this image show violent or threatening content?\"\n- \"Is this image inappropriate for children?\"\n\nThe AI model will evaluate each image against your custom prompt, and only images that meet the criteria will be processed. This provides an additional layer of filtering beyond the standard content categories.\n\n##### Placeholder Images\n\nWhen an image is blocked by content filtering, the extension will automatically replace it with a placeholder image before processing. You have two options:\n\n1. **Default placeholder**: If no custom placeholder is specified, the extension will use a built-in default placeholder image.\n\n2. **Custom placeholder**: You can provide a path to your own placeholder image within your storage bucket. This lets you use a branded or contextually appropriate image when content is blocked.\n\n##### Implementation Details\n\nWhen an image fails content filtering:\n\n1. The original image is not resized.\n2. The placeholder image (default or custom) is used for generating all configured resized versions.\n3. If you've configured a failed images path, the original image is moved to that location with metadata indicating it was blocked by content filtering.\n4. If events are enabled, an event is emitted with information about the content filtering result.\n\n##### Benefits of Content Filtering\n\n- **Brand protection**: Prevents inappropriate content from being associated with your application.\n- **User safety**: Creates a safer environment for your users by filtering harmful content.\n- **Compliance**: Helps meet regulatory requirements for content moderation.\n- **Resource optimization**: Saves processing resources by not resizing inappropriate content.\n\n##### Considerations\n\n- Content filtering adds processing overhead to the image resizing workflow.\n- AI-based filtering is not flawless, and may occasionally produce false positives or negatives.\n- For sensitive applications, consider implementing additional review processes for edge cases.\n\n#### Additional setup\n\nBefore installing this extension, make sure that you've [set up a Cloud Storage bucket](https://firebase.google.com/docs/storage) in your Firebase project.\n\n> **NOTE**: As mentioned above, this extension listens for all changes made to the specified Cloud Storage bucket. This may cause unnecessary function calls. It is recommended to create a separate Cloud Storage bucket, especially for images you want to resize, and set up this extension to listen to that bucket.\n\n#### Multiple instances of this extension\n\nYou can install multiple instances of this extension for the same project to configure different resizing options for different paths. However, as mentioned before this extension listens for all changes made to the specified Cloud Storage bucket. That means all instances will be triggered every time a file is uploaded to the bucket. Therefore, it is recommended to use different buckets instead of different paths to prevent unnecessary function calls.\n\n#### Troubleshooting\n\nIf events are enabled, and you want to create custom event handlers to respond to the events published by the extension, you must ensure that you have the appropriate [role/permissions](https://cloud.google.com/pubsub/docs/access-control#permissions_and_roles) to subscribe to Pub/Sub events.\n\n#### Example Event Handler for Successful Resize Operation\nHere is a an example of a custom event handler for events you can choose to emit from this extension:\n```typescript\nimport * as functions from 'firebase-functions';\nimport { onCustomEventPublished } from 'firebase-functions/v2/eventarc';\n\nexport const onImageResized = onCustomEventPublished(\n    \"firebase.extensions.storage-resize-images.v1.onSuccess\",\n    (event) => {\n        functions.logger.info(\"Resize Image is successful\", event);\n        // Additional operations based on the event data can be performed here\n        return Promise.resolve();\n    }\n);\n```\n\n#### AI-powered image moderation with Genkit\n\nThis extension uses the [Genkit SDK](https://genkit.dev/) to power AI-based content filtering for uploaded images. \n\nFor more information about Genkit, visit the Genkit documentation at [genkit.dev](http://genkit.dev/).\n\n#### Billing\nTo install an extension, your project must be on the [Blaze (pay as you go) plan](https://firebase.google.com/pricing)\n\n- This extension uses other Firebase and Google Cloud Platform services, which have associated charges if you exceed the service’s no-cost tier:\n - Cloud Storage\n - Cloud Functions (Node.js 10+ runtime. [See FAQs](https://firebase.google.com/support/faq#extensions-pricing))\n- If you enable events [Eventarc fees apply](https://cloud.google.com/eventarc/pricing).\n\n#### Further reading & resources\n\nYou can find more information about this extension in the following articles:\n\n- [Image Optimization With Firebase Extensions](https://invertase.link/ext-resize-images-tutorial)","postinstallContent":"### See it in action\n\nYou can test out this extension right away!\n\n1.  Go to your [Storage dashboard](https://console.firebase.google.com/project/${param:PROJECT_ID}/storage) in the Firebase console.\n\n1.  Upload an image file to the bucket: `${param:IMG_BUCKET}`\n\n1.  In a few seconds, the resized image(s) appear in the same bucket.\n\n    Note that you might need to refresh the page to see changes.\n\n### Using the extension\n\nYou can upload images using the [Cloud Storage for Firebase SDK](https://firebase.google.com/docs/storage/) for your platform (iOS, Android, or Web). Alternatively, you can upload images directly in the Firebase console's Storage dashboard.\n\nWhenever you upload an image file to `${param:IMG_BUCKET}`, this extension does the following:\n\n- Creates resized image(s) with your specified dimensions.\n- Names resized image(s) using the same name as the original uploaded image, but suffixed with the specified width and height.\n- Stores the resized image(s) in the bucket `${param:IMG_BUCKET}` (and, if configured, under the path `${param:RESIZED_IMAGES_PATH}`).\n\nThe extension also copies the following [metadata](https://cloud.google.com/storage/docs/metadata#mutable), if present, from the original image to the resized image(s):\n\n- `Cache-Control`\n- `Content-Disposition`\n- `Content-Encoding`\n- `Content-Language`\n- `Content-Type`\n- [user-provided metadata](https://cloud.google.com/storage/docs/metadata#custom-metadata)\n - If the original image contains a download token (publicly accessible via a unique download URL), a new download token is generated for the resized image(s). \n - If the original image does not contain a download token, resized image(s) will not be created with unique tokens. To make a resized image publicly accessible, call the [`getDownloadURL`](https://firebase.google.com/docs/reference/js/firebase.storage.Reference#getdownloadurl) method.\n\nBe aware of the following when using this extension:\n\n- Each original image must have a valid [image MIME type](https://developer.mozilla.org/en-US/docs/Web/HTTP/Basics_of_HTTP/MIME_types#Image_types) specified in its [`Content-Type` metadata](https://developer.mozilla.org/docs/Web/HTTP/Headers/Content-Type) (for example, `image/png`). Below is a list of the content types supported by this extension:\n  * image/jpeg\n  * image/png\n  * image/tiff\n  * image/webp\n  * image/gif\n\nIf you are using raw image data in your application, you need to ensure you set the correct content type when uploading to the Firebase Storage bucket to trigger the extension image resize. Below is an example of how to set the content type:\n\n```js\nconst admin = require(\"firebase-admin\");\nconst serviceAccount = require(\"../path-to-service-account.json\");\n\nadmin.initializeApp({\n  credential: admin.credential.cert(serviceAccount),\n});\n\nconst storage = admin.storage();\n\n// rawImage param is the binary data read from the file system or downloaded from URL\nfunction uploadImageToStorage(rawImage){\n  const bucket = storage.bucket(\"YOUR FIREBASE STORAGE BUCKET URL\");\n  const file = bucket.file(\"filename.jpeg\");\n\n  file.save(\n    rawImage,\n    {\n      // set the content type to ensure the extension triggers the image resize(s)\n      metadata: { contentType: \"image/jpeg\" },\n    },\n    (error) => {\n      if (error) {\n        throw error;\n      }\n      console.log(\"Successfully uploaded image\");\n    }\n  );\n}\n```\n\n- If you configured the `Cache-Control header for resized images` parameter, your specified value will overwrite the value copied from the original image. Learn more about image metadata in the [Cloud Storage documentation](https://firebase.google.com/docs/storage/).\n\n- If you would like to optionally configure `Output options for selected formats` you can create an JSON stringified object where you can provide file [Sharp Output Options](https://sharp.pixelplumbing.com/api-output#jpeg). Please use file formats as object keys and pass correct options. Incorrect options parameters or not selected formats will be ignored. Provide it as stringified JSON object without outer quote signs and indentation:\n\n```js\n{\"jpeg\": {\"quality\": 5,\"chromaSubsampling\": '4:4:4'}, \"png\": { \"pallete\": true}}\n```\n\n### Monitoring\n\nAs a best practice, you can [monitor the activity](https://firebase.google.com/docs/extensions/manage-installed-extensions#monitor) of your installed extension, including checks on its health, usage, and logs.\n\n### Further reading & resources\n\nYou can find more information about this extension in the following articles:\n\n- [Image Optimization With Firebase Extensions](https://invertase.link/ext-resize-images-tutorial)","readmeContent":"# Resize Images\n\n**Author**: Firebase (**[https://firebase.google.com](https://firebase.google.com)**)\n\n**Description**: Resizes images uploaded to Cloud Storage to a specified size, and optionally keeps or deletes the original image.\n\n\n\n**Details**: Use this extension to create resized versions of an image uploaded to a Cloud Storage bucket.\n\nWhen you upload a file to your specified Cloud Storage bucket, this extension:\n\n- Detects if the file is an image. If it is, then:\n  - Creates a resized image with your specified dimensions.\n  - Names the resized image using the same name as the original uploaded image, but suffixed with your specified width and height.\n  - Stores the resized image in the same Storage bucket as the original uploaded image.\n\nYou can even configure the extension to create resized images of different dimensions for each original image upload. For example, you might want images that are 200x200, 400x400, and 680x680 - this extension can create these three resized images then store them in your bucket.\n\nThe extension automatically copies the following metadata, if present, from the original image to the resized image(s): `Cache-Control`, `Content-Disposition`, `Content-Encoding`, `Content-Language`, `Content-Type`, and user-provided metadata (a new Firebase storage download token will be generated on the resized image(s) if the original metadata contains a token). Note that you can optionally configure the extension to overwrite the [`Cache-Control`](https://developer.mozilla.org/docs/Web/HTTP/Headers/Cache-Control) value for the resized image(s).\n\nThe extension supports resizing images in `JPEG`, `PNG`, `WebP`, `GIF`, `AVIF` and `TIFF` formats, and the output can be in one or more of these formats.\n\nThe extension can publish a resize completion event, which you can optionally enable when you install the extension. If you enable events, you can write custom event handlers that respond to these events. You can always enable or disable events later. Events will be emitted via Eventarc.\n\nFurthermore, you can choose if you want to receive events upon the successful completion of the image resizing. Hence, you can do anything based on the event you will receive. For example, you can use [EventArc gen2 functions](https://firebase.google.com/docs/functions/custom-events#handle-events) to be triggered on events published by the extension.\n\n#### Detailed configuration information\n\nTo configure this extension, you specify a maximum width and a maximum height (in pixels, px). This extension keeps the aspect ratio of uploaded images constant and shrinks the image until the resized image's dimensions are at or under your specified max width and height.\n\nFor example, say that you specify a max width of 200px and a max height of 100px. You upload an image that is 480px wide by 640px high, which means a 0.75 aspect ratio. The final resized image will be 75px wide by 100px high to maintain the aspect ratio while also being at or under both of your maximum specified dimensions.\n\n#### Content Filtering\n\nThis extension includes an optional content filtering system to automatically detect and block inappropriate images before resizing them. This feature leverages Google's AI models to analyze uploaded images and take action based on your specified filtering level.\n\n##### Content Filter Levels\n\nYou can configure the strictness of content filtering according to your needs:\n\n- **Off**: No content filtering is applied; all images will be processed.\n- **Low strictness**: Blocks only high-severity inappropriate content.\n- **Medium strictness**: Blocks medium and high severity inappropriate content.\n- **High strictness**: Blocks all low, medium, and high severity inappropriate content.\n\n##### Custom Filter Prompts\n\nBeyond the standard content filtering categories, you can define custom filtering criteria by providing a yes/no question as a prompt. For example:\n\n- \"Does this image contain a company logo?\"\n- \"Does this image show violent or threatening content?\"\n- \"Is this image inappropriate for children?\"\n\nThe AI model will evaluate each image against your custom prompt, and only images that meet the criteria will be processed. This provides an additional layer of filtering beyond the standard content categories.\n\n##### Placeholder Images\n\nWhen an image is blocked by content filtering, the extension will automatically replace it with a placeholder image before processing. You have two options:\n\n1. **Default placeholder**: If no custom placeholder is specified, the extension will use a built-in default placeholder image.\n\n2. **Custom placeholder**: You can provide a path to your own placeholder image within your storage bucket. This lets you use a branded or contextually appropriate image when content is blocked.\n\n##### Implementation Details\n\nWhen an image fails content filtering:\n\n1. The original image is not resized.\n2. The placeholder image (default or custom) is used for generating all configured resized versions.\n3. If you've configured a failed images path, the original image is moved to that location with metadata indicating it was blocked by content filtering.\n4. If events are enabled, an event is emitted with information about the content filtering result.\n\n##### Benefits of Content Filtering\n\n- **Brand protection**: Prevents inappropriate content from being associated with your application.\n- **User safety**: Creates a safer environment for your users by filtering harmful content.\n- **Compliance**: Helps meet regulatory requirements for content moderation.\n- **Resource optimization**: Saves processing resources by not resizing inappropriate content.\n\n##### Considerations\n\n- Content filtering adds processing overhead to the image resizing workflow.\n- AI-based filtering is not flawless, and may occasionally produce false positives or negatives.\n- For sensitive applications, consider implementing additional review processes for edge cases.\n\n#### Additional setup\n\nBefore installing this extension, make sure that you've [set up a Cloud Storage bucket](https://firebase.google.com/docs/storage) in your Firebase project.\n\n> **NOTE**: As mentioned above, this extension listens for all changes made to the specified Cloud Storage bucket. This may cause unnecessary function calls. It is recommended to create a separate Cloud Storage bucket, especially for images you want to resize, and set up this extension to listen to that bucket.\n\n#### Multiple instances of this extension\n\nYou can install multiple instances of this extension for the same project to configure different resizing options for different paths. However, as mentioned before this extension listens for all changes made to the specified Cloud Storage bucket. That means all instances will be triggered every time a file is uploaded to the bucket. Therefore, it is recommended to use different buckets instead of different paths to prevent unnecessary function calls.\n\n#### Troubleshooting\n\nIf events are enabled, and you want to create custom event handlers to respond to the events published by the extension, you must ensure that you have the appropriate [role/permissions](https://cloud.google.com/pubsub/docs/access-control#permissions_and_roles) to subscribe to Pub/Sub events.\n\n#### Example Event Handler for Successful Resize Operation\nHere is a an example of a custom event handler for events you can choose to emit from this extension:\n```typescript\nimport * as functions from 'firebase-functions';\nimport { onCustomEventPublished } from 'firebase-functions/v2/eventarc';\n\nexport const onImageResized = onCustomEventPublished(\n    \"firebase.extensions.storage-resize-images.v1.onSuccess\",\n    (event) => {\n        functions.logger.info(\"Resize Image is successful\", event);\n        // Additional operations based on the event data can be performed here\n        return Promise.resolve();\n    }\n);\n```\n\n#### AI-powered image moderation with Genkit\n\nThis extension uses the [Genkit SDK](https://genkit.dev/) to power AI-based content filtering for uploaded images. \n\nFor more information about Genkit, visit the Genkit documentation at [genkit.dev](http://genkit.dev/).\n\n#### Billing\nTo install an extension, your project must be on the [Blaze (pay as you go) plan](https://firebase.google.com/pricing)\n\n- This extension uses other Firebase and Google Cloud Platform services, which have associated charges if you exceed the service’s no-cost tier:\n - Cloud Storage\n - Cloud Functions (Node.js 10+ runtime. [See FAQs](https://firebase.google.com/support/faq#extensions-pricing))\n- If you enable events [Eventarc fees apply](https://cloud.google.com/eventarc/pricing).\n\n#### Further reading & resources\n\nYou can find more information about this extension in the following articles:\n\n- [Image Optimization With Firebase Extensions](https://invertase.link/ext-resize-images-tutorial)\n\n\n\n**Configuration Parameters:**\n\n* Cloud Storage bucket for images: To which Cloud Storage bucket will you upload images that you want to resize? Resized images will be stored in this bucket. Depending on your extension configuration, original images are either kept or deleted. It is recommended to create a separate bucket for this extension. For more information, refer to the [pre-installation guide](https://firebase.google.com/products/extensions/storage-resize-images).\n\n\n* Sizes of resized images: What sizes of images would you like (in pixels)? Enter the sizes as a comma-separated list of WIDTHxHEIGHT values. Learn more about [how this parameter works](https://firebase.google.com/products/extensions/storage-resize-images).\n\n\n* Deletion of original file: Do you want to automatically delete the original file from the Cloud Storage bucket? Warning: these deletions cannot be undone, and if you reconfigure this instance to use different image dimensions, you won't be able to backfill deleted images.\n\n* Make resized images public: Do you want to make the resized images public automatically? So you can access them by URL. For example: https://storage.googleapis.com/{bucket}/{path}\n\n* Cloud Storage path for resized images: A relative path in which to store resized images. For example, if you specify a path here of `thumbs` and you upload an image to `/images/original.jpg`, then the resized image is stored at `/images/thumbs/original_200x200.jpg`. If you prefer to store resized images at the root of your bucket, leave this field empty.\n\n\n* Paths that contain images you want to resize: Restrict storage-resize-images to only resize images in specific locations in your Storage bucket by  supplying a comma-separated list of absolute paths. For example, specifying the paths `/users/pictures,/restaurants/menuItems` will resize any images found in any subdirectories of `/users/pictures` and `/restaurants/menuItems`.\nYou may also use wildcard notation for directories in the path. For example, `/users/*/pictures` would include any images in any subdirectories of `/users/foo/pictures` as well as any images in subdirectories of `/users/bar/pictures`, but also any images in subdirectories of `/users/any/level/of/subdirectories/pictures`. \nIf you prefer not to explicitly restrict to certain directories of your Storage bucket, leave this field empty.\n\n\n* List of absolute paths not included for resized images: Ensure storage-resize-images does *not* resize images in _specific locations_ in your Storage bucket by  supplying a comma-separated list of absolute paths. For example, to *exclude* the images  stored in the `/foo/alpha` and its subdirectories and `/bar/beta` and its subdirectories, specify the paths `/foo/alpha,/bar/beta`.\nYou may also use wildcard notation for directories in the path. For example, `/users/*/pictures` would exclude any images in any subdirectories of `/users/foo/pictures` as well as any images in subdirectories of `/users/bar/pictures`, but also any images in subdirectories of `/users/any/level/of/subdirectories/pictures`.\nIf you prefer to resize every image uploaded to your Storage bucket, leave this field empty.\n\n\n* Cloud Storage path for failed images: A relative path in which to store failed images. For example, if you specify a path here of `failed` and you upload an image to `/images/original.jpg`, then resizing failed, the image will be stored at `/images/failed/original.jpg`.\nLeave this field empty if you do not want to store failed images in a separate directory.\n\n\n* Cache-Control header for resized images: This extension automatically copies any `Cache-Control` metadata from the original image to the resized images. For the resized images, do you want to overwrite this copied `Cache-Control` metadata or add `Cache-Control` metadata? Learn more about [`Cache-Control` headers](https://developer.mozilla.org/docs/Web/HTTP/Headers/Cache-Control). If you prefer not to overwrite or add `Cache-Control` metadata, leave this field empty.\n\n\n* Convert image to preferred types: The image types you'd like your source image to convert to.  The default for this option will be to keep the original file type as the destination file type.\n\n\n* Output options for selected formats: Provide an optional output option as a stringified object containing Sharp Output Options for selected image types conversion. eg. `{\"jpeg\": { \"quality\": 5, \"chromaSubsampling\": \"4:4:4\" }, \"png\": { \"palette\": true }}` and `{\"png\":{\"compressionLevel\":9}}`. The `\"compressionLevel\": 9` specifies the level of compression for PNG images. Higher numbers here indicate greater compression, leading to smaller file sizes at the cost of potentially increased processing time and possible loss of image quality.\n\n\n* Sharp constructor options for resizing images: Provide an optional stringified Sharp ResizeOptions object to customize resizing behavior, eg. `{ \"fastShrinkOnLoad\": false, \"position\": “centre”, \"fit\": \"inside\" }` The `\"fit\": \"inside\"` option ensures the image fits within given dimensions, maintaining aspect ratio, scaling down as needed without cropping or distortion. Learn more about [`Sharp constructor options`](https://sharp.pixelplumbing.com/api-resize#resize).\n\n\n* GIF and WEBP animated option: Keep animation of GIF and WEBP formats.\n\n\n* Cloud Function memory: Memory of the function responsible of resizing images.  Choose how much memory to give to the function that resize images. (For animated GIF => GIF we recommend using a minimum of 2GB).\n\n* Backfill existing images: Should existing, unresized images in the Storage bucket be resized as well?\n\n\n* Backfill batch size: The maximum number of images to resize in a single batch. By default, the function is configured to resize 3 images at a time. This is a conservative default to work with smallest memory option (512 MB).\nWARNING: Ensure your function has enough memory to handle the batch size.\n\n\n* Assign new access token: Should resized images have a new access token assigned to them,  different from the original image?\n\n\n* Content filter level: Set the level of content filtering to apply to uploaded images. Choose 'OFF' to disable content filtering entirely, 'BLOCK_ONLY_HIGH' to block only high-severity inappropriate content, 'BLOCK_MEDIUM_AND_ABOVE' for medium and high severity content, or 'BLOCK_LOW_AND_ABOVE' for the strictest filtering (blocks low, medium, and high severity content).\n\n\n* Custom content filter prompt: Optionally, provide a custom prompt for content filtering. This allows you to define specific criteria for filtering beyond the standard categories. Note that this prompt should be a yes/no question. For example, \"Does this image contain a cat?\" will filter out images that Gemini thinks contain a cat. This is additional filtering on top of whichever content filtering level you choose. Leave empty to use just your selected built-in content filtering configuration.\n\n\n* Path to placeholder image: Optionally, specify a path to a placeholder image to use when an uploaded image is blocked by content filtering. This should be a relative path within your storage bucket. If not provided, a default placeholder image is used.\n\n\n\n\n**Cloud Functions:**\n\n* **generateResizedImage:** Listens for new images uploaded to your specified Cloud Storage bucket, resizes the images, then stores the resized images in the same bucket. Optionally keeps or deletes the original images.\n\n* **backfillResizedImages:** Handles tasks from startBackfill to resize existing images.\n\n\n\n**APIs Used**:\n\n* storage-component.googleapis.com (Reason: Needed to use Cloud Storage)\n\n\n\n**Access Required**:\n\n\n\nThis extension will operate with the following project IAM roles:\n\n* storage.admin (Reason: Allows the extension to store resized images in Cloud Storage)\n\n* aiplatform.user (Reason: Allows use of Gemini models for AI content filtering, if enabled.)\n","lifecycleEvents":[{"stage":"ON_INSTALL","processingMessage":"Resizing existing images in ${param:IMG_BUCKET}","taskQueueTriggerFunction":"backfillResizedImages"},{"stage":"ON_UPDATE","processingMessage":"Resizing existing images in ${param:IMG_BUCKET}","taskQueueTriggerFunction":"backfillResizedImages"},{"stage":"ON_CONFIGURE","processingMessage":"Resizing existing images in ${param:IMG_BUCKET}","taskQueueTriggerFunction":"backfillResizedImages"}],"displayName":"Resize Images","events":[{"type":"firebase.extensions.storage-resize-images.v1.onStart","description":"Occurs when a trigger has been called within the Extension, and will include data such as the context of the trigger request."},{"type":"firebase.extensions.storage-resize-images.v1.onSuccess","description":"Occurs when image resizing completes successfully. The event will contain further details about specific formats and sizes."},{"type":"firebase.extensions.storage-resize-images.v1.onError","description":"Occurs when an issue has been experienced in the Extension. This will include any error data that has been included within the Error Exception."},{"type":"firebase.extensions.storage-resize-images.v1.onCompletion","description":"Occurs when the function is settled. Provides no customized data other than the context."}]},"fetchTime":"2025-07-24T13:41:02.337103Z","lastOperationName":"projects/firebaseextensions/operations/ef38492d-7bc9-4230-a861-099dc0440455","state":"ACTIVE"},"params":{"BACKFILL_BATCH_SIZE":"3","REGENERATE_TOKEN":"true","MAKE_PUBLIC":"false","FUNCTION_MEMORY":"1024","INCLUDE_PATH_LIST":"/products","IMG_BUCKET":"africaphone-vente.firebasestorage.app","DO_BACKFILL":"true","DELETE_ORIGINAL_FILE":"false","IMAGE_TYPE":"webp","CONTENT_FILTER_LEVEL":"OFF","IMG_SIZES":"200x200,600x600,400x400,100x100","IS_ANIMATED":"true"},"populatedPostinstallContent":"### See it in action\n\nYou can test out this extension right away!\n\n1.  Go to your [Storage dashboard](https://console.firebase.google.com/project/africaphone-vente/storage) in the Firebase console.\n\n1.  Upload an image file to the bucket: `africaphone-vente.firebasestorage.app`\n\n1.  In a few seconds, the resized image(s) appear in the same bucket.\n\n    Note that you might need to refresh the page to see changes.\n\n### Using the extension\n\nYou can upload images using the [Cloud Storage for Firebase SDK](https://firebase.google.com/docs/storage/) for your platform (iOS, Android, or Web). Alternatively, you can upload images directly in the Firebase console's Storage dashboard.\n\nWhenever you upload an image file to `africaphone-vente.firebasestorage.app`, this extension does the following:\n\n- Creates resized image(s) with your specified dimensions.\n- Names resized image(s) using the same name as the original uploaded image, but suffixed with the specified width and height.\n- Stores the resized image(s) in the bucket `africaphone-vente.firebasestorage.app` (and, if configured, under the path `{ unspecified parameter }`).\n\nThe extension also copies the following [metadata](https://cloud.google.com/storage/docs/metadata#mutable), if present, from the original image to the resized image(s):\n\n- `Cache-Control`\n- `Content-Disposition`\n- `Content-Encoding`\n- `Content-Language`\n- `Content-Type`\n- [user-provided metadata](https://cloud.google.com/storage/docs/metadata#custom-metadata)\n - If the original image contains a download token (publicly accessible via a unique download URL), a new download token is generated for the resized image(s). \n - If the original image does not contain a download token, resized image(s) will not be created with unique tokens. To make a resized image publicly accessible, call the [`getDownloadURL`](https://firebase.google.com/docs/reference/js/firebase.storage.Reference#getdownloadurl) method.\n\nBe aware of the following when using this extension:\n\n- Each original image must have a valid [image MIME type](https://developer.mozilla.org/en-US/docs/Web/HTTP/Basics_of_HTTP/MIME_types#Image_types) specified in its [`Content-Type` metadata](https://developer.mozilla.org/docs/Web/HTTP/Headers/Content-Type) (for example, `image/png`). Below is a list of the content types supported by this extension:\n  * image/jpeg\n  * image/png\n  * image/tiff\n  * image/webp\n  * image/gif\n\nIf you are using raw image data in your application, you need to ensure you set the correct content type when uploading to the Firebase Storage bucket to trigger the extension image resize. Below is an example of how to set the content type:\n\n```js\nconst admin = require(\"firebase-admin\");\nconst serviceAccount = require(\"../path-to-service-account.json\");\n\nadmin.initializeApp({\n  credential: admin.credential.cert(serviceAccount),\n});\n\nconst storage = admin.storage();\n\n// rawImage param is the binary data read from the file system or downloaded from URL\nfunction uploadImageToStorage(rawImage){\n  const bucket = storage.bucket(\"YOUR FIREBASE STORAGE BUCKET URL\");\n  const file = bucket.file(\"filename.jpeg\");\n\n  file.save(\n    rawImage,\n    {\n      // set the content type to ensure the extension triggers the image resize(s)\n      metadata: { contentType: \"image/jpeg\" },\n    },\n    (error) => {\n      if (error) {\n        throw error;\n      }\n      console.log(\"Successfully uploaded image\");\n    }\n  );\n}\n```\n\n- If you configured the `Cache-Control header for resized images` parameter, your specified value will overwrite the value copied from the original image. Learn more about image metadata in the [Cloud Storage documentation](https://firebase.google.com/docs/storage/).\n\n- If you would like to optionally configure `Output options for selected formats` you can create an JSON stringified object where you can provide file [Sharp Output Options](https://sharp.pixelplumbing.com/api-output#jpeg). Please use file formats as object keys and pass correct options. Incorrect options parameters or not selected formats will be ignored. Provide it as stringified JSON object without outer quote signs and indentation:\n\n```js\n{\"jpeg\": {\"quality\": 5,\"chromaSubsampling\": '4:4:4'}, \"png\": { \"pallete\": true}}\n```\n\n### Monitoring\n\nAs a best practice, you can [monitor the activity](https://firebase.google.com/docs/extensions/manage-installed-extensions#monitor) of your installed extension, including checks on its health, usage, and logs.\n\n### Further reading & resources\n\nYou can find more information about this extension in the following articles:\n\n- [Image Optimization With Firebase Extensions](https://invertase.link/ext-resize-images-tutorial)","extensionRef":"firebase/storage-resize-images","extensionVersion":"0.2.10","systemParams":{"firebaseextensions.v1beta.function/vpcConnectorEgressSettings":"VPC_CONNECTOR_EGRESS_SETTINGS_UNSPECIFIED","firebaseextensions.v1beta.function/minInstances":"0","firebaseextensions.v1beta.function/location":"us-central1"}},"lastOperationName":"projects/africaphone-vente/operations/7f3bfdbd-ac9d-4767-99ca-38070a27db01","serviceAccountEmail":"ext-storage-resize-images@africaphone-vente.iam.gserviceaccount.com","lastOperationType":"UPDATE","etag":"54c91c5a133239d572486f0f7f46647bf15fe4e31624cd720f2fcd966974ebea","runtimeData":{"stateUpdateTime":"2025-08-02T16:34:45.928640347Z","processingState":{"state":"PROCESSING","detailMessage":"Resizing existing images in africaphone-vente.firebasestorage.app"}}}]}
[info] i  functions: Loaded environment variables from .env. 
[info] i  functions: preparing .firebase\africaphone-org\functions directory for uploading... 
[info] i  functions: packaged C:\Users\USER\Desktop\AFRICA Phone\AfricaPhone2\AfricaPhone2\.firebase\africaphone-org\functions (32.4 MB) for uploading 
[info] i  functions: ensuring required API run.googleapis.com is enabled... 
[info] i  functions: ensuring required API eventarc.googleapis.com is enabled... 
[info] i  functions: ensuring required API pubsub.googleapis.com is enabled... 
[info] i  functions: ensuring required API storage.googleapis.com is enabled... 
[info] i  functions: generating the service identity for pubsub.googleapis.com... 
[debug] [2025-10-28T16:28:30.504Z] Checked if tokens are valid: true, expires at: 1761670512006
[debug] [2025-10-28T16:28:30.507Z] Checked if tokens are valid: true, expires at: 1761670512006
[info] i  functions: generating the service identity for eventarc.googleapis.com... 
[debug] [2025-10-28T16:28:30.509Z] Checked if tokens are valid: true, expires at: 1761670512006
[debug] [2025-10-28T16:28:30.510Z] Checked if tokens are valid: true, expires at: 1761670512006
[debug] [2025-10-28T16:28:30.513Z] >>> [apiv2][query] POST https://serviceusage.googleapis.com/v1beta1/projects/203471818329/services/pubsub.googleapis.com:generateServiceIdentity [none]
[debug] [2025-10-28T16:28:30.513Z] >>> [apiv2][(partial)header] POST https://serviceusage.googleapis.com/v1beta1/projects/203471818329/services/pubsub.googleapis.com:generateServiceIdentity x-goog-quota-user=projects/203471818329
[debug] [2025-10-28T16:28:30.513Z] >>> [apiv2][body] POST https://serviceusage.googleapis.com/v1beta1/projects/203471818329/services/pubsub.googleapis.com:generateServiceIdentity {}
[debug] [2025-10-28T16:28:30.520Z] >>> [apiv2][query] POST https://serviceusage.googleapis.com/v1beta1/projects/203471818329/services/eventarc.googleapis.com:generateServiceIdentity [none]
[debug] [2025-10-28T16:28:30.520Z] >>> [apiv2][(partial)header] POST https://serviceusage.googleapis.com/v1beta1/projects/203471818329/services/eventarc.googleapis.com:generateServiceIdentity x-goog-quota-user=projects/203471818329
[debug] [2025-10-28T16:28:30.523Z] >>> [apiv2][body] POST https://serviceusage.googleapis.com/v1beta1/projects/203471818329/services/eventarc.googleapis.com:generateServiceIdentity {}
[debug] [2025-10-28T16:28:31.880Z] <<< [apiv2][status] POST https://serviceusage.googleapis.com/v1beta1/projects/203471818329/services/pubsub.googleapis.com:generateServiceIdentity 200
[debug] [2025-10-28T16:28:31.880Z] <<< [apiv2][body] POST https://serviceusage.googleapis.com/v1beta1/projects/203471818329/services/pubsub.googleapis.com:generateServiceIdentity {"name":"operations/finished.DONE_OPERATION","done":true,"response":{"@type":"type.googleapis.com/google.api.serviceusage.v1beta1.ServiceIdentity","email":"service-203471818329@gcp-sa-pubsub.iam.gserviceaccount.com","uniqueId":"101936692861174540304"}}
[debug] [2025-10-28T16:28:31.906Z] <<< [apiv2][status] POST https://serviceusage.googleapis.com/v1beta1/projects/203471818329/services/eventarc.googleapis.com:generateServiceIdentity 200
[debug] [2025-10-28T16:28:31.906Z] <<< [apiv2][body] POST https://serviceusage.googleapis.com/v1beta1/projects/203471818329/services/eventarc.googleapis.com:generateServiceIdentity {"name":"operations/finished.DONE_OPERATION","done":true,"response":{"@type":"type.googleapis.com/google.api.serviceusage.v1beta1.ServiceIdentity","email":"service-203471818329@gcp-sa-eventarc.iam.gserviceaccount.com","uniqueId":"110740762346320195431"}}
[debug] [2025-10-28T16:28:31.912Z] Checked if tokens are valid: true, expires at: 1761670512006
[debug] [2025-10-28T16:28:31.913Z] Checked if tokens are valid: true, expires at: 1761670512006
[debug] [2025-10-28T16:28:31.913Z] >>> [apiv2][query] GET https://cloudresourcemanager.googleapis.com/v1/projects/africaphone-vente [none]
[debug] [2025-10-28T16:28:32.868Z] <<< [apiv2][status] GET https://cloudresourcemanager.googleapis.com/v1/projects/africaphone-vente 200
[debug] [2025-10-28T16:28:32.868Z] <<< [apiv2][body] GET https://cloudresourcemanager.googleapis.com/v1/projects/africaphone-vente {"projectNumber":"203471818329","projectId":"africaphone-vente","lifecycleState":"ACTIVE","name":"africaphonereact","labels":{"firebase":"enabled","firebase-core":"disabled"},"createTime":"2025-02-28T11:04:56.628821Z"}
[debug] [2025-10-28T16:28:32.869Z] Checked if tokens are valid: true, expires at: 1761670512006
[debug] [2025-10-28T16:28:32.869Z] Checked if tokens are valid: true, expires at: 1761670512006
[debug] [2025-10-28T16:28:32.870Z] >>> [apiv2][query] GET https://compute.googleapis.com/compute/v1/projects/203471818329 [none]
[debug] [2025-10-28T16:28:33.520Z] <<< [apiv2][status] GET https://compute.googleapis.com/compute/v1/projects/203471818329 403
[debug] [2025-10-28T16:28:33.521Z] <<< [apiv2][body] GET https://compute.googleapis.com/compute/v1/projects/203471818329 {"error":{"code":403,"message":"Compute Engine API has not been used in project 203471818329 before or it is disabled. Enable it by visiting https://console.developers.google.com/apis/api/compute.googleapis.com/overview?project=203471818329 then retry. If you enabled this API recently, wait a few minutes for the action to propagate to our systems and retry.","errors":[{"message":"Compute Engine API has not been used in project 203471818329 before or it is disabled. Enable it by visiting https://console.developers.google.com/apis/api/compute.googleapis.com/overview?project=203471818329 then retry. If you enabled this API recently, wait a few minutes for the action to propagate to our systems and retry.","domain":"usageLimits","reason":"accessNotConfigured","extendedHelp":"https://console.developers.google.com"}],"status":"PERMISSION_DENIED","details":[{"@type":"type.googleapis.com/google.rpc.ErrorInfo","reason":"SERVICE_DISABLED","domain":"googleapis.com","metadata":{"consumer":"projects/203471818329","service":"compute.googleapis.com","serviceTitle":"Compute Engine API","containerInfo":"203471818329","activationUrl":"https://console.developers.google.com/apis/api/compute.googleapis.com/overview?project=203471818329"}},{"@type":"type.googleapis.com/google.rpc.LocalizedMessage","locale":"en-US","message":"Compute Engine API has not been used in project 203471818329 before or it is disabled. Enable it by visiting https://console.developers.google.com/apis/api/compute.googleapis.com/overview?project=203471818329 then retry. If you enabled this API recently, wait a few minutes for the action to propagate to our systems and retry."},{"@type":"type.googleapis.com/google.rpc.Help","links":[{"description":"Google developers console API activation","url":"https://console.developers.google.com/apis/api/compute.googleapis.com/overview?project=203471818329"}]}]}}
[debug] [2025-10-28T16:28:33.523Z] unable to look up default compute service account. Falling back to 203471818329-compute@developer.gserviceaccount.com. Error: {"name":"FirebaseError","children":[],"context":{"body":{"error":{"code":403,"message":"Compute Engine API has not been used in project 203471818329 before or it is disabled. Enable it by visiting https://console.developers.google.com/apis/api/compute.googleapis.com/overview?project=203471818329 then retry. If you enabled this API recently, wait a few minutes for the action to propagate to our systems and retry.","errors":[{"message":"Compute Engine API has not been used in project 203471818329 before or it is disabled. Enable it by visiting https://console.developers.google.com/apis/api/compute.googleapis.com/overview?project=203471818329 then retry. If you enabled this API recently, wait a few minutes for the action to propagate to our systems and retry.","domain":"usageLimits","reason":"accessNotConfigured","extendedHelp":"https://console.developers.google.com"}],"status":"PERMISSION_DENIED","details":[{"@type":"type.googleapis.com/google.rpc.ErrorInfo","reason":"SERVICE_DISABLED","domain":"googleapis.com","metadata":{"consumer":"projects/203471818329","service":"compute.googleapis.com","serviceTitle":"Compute Engine API","containerInfo":"203471818329","activationUrl":"https://console.developers.google.com/apis/api/compute.googleapis.com/overview?project=203471818329"}},{"@type":"type.googleapis.com/google.rpc.LocalizedMessage","locale":"en-US","message":"Compute Engine API has not been used in project 203471818329 before or it is disabled. Enable it by visiting https://console.developers.google.com/apis/api/compute.googleapis.com/overview?project=203471818329 then retry. If you enabled this API recently, wait a few minutes for the action to propagate to our systems and retry."},{"@type":"type.googleapis.com/google.rpc.Help","links":[{"description":"Google developers console API activation","url":"https://console.developers.google.com/apis/api/compute.googleapis.com/overview?project=203471818329"}]}]}},"response":{"statusCode":403}},"exit":1,"message":"Request to https://compute.googleapis.com/compute/v1/projects/203471818329 had HTTP Error: 403, Compute Engine API has not been used in project 203471818329 before or it is disabled. Enable it by visiting https://console.developers.google.com/apis/api/compute.googleapis.com/overview?project=203471818329 then retry. If you enabled this API recently, wait a few minutes for the action to propagate to our systems and retry.","status":403}
[debug] [2025-10-28T16:28:33.533Z] Checked if tokens are valid: true, expires at: 1761670512006
[debug] [2025-10-28T16:28:33.533Z] Checked if tokens are valid: true, expires at: 1761670512006
[debug] [2025-10-28T16:28:33.534Z] >>> [apiv2][query] POST https://firebasehosting.googleapis.com/v1beta1/projects/-/sites/africaphone-org/versions [none]
[debug] [2025-10-28T16:28:33.534Z] >>> [apiv2][body] POST https://firebasehosting.googleapis.com/v1beta1/projects/-/sites/africaphone-org/versions {"status":"CREATED","labels":{"deployment-tool":"cli-firebase","firebase-web-framework":"next_ssr"}}
[debug] [2025-10-28T16:28:35.859Z] <<< [apiv2][status] POST https://firebasehosting.googleapis.com/v1beta1/projects/-/sites/africaphone-org/versions 200
[debug] [2025-10-28T16:28:35.859Z] <<< [apiv2][body] POST https://firebasehosting.googleapis.com/v1beta1/projects/-/sites/africaphone-org/versions {"name":"projects/203471818329/sites/africaphone-org/versions/12a5c370c9ee7b3b","status":"CREATED","config":{},"labels":{"deployment-tool":"cli-firebase","firebase-web-framework":"next_ssr"}}
[debug] [2025-10-28T16:28:35.861Z] Checked if tokens are valid: true, expires at: 1761670512006
[debug] [2025-10-28T16:28:35.861Z] Checked if tokens are valid: true, expires at: 1761670512006
[debug] [2025-10-28T16:28:35.862Z] >>> [apiv2][query] GET https://cloudbilling.googleapis.com/v1/projects/africaphone-vente/billingInfo [none]
[debug] [2025-10-28T16:28:37.016Z] <<< [apiv2][status] GET https://cloudbilling.googleapis.com/v1/projects/africaphone-vente/billingInfo 200
[debug] [2025-10-28T16:28:37.016Z] <<< [apiv2][body] GET https://cloudbilling.googleapis.com/v1/projects/africaphone-vente/billingInfo {"name":"projects/africaphone-vente/billingInfo","projectId":"africaphone-vente","billingAccountName":"billingAccounts/01C0B7-4EA61D-3B035D","billingEnabled":true}
[debug] [2025-10-28T16:28:37.019Z] Checked if tokens are valid: true, expires at: 1761670512006
[debug] [2025-10-28T16:28:37.020Z] Checked if tokens are valid: true, expires at: 1761670512006
[debug] [2025-10-28T16:28:37.020Z] >>> [apiv2][query] POST https://cloudfunctions.googleapis.com/v2/projects/africaphone-vente/locations/us-central1/functions:generateUploadUrl [none]
[debug] [2025-10-28T16:28:38.163Z] <<< [apiv2][status] POST https://cloudfunctions.googleapis.com/v2/projects/africaphone-vente/locations/us-central1/functions:generateUploadUrl 200
[debug] [2025-10-28T16:28:38.163Z] <<< [apiv2][body] POST https://cloudfunctions.googleapis.com/v2/projects/africaphone-vente/locations/us-central1/functions:generateUploadUrl {"uploadUrl":"https://storage.googleapis.com/gcf-v2-uploads-203471818329.us-central1.cloudfunctions.appspot.com/8751a9e2-0b68-47b5-99d6-c102a8c9d77f.zip?GoogleAccessId=service-203471818329@gcf-admin-robot.iam.gserviceaccount.com&Expires=1761670718&Signature=aZeA5V7YxvNo6tyIn0hWMYs0TjXn6UdXCyHQ4X54Ed28eUHtpkMdRNJTt56cVBKozSoH6XMfeGqKLTmtQXZWXSq%2Fs0cWc8QmsXTiQV2PR3PSNewp04GSqbaw0E33TFA%2FB%2FZt5N6EXMfjySuyylFlDs696jA9eTH0%2BT4Bxa4p56AbSNmR4W4sTR67FxzRrRdm1lq1dLEBl5BBAqwwZCpvbwIFxWnZAXZi1U58BUJef2x%2B0YncJdYy3xXZMmprDqXXEGxlcB247HkB7qjeYT36Tc%2FvUdUEv%2BvDJ6v4oph8XTDKOyh1JyePc1%2BTzEHgGIQRAe6FahFTmwY3sG63bbg6xg%3D%3D","storageSource":{"bucket":"gcf-v2-uploads-203471818329.us-central1.cloudfunctions.appspot.com","object":"8751a9e2-0b68-47b5-99d6-c102a8c9d77f.zip"}}
[debug] [2025-10-28T16:28:38.166Z] >>> [apiv2][query] PUT https://storage.googleapis.com/gcf-v2-uploads-203471818329.us-central1.cloudfunctions.appspot.com/8751a9e2-0b68-47b5-99d6-c102a8c9d77f.zip GoogleAccessId=service-203471818329%40gcf-admin-robot.iam.gserviceaccount.com&Expires=1761670718&Signature=aZeA5V7YxvNo6tyIn0hWMYs0TjXn6UdXCyHQ4X54Ed28eUHtpkMdRNJTt56cVBKozSoH6XMfeGqKLTmtQXZWXSq%2Fs0cWc8QmsXTiQV2PR3PSNewp04GSqbaw0E33TFA%2FB%2FZt5N6EXMfjySuyylFlDs696jA9eTH0%2BT4Bxa4p56AbSNmR4W4sTR67FxzRrRdm1lq1dLEBl5BBAqwwZCpvbwIFxWnZAXZi1U58BUJef2x%2B0YncJdYy3xXZMmprDqXXEGxlcB247HkB7qjeYT36Tc%2FvUdUEv%2BvDJ6v4oph8XTDKOyh1JyePc1%2BTzEHgGIQRAe6FahFTmwY3sG63bbg6xg%3D%3D
[debug] [2025-10-28T16:28:38.167Z] >>> [apiv2][body] PUT https://storage.googleapis.com/gcf-v2-uploads-203471818329.us-central1.cloudfunctions.appspot.com/8751a9e2-0b68-47b5-99d6-c102a8c9d77f.zip [stream]
[debug] [2025-10-28T16:29:48.334Z] <<< [apiv2][status] PUT https://storage.googleapis.com/gcf-v2-uploads-203471818329.us-central1.cloudfunctions.appspot.com/8751a9e2-0b68-47b5-99d6-c102a8c9d77f.zip 200
[debug] [2025-10-28T16:29:48.334Z] <<< [apiv2][body] PUT https://storage.googleapis.com/gcf-v2-uploads-203471818329.us-central1.cloudfunctions.appspot.com/8751a9e2-0b68-47b5-99d6-c102a8c9d77f.zip [omitted]
[info] +  functions: .firebase\africaphone-org\functions source uploaded successfully 
[info] i  hosting[africaphone-org]: beginning deploy... 
[info] i  hosting[africaphone-org]: found 59 files in .firebase\africaphone-org\hosting 
[debug] [2025-10-28T16:29:48.394Z] [hosting] uploading with 200 concurrency
[debug] [2025-10-28T16:29:48.902Z] Checked if tokens are valid: true, expires at: 1761670512006
[debug] [2025-10-28T16:29:48.902Z] Checked if tokens are valid: true, expires at: 1761670512006
[debug] [2025-10-28T16:29:48.909Z] [hosting] hash cache [LmZpcmViYXNlXGFmcmljYXBob25lLW9yZ1xob3N0aW5n] stored for 59 files
[debug] [2025-10-28T16:29:48.909Z] [hosting][hash queue][FINAL] {"max":483,"min":1,"avg":313.98533798762855,"active":0,"complete":59,"success":59,"errored":0,"retried":0,"total":59,"elapsed":509}
[debug] [2025-10-28T16:29:48.910Z] >>> [apiv2][query] POST https://firebasehosting.googleapis.com/v1beta1/projects/203471818329/sites/africaphone-org/versions/12a5c370c9ee7b3b:populateFiles [none]
[debug] [2025-10-28T16:29:48.910Z] >>> [apiv2][body] POST https://firebasehosting.googleapis.com/v1beta1/projects/203471818329/sites/africaphone-org/versions/12a5c370c9ee7b3b:populateFiles {"files":{"/window.svg":"6bd2003bd35bb32c1c0d99ab3aeac0cc1edaefd79f27df1d954bc87184048d74","/vercel.svg":"529a1a21b4a82475a82db26173c28d7b27e2dc9d4b900eaf1c5329d96eea4ddd","/next.svg":"0665b9ab4493aa9d7e988b57024e28772ae543e804b8cf6b0a3633854b7c3c7f","/logo.png":"c9776674981dde6f6f00e57a9b0abcef132c876a9ba8d93cfb6be32931269483","/globe.svg":"6502a3e6120bf2d6e8417e7c40bb57fb8a6954de9c86d3f43076a75b60cd23a2","/file.svg":"5a09df6187e21aa9a7d05094389385876ac93c818e1dcbb77a26a8fe408bf79c","/pronostics/hero-ball.jpg":"0da671a5d86243e402d0848d4e36cd020cf42a547b729625e7eeb96b36a92350","/pronostics/gallery/gagnant-6.jpg":"4ff028667cb497698dbce6a44d7ccda9b6f6fcb7f43f719407ab5717d9d52046","/pronostics/gallery/gagnant-5.jpg":"5acf088a3a558f7c3e4b493e4d6007fff962b192053b546d59147de3de1e0c63","/pronostics/gallery/gagnant-4.jpg":"c4faa16afff1aaef493c43489e1a94a7a5fd78840106b693c1c9f1409d9a0b0a","/pronostics/gallery/gagnant-3.jpg":"2c0dcb73c62fbc4aa4545f544e6fea7a0dd1bf08a12e5a777fe100ac01f3449d","/pronostics/gallery/gagnant-2.jpg":"7918c1028f62c29fb887ac417518122ddbead1450eb1d373520003e92bdf30aa","/pronostics/gallery/gagnant-1.jpg":"9ae7e1ec320411b5c98e00f651fd961e3d44379c2f5be72a48ab59f27b4a60c7","/pronostics.html":"f50d9d93e8d716b67e34bc1187817381c508fd3e48e0771ad965cff257b104df","/index.html":"a624d3e11bf9acb26aafc2d8e07c681d45278622f3420dd5c53dd12461941fb0","/_next/static/u1-N4rHCcvCjDSmdX4Ndg/_ssgManifest.js":"dc28a4dc92fe352ed5d2201bd3972ce47691bc8e89e0400a68d1541d0567c6d5","/404.html":"25de80b8278285e4dafac7c1719396882000e10970d70c9c11ccf7a697ff8962","/favicon.ico":"36eaaa9259cda5765c4061fa8b7bf61c74dbda3a2a721a0811c73f5dae61a2e9","/_next/static/u1-N4rHCcvCjDSmdX4Ndg/_buildManifest.js":"aab49d661705fbefd794fd4ea2a912544b2bf31823a8c67198f147a334c2b861","/_next/static/media/df0a9ae256c0569c-s.woff2":"5ef466d8ca6f4a51fa3751faea59ad2f63b15dbf9782ae4246bcadacc57f6b8f","/_next/static/media/cde148027b808b99-s.woff2":"8baaaf6b9726042dc89083b09c25c23763ea0a3073318ba4325fe941e42db8c5","/_next/static/media/c5fe6dc8356a8c31-s.woff2":"21b0ae0980798b857a8228d5c0a8a31372bd0b5db034530c056f3b36b037e482","/_next/static/media/e61ae719f7cc4155-s.woff2":"ce79c8beccc98ed62c2f67dfb4b04a8b32bcd537e0950aba56a537fc4db4e645","/_next/static/chunks/webpack-86feb4196791ed38.js":"e1f43905d15f0261ddbbc40a6c6e12d067c1bbfde6f9634f020ba12f10dbad84","/_next/static/chunks/main-app-0010ed86eb8760b0.js":"1775be13c92c632c6c142e05194c8d9b947ea76904090f704f47c08da24f69e1","/_next/static/chunks/973-1ae204a380b163c1.js":"33fe05f4205fc7ee89cd731620f800e488a55898865a840e052994106a212bb0","/_next/static/chunks/707-bcff7f7c0fb8fb97.js":"c05f3e8764269e51f84a5b1b7273ef6c7763d2be34740b0789e5fcc1803675a1","/_next/static/chunks/704-8f778cd4b5154f27.js":"2e649fffd7e3ff0fb98e6413d5f6dca80fb2c4b93b805152590129d952df2c7a","/_next/static/chunks/579.1d26a6b78ac27faf.js":"ff26cddd20f5825b193c33901c56950709cbf7e39cb6032dbf58f176a387d2e2","/_next/static/chunks/pages/_error-1be831200e60c5c0.js":"cc6560c1f7aa97ce4c3af32428121dfb1d7d9a2f48aa99f3f6d9a9e2b8eab20d","/_next/static/chunks/298-16aa88f2effdb6a3.js":"e914765273c4f5b6c256d73d41eef6d35396c0b3de3bc1d4433f1f0d81a9ceb0","/_next/static/chunks/pages/_app-6a626577ffa902a4.js":"da4e577bd19ab14c18a4b8604793a7c5efecf88cabe7c531ccecb37eef84fdbb","/_next/static/chunks/app/page-26643247d42bb14b.js":"69cc63734a1d1175801a403afd1ddfb26a491119d27a459d7191e84961afc016","/_next/static/chunks/46-f0e49c8d644179b9.js":"13390da558520340401b91885e929c8f68809924d359751a44ae7c9665a78125","/_next/static/chunks/138-d1991a516a5f292f.js":"6dbc758cb0394ee6faf225d2cfd5eb39bf75fc5dd1b2482c85cbe68de0ac3e45","/_next/static/chunks/app/_not-found/page-d820e842437ab323.js":"1c65d7cb8f9c03005c333250d0de46931a8986ead877940b88af78a427d61350","/_next/static/chunks/app/layout-40450f76c98c270e.js":"a994fcabe233697946b64998f3309a5bbd2d56d20516e46ab58859195a7f0ad1","/_next/static/chunks/app/votes/page-8834ec5e762531ab.js":"24912ad584edcc991a95edea8476f0db75738f81bd052de14c947d89cc9e961f","/_next/static/chunks/app/pronostics/[matchId]/page-4dd061e6d1597228.js":"b533a30120d85ae7aea5bab5e2c162f0852ddb73f58bb032aba90bac75588aec","/_next/static/media/ad8a7e2c3c2c120b-s.woff2":"f720f386a111584da187311791e383f386e0530b81673cbcb481960f45099e67","/_next/static/chunks/app/pronostics/page-974a7da0d218ac3f.js":"a9db8f0fab7869730e2939a679d4ab666378bc6dcf456490f43fa3be76c0a8d7","/_next/static/media/21350d82a1f187e9-s.woff2":"aeb03c5c1522d2fe6f6384711817dbd6cdbbb3dfa99276adf7325e9eacdae1ee","/_next/static/media/19cfc7226ec3afaa-s.woff2":"c4de9995b3bb8a73da02308cb75721515f897229c3c422e51304e8afc4bdeccd","/_next/static/media/0ea4f4df910e6120-s.woff2":"cf09981a1074a09304cc8c122d186c501c3559d10bae522a0f95058b0f58a00a","/_next/static/css/bdf5dd1a9ef460e6.css":"e4420c199b4d61552550a12762b306b8ba3d6c93c8cea0ac7803d79636d793d7","/_next/static/media/ba9851c3c22cd980-s.woff2":"4ca02247386c89e13dde6791dd0632e3f22aaf94e91bc35ece0edf79ff3e0e77","/_next/static/media/e4af272ccee01ff0-s.p.woff2":"86835ac53a0e1de04820388d01b501389d5e9311509282b5e3bfbfc752754083","/_next/static/media/739c2d8941231bb4-s.p.woff2":"4fccb67de230ae637507fb41218e6e388e365a7371d7f1478871ae14da2ed666","/_next/static/media/1f160ec2cb9962ef-s.woff2":"a1da0b45cddc933f9d85c20225573b7f6b9b33cfdf22df72dfc28332203441ba","/_next/static/chunks/main-649c11549ce0472c.js":"511f58013c5147a9bccb6ff56b05f74ac61327a5a88a5f6e49933a42fb2b28c2","/_next/static/chunks/app/produits/[productId]/page-fa56d6450440aeb7.js":"0f303f122e1822d3f890b0023a823c02c1e4295b419656084a4bba5c6ad54eb4","/_next/static/chunks/app/marques/[brandId]/page-97656a2152d6aae3.js":"00eec3e0f70f6d3a5ffa9bf7935eef4f291d727fdd86663df629052378aa896c","/_next/static/chunks/23-bd46e1cfc58a99c5.js":"28bd02582f0c04ef90991494dac932bdaa4aa30fd16441efe5d21d65b58e8bbc","/_next/static/chunks/polyfills-42372ed130431b0a.js":"18e28d3214eda45048d80d3925ea7627b809e69ad2e95f7f98459e9146a61c3d","/_next/static/chunks/783-f19d6f907503df27.js":"4251552b7caaadcca896770d9f672896260d87450ee6128d86466efc2732b3d7","/_next/static/chunks/framework-aec844d2ccbe7592.js":"6d49f7a813e42aa1377442e7d1344f04694df3f7f20a10c083c6223aa17097ee","/_next/static/media/8e9860b6e62d6359-s.woff2":"cd2992a875e4939d47289a3cc44c8b8a0e63817f4cc9fbd8b3bdf93b5f66fbb3","/_next/static/chunks/fd9d1056-4b87d5bb1aa946b3.js":"9bfaeeb9c40935b045e33d970fb381a6325b01f2f1483dfc0d434035f188b62d","/_next/static/chunks/7508b87c-4d024f5f794441ea.js":"6cdc900ba61d7ad03a5166f5b7ba05a11f6c2070daa829a1fbfe397d8666f239"}}
[debug] [2025-10-28T16:29:50.050Z] <<< [apiv2][status] POST https://firebasehosting.googleapis.com/v1beta1/projects/203471818329/sites/africaphone-org/versions/12a5c370c9ee7b3b:populateFiles 200
[debug] [2025-10-28T16:29:50.050Z] <<< [apiv2][body] POST https://firebasehosting.googleapis.com/v1beta1/projects/203471818329/sites/africaphone-org/versions/12a5c370c9ee7b3b:populateFiles {"uploadRequiredHashes":["25de80b8278285e4dafac7c1719396882000e10970d70c9c11ccf7a697ff8962","f50d9d93e8d716b67e34bc1187817381c508fd3e48e0771ad965cff257b104df","a624d3e11bf9acb26aafc2d8e07c681d45278622f3420dd5c53dd12461941fb0"],"uploadUrl":"https://upload-firebasehosting.googleapis.com/upload/sites/africaphone-org/versions/12a5c370c9ee7b3b/files"}
[debug] [2025-10-28T16:29:50.053Z] Checked if tokens are valid: true, expires at: 1761670512006
[debug] [2025-10-28T16:29:50.053Z] Checked if tokens are valid: true, expires at: 1761670512006
[debug] [2025-10-28T16:29:50.053Z] Checked if tokens are valid: true, expires at: 1761670512006
[debug] [2025-10-28T16:29:50.054Z] Checked if tokens are valid: true, expires at: 1761670512006
[debug] [2025-10-28T16:29:50.054Z] Checked if tokens are valid: true, expires at: 1761670512006
[debug] [2025-10-28T16:29:50.055Z] Checked if tokens are valid: true, expires at: 1761670512006
[debug] [2025-10-28T16:29:50.055Z] >>> [apiv2][query] POST https://upload-firebasehosting.googleapis.com/upload/sites/africaphone-org/versions/12a5c370c9ee7b3b/files/25de80b8278285e4dafac7c1719396882000e10970d70c9c11ccf7a697ff8962 [none]
[debug] [2025-10-28T16:29:50.055Z] >>> [apiv2][body] POST https://upload-firebasehosting.googleapis.com/upload/sites/africaphone-org/versions/12a5c370c9ee7b3b/files/25de80b8278285e4dafac7c1719396882000e10970d70c9c11ccf7a697ff8962 [stream]
[debug] [2025-10-28T16:29:50.059Z] >>> [apiv2][query] POST https://upload-firebasehosting.googleapis.com/upload/sites/africaphone-org/versions/12a5c370c9ee7b3b/files/f50d9d93e8d716b67e34bc1187817381c508fd3e48e0771ad965cff257b104df [none]
[debug] [2025-10-28T16:29:50.059Z] >>> [apiv2][body] POST https://upload-firebasehosting.googleapis.com/upload/sites/africaphone-org/versions/12a5c370c9ee7b3b/files/f50d9d93e8d716b67e34bc1187817381c508fd3e48e0771ad965cff257b104df [stream]
[debug] [2025-10-28T16:29:50.062Z] >>> [apiv2][query] POST https://upload-firebasehosting.googleapis.com/upload/sites/africaphone-org/versions/12a5c370c9ee7b3b/files/a624d3e11bf9acb26aafc2d8e07c681d45278622f3420dd5c53dd12461941fb0 [none]
[debug] [2025-10-28T16:29:50.062Z] >>> [apiv2][body] POST https://upload-firebasehosting.googleapis.com/upload/sites/africaphone-org/versions/12a5c370c9ee7b3b/files/a624d3e11bf9acb26aafc2d8e07c681d45278622f3420dd5c53dd12461941fb0 [stream]
[debug] [2025-10-28T16:29:50.065Z] [hosting][populate queue][FINAL] {"max":1154,"min":1154,"avg":1154,"active":0,"complete":1,"success":1,"errored":0,"retried":0,"total":1,"elapsed":1164}
[debug] [2025-10-28T16:29:50.066Z] [hosting] uploads queued: 3
[info] i  hosting: uploading new files [0/3] (0%) 
[debug] [2025-10-28T16:29:51.778Z] <<< [apiv2][status] POST https://upload-firebasehosting.googleapis.com/upload/sites/africaphone-org/versions/12a5c370c9ee7b3b/files/25de80b8278285e4dafac7c1719396882000e10970d70c9c11ccf7a697ff8962 200
[debug] [2025-10-28T16:29:51.779Z] <<< [apiv2][body] POST https://upload-firebasehosting.googleapis.com/upload/sites/africaphone-org/versions/12a5c370c9ee7b3b/files/25de80b8278285e4dafac7c1719396882000e10970d70c9c11ccf7a697ff8962 [stream]
[debug] [2025-10-28T16:29:51.850Z] <<< [apiv2][status] POST https://upload-firebasehosting.googleapis.com/upload/sites/africaphone-org/versions/12a5c370c9ee7b3b/files/f50d9d93e8d716b67e34bc1187817381c508fd3e48e0771ad965cff257b104df 200
[debug] [2025-10-28T16:29:51.850Z] <<< [apiv2][body] POST https://upload-firebasehosting.googleapis.com/upload/sites/africaphone-org/versions/12a5c370c9ee7b3b/files/f50d9d93e8d716b67e34bc1187817381c508fd3e48e0771ad965cff257b104df [stream]
[debug] [2025-10-28T16:29:51.964Z] <<< [apiv2][status] POST https://upload-firebasehosting.googleapis.com/upload/sites/africaphone-org/versions/12a5c370c9ee7b3b/files/a624d3e11bf9acb26aafc2d8e07c681d45278622f3420dd5c53dd12461941fb0 200
[debug] [2025-10-28T16:29:51.964Z] <<< [apiv2][body] POST https://upload-firebasehosting.googleapis.com/upload/sites/africaphone-org/versions/12a5c370c9ee7b3b/files/a624d3e11bf9acb26aafc2d8e07c681d45278622f3420dd5c53dd12461941fb0 [stream]
[debug] [2025-10-28T16:29:51.964Z] [hosting][upload queue][FINAL] {"max":1910,"min":1728,"avg":1811.6666666666667,"active":0,"complete":3,"success":3,"errored":0,"retried":0,"total":3,"elapsed":1913}
[info] i  hosting: upload complete 
[info] +  hosting[africaphone-org]: file upload complete 
[debug] [2025-10-28T16:29:51.965Z] [hosting] deploy completed after 3622ms
[info] i  functions: updating Node.js 20 (2nd Gen) function firebase-frameworks-africaphone-org:ssrafricaphoneorg(us-central1)... 
[debug] [2025-10-28T16:29:51.987Z] Checked if tokens are valid: true, expires at: 1761670512006
[debug] [2025-10-28T16:29:51.989Z] Checked if tokens are valid: true, expires at: 1761670512006
[debug] [2025-10-28T16:29:51.990Z] >>> [apiv2][query] PATCH https://cloudfunctions.googleapis.com/v2/projects/africaphone-vente/locations/us-central1/functions/ssrafricaphoneorg updateMask=name%2CbuildConfig.runtime%2CbuildConfig.entryPoint%2CbuildConfig.source.storageSource.bucket%2CbuildConfig.source.storageSource.object%2CbuildConfig.environmentVariables%2CbuildConfig.sourceToken%2CserviceConfig.environmentVariables%2CserviceConfig.ingressSettings%2CserviceConfig.timeoutSeconds%2CserviceConfig.serviceAccountEmail%2CserviceConfig.availableMemory%2CserviceConfig.minInstanceCount%2CserviceConfig.maxInstanceCount%2CserviceConfig.maxInstanceRequestConcurrency%2CserviceConfig.availableCpu%2CserviceConfig.vpcConnector%2CserviceConfig.vpcConnectorEgressSettings%2Clabels
[debug] [2025-10-28T16:29:51.990Z] >>> [apiv2][body] PATCH https://cloudfunctions.googleapis.com/v2/projects/africaphone-vente/locations/us-central1/functions/ssrafricaphoneorg {"name":"projects/africaphone-vente/locations/us-central1/functions/ssrafricaphoneorg","buildConfig":{"runtime":"nodejs20","entryPoint":"ssrafricaphoneorg","source":{"storageSource":{"bucket":"gcf-v2-uploads-203471818329.us-central1.cloudfunctions.appspot.com","object":"8751a9e2-0b68-47b5-99d6-c102a8c9d77f.zip"}},"environmentVariables":{"GOOGLE_NODE_RUN_SCRIPTS":""}},"serviceConfig":{"environmentVariables":{"VERCEL_URL":"africaphone-vente.web.app","__FIREBASE_FRAMEWORKS_ENTRY__":"next.js","__FIREBASE_DEFAULTS__":"{\"config\":{\"projectId\":\"africaphone-vente\",\"appId\":\"1:203471818329:web:d0e235db15917d8b596b48\",\"storageBucket\":\"africaphone-vente.firebasestorage.app\",\"apiKey\":\"AIzaSyCVmG85CJPSqPDueR1RnxSS5DLtW3QP0Zs\",\"authDomain\":\"africaphone-vente.firebaseapp.com\",\"messagingSenderId\":\"203471818329\",\"measurementId\":\"G-EYL8YL86KB\",\"projectNumber\":\"203471818329\",\"version\":\"2\"},\"_authTokenSyncURL\":\"/__session\"}","FIREBASE_CONFIG":"{\"projectId\":\"africaphone-vente\",\"storageBucket\":\"africaphone-vente.firebasestorage.app\"}","GCLOUD_PROJECT":"africaphone-vente","EVENTARC_CLOUD_EVENT_SOURCE":"projects/africaphone-vente/locations/us-central1/services/ssrafricaphoneorg","FUNCTION_TARGET":"ssrafricaphoneorg","LOG_EXECUTION_ID":"true"},"ingressSettings":null,"timeoutSeconds":null,"serviceAccountEmail":null,"availableMemory":"256Mi","minInstanceCount":null,"maxInstanceCount":null,"maxInstanceRequestConcurrency":80,"availableCpu":"1","vpcConnector":null,"vpcConnectorEgressSettings":null},"labels":{"deployment-tool":"cli-firebase","firebase-functions-codebase":"firebase-frameworks-africaphone-org","firebase-functions-hash":"0762c105955aa1bd01cc81eb5895bb098a6df75a"}}
[debug] [2025-10-28T16:29:54.181Z] <<< [apiv2][status] PATCH https://cloudfunctions.googleapis.com/v2/projects/africaphone-vente/locations/us-central1/functions/ssrafricaphoneorg 200
[debug] [2025-10-28T16:29:54.182Z] <<< [apiv2][body] PATCH https://cloudfunctions.googleapis.com/v2/projects/africaphone-vente/locations/us-central1/functions/ssrafricaphoneorg {"name":"projects/africaphone-vente/locations/us-central1/operations/operation-1761668993442-6423a8690e37b-88e58107-bf42c591","metadata":{"@type":"type.googleapis.com/google.cloud.functions.v2.OperationMetadata","createTime":"2025-10-28T16:29:54.379600137Z","target":"projects/africaphone-vente/locations/us-central1/functions/ssrafricaphoneorg","verb":"update","cancelRequested":false,"apiVersion":"v2"},"done":false}
[debug] [2025-10-28T16:29:54.183Z] Checked if tokens are valid: true, expires at: 1761670512006
[debug] [2025-10-28T16:29:54.183Z] Checked if tokens are valid: true, expires at: 1761670512006
[debug] [2025-10-28T16:29:54.184Z] >>> [apiv2][query] GET https://cloudfunctions.googleapis.com/v2/projects/africaphone-vente/locations/us-central1/operations/operation-1761668993442-6423a8690e37b-88e58107-bf42c591 [none]
[debug] [2025-10-28T16:29:54.463Z] <<< [apiv2][status] GET https://cloudfunctions.googleapis.com/v2/projects/africaphone-vente/locations/us-central1/operations/operation-1761668993442-6423a8690e37b-88e58107-bf42c591 200
[debug] [2025-10-28T16:29:54.463Z] <<< [apiv2][body] GET https://cloudfunctions.googleapis.com/v2/projects/africaphone-vente/locations/us-central1/operations/operation-1761668993442-6423a8690e37b-88e58107-bf42c591 {"name":"projects/africaphone-vente/locations/us-central1/operations/operation-1761668993442-6423a8690e37b-88e58107-bf42c591","metadata":{"@type":"type.googleapis.com/google.cloud.functions.v2.OperationMetadata","createTime":"2025-10-28T16:29:54.379600137Z","target":"projects/africaphone-vente/locations/us-central1/functions/ssrafricaphoneorg","verb":"update","cancelRequested":false,"apiVersion":"v2","requestResource":{"@type":"type.googleapis.com/google.cloud.functions.v2.Function","name":"projects/africaphone-vente/locations/us-central1/functions/ssrafricaphoneorg","buildConfig":{"runtime":"nodejs20","entryPoint":"ssrafricaphoneorg","source":{"storageSource":{"bucket":"gcf-v2-sources-203471818329-us-central1","object":"ssrafricaphoneorg/function-source.zip","generation":"1761668994284804"}},"environmentVariables":{"GOOGLE_NODE_RUN_SCRIPTS":""},"dockerRepository":"projects/africaphone-vente/locations/us-central1/repositories/gcf-artifacts","sourceProvenance":{"resolvedStorageSource":{"bucket":"gcf-v2-sources-203471818329-us-central1","object":"ssrafricaphoneorg/function-source.zip","generation":"1761667122534253"}},"dockerRegistry":"ARTIFACT_REGISTRY","serviceAccount":"projects/africaphone-vente/serviceAccounts/203471818329-compute@developer.gserviceaccount.com","automaticUpdatePolicy":{}},"serviceConfig":{"service":"projects/africaphone-vente/locations/us-central1/services/ssrafricaphoneorg","timeoutSeconds":60,"environmentVariables":{"VERCEL_URL":"africaphone-vente.web.app","__FIREBASE_FRAMEWORKS_ENTRY__":"next.js","__FIREBASE_DEFAULTS__":"{\"config\":{\"projectId\":\"africaphone-vente\",\"appId\":\"1:203471818329:web:d0e235db15917d8b596b48\",\"storageBucket\":\"africaphone-vente.firebasestorage.app\",\"apiKey\":\"AIzaSyCVmG85CJPSqPDueR1RnxSS5DLtW3QP0Zs\",\"authDomain\":\"africaphone-vente.firebaseapp.com\",\"messagingSenderId\":\"203471818329\",\"measurementId\":\"G-EYL8YL86KB\",\"projectNumber\":\"203471818329\",\"version\":\"2\"},\"_authTokenSyncURL\":\"/__session\"}","FIREBASE_CONFIG":"{\"projectId\":\"africaphone-vente\",\"storageBucket\":\"africaphone-vente.firebasestorage.app\"}","GCLOUD_PROJECT":"africaphone-vente","EVENTARC_CLOUD_EVENT_SOURCE":"projects/africaphone-vente/locations/us-central1/services/ssrafricaphoneorg","FUNCTION_TARGET":"ssrafricaphoneorg","LOG_EXECUTION_ID":"true"},"ingressSettings":"ALLOW_ALL","uri":"https://ssrafricaphoneorg-wmkbzzwcda-uc.a.run.app","serviceAccountEmail":"203471818329-compute@developer.gserviceaccount.com","availableMemory":"256Mi","allTrafficOnLatestRevision":true,"revision":"ssrafricaphoneorg-00029-xey","maxInstanceRequestConcurrency":80,"availableCpu":"1"},"state":"ACTIVE","labels":{"deployment-tool":"cli-firebase","firebase-functions-codebase":"firebase-frameworks-africaphone-org","firebase-functions-hash":"0762c105955aa1bd01cc81eb5895bb098a6df75a"},"environment":"GEN_2","url":"https://us-central1-africaphone-vente.cloudfunctions.net/ssrafricaphoneorg","satisfiesPzi":true},"stages":[{"name":"BUILD","state":"NOT_STARTED"},{"name":"SERVICE","state":"NOT_STARTED"}],"operationType":"UPDATE_FUNCTION"},"done":false}
[debug] [2025-10-28T16:29:54.978Z] [update-firebase-frameworks-africaphone-org-us-central1-ssrafricaphoneorg] Retrying task index 0
[debug] [2025-10-28T16:29:54.979Z] Checked if tokens are valid: true, expires at: 1761670512006
[debug] [2025-10-28T16:29:54.979Z] Checked if tokens are valid: true, expires at: 1761670512006
[debug] [2025-10-28T16:29:54.980Z] >>> [apiv2][query] GET https://cloudfunctions.googleapis.com/v2/projects/africaphone-vente/locations/us-central1/operations/operation-1761668993442-6423a8690e37b-88e58107-bf42c591 [none]
[debug] [2025-10-28T16:29:55.230Z] <<< [apiv2][status] GET https://cloudfunctions.googleapis.com/v2/projects/africaphone-vente/locations/us-central1/operations/operation-1761668993442-6423a8690e37b-88e58107-bf42c591 200
[debug] [2025-10-28T16:29:55.230Z] <<< [apiv2][body] GET https://cloudfunctions.googleapis.com/v2/projects/africaphone-vente/locations/us-central1/operations/operation-1761668993442-6423a8690e37b-88e58107-bf42c591 {"name":"projects/africaphone-vente/locations/us-central1/operations/operation-1761668993442-6423a8690e37b-88e58107-bf42c591","metadata":{"@type":"type.googleapis.com/google.cloud.functions.v2.OperationMetadata","createTime":"2025-10-28T16:29:54.379600137Z","target":"projects/africaphone-vente/locations/us-central1/functions/ssrafricaphoneorg","verb":"update","cancelRequested":false,"apiVersion":"v2","requestResource":{"@type":"type.googleapis.com/google.cloud.functions.v2.Function","name":"projects/africaphone-vente/locations/us-central1/functions/ssrafricaphoneorg","buildConfig":{"runtime":"nodejs20","entryPoint":"ssrafricaphoneorg","source":{"storageSource":{"bucket":"gcf-v2-sources-203471818329-us-central1","object":"ssrafricaphoneorg/function-source.zip","generation":"1761668994284804"}},"environmentVariables":{"GOOGLE_NODE_RUN_SCRIPTS":""},"dockerRepository":"projects/africaphone-vente/locations/us-central1/repositories/gcf-artifacts","sourceProvenance":{"resolvedStorageSource":{"bucket":"gcf-v2-sources-203471818329-us-central1","object":"ssrafricaphoneorg/function-source.zip","generation":"1761667122534253"}},"dockerRegistry":"ARTIFACT_REGISTRY","serviceAccount":"projects/africaphone-vente/serviceAccounts/203471818329-compute@developer.gserviceaccount.com","automaticUpdatePolicy":{}},"serviceConfig":{"service":"projects/africaphone-vente/locations/us-central1/services/ssrafricaphoneorg","timeoutSeconds":60,"environmentVariables":{"VERCEL_URL":"africaphone-vente.web.app","__FIREBASE_FRAMEWORKS_ENTRY__":"next.js","__FIREBASE_DEFAULTS__":"{\"config\":{\"projectId\":\"africaphone-vente\",\"appId\":\"1:203471818329:web:d0e235db15917d8b596b48\",\"storageBucket\":\"africaphone-vente.firebasestorage.app\",\"apiKey\":\"AIzaSyCVmG85CJPSqPDueR1RnxSS5DLtW3QP0Zs\",\"authDomain\":\"africaphone-vente.firebaseapp.com\",\"messagingSenderId\":\"203471818329\",\"measurementId\":\"G-EYL8YL86KB\",\"projectNumber\":\"203471818329\",\"version\":\"2\"},\"_authTokenSyncURL\":\"/__session\"}","FIREBASE_CONFIG":"{\"projectId\":\"africaphone-vente\",\"storageBucket\":\"africaphone-vente.firebasestorage.app\"}","GCLOUD_PROJECT":"africaphone-vente","EVENTARC_CLOUD_EVENT_SOURCE":"projects/africaphone-vente/locations/us-central1/services/ssrafricaphoneorg","FUNCTION_TARGET":"ssrafricaphoneorg","LOG_EXECUTION_ID":"true"},"ingressSettings":"ALLOW_ALL","uri":"https://ssrafricaphoneorg-wmkbzzwcda-uc.a.run.app","serviceAccountEmail":"203471818329-compute@developer.gserviceaccount.com","availableMemory":"256Mi","allTrafficOnLatestRevision":true,"revision":"ssrafricaphoneorg-00029-xey","maxInstanceRequestConcurrency":80,"availableCpu":"1"},"state":"ACTIVE","labels":{"deployment-tool":"cli-firebase","firebase-functions-codebase":"firebase-frameworks-africaphone-org","firebase-functions-hash":"0762c105955aa1bd01cc81eb5895bb098a6df75a"},"environment":"GEN_2","url":"https://us-central1-africaphone-vente.cloudfunctions.net/ssrafricaphoneorg","satisfiesPzi":true},"stages":[{"name":"BUILD","message":"Build in progress","state":"IN_PROGRESS","resource":"projects/203471818329/locations/us-central1/builds/0edfd938-65fc-4e3e-bb9d-74a691cb296e","resourceUri":"https://console.cloud.google.com/cloud-build/builds;region=us-central1/0edfd938-65fc-4e3e-bb9d-74a691cb296e?project=203471818329"},{"name":"SERVICE","state":"NOT_STARTED"}],"operationType":"UPDATE_FUNCTION","buildName":"projects/203471818329/locations/us-central1/builds/0edfd938-65fc-4e3e-bb9d-74a691cb296e"},"done":false}
[debug] [2025-10-28T16:29:56.241Z] [update-firebase-frameworks-africaphone-org-us-central1-ssrafricaphoneorg] Retrying task index 0
[debug] [2025-10-28T16:29:56.243Z] Checked if tokens are valid: true, expires at: 1761670512006
[debug] [2025-10-28T16:29:56.243Z] Checked if tokens are valid: true, expires at: 1761670512006
[debug] [2025-10-28T16:29:56.244Z] >>> [apiv2][query] GET https://cloudfunctions.googleapis.com/v2/projects/africaphone-vente/locations/us-central1/operations/operation-1761668993442-6423a8690e37b-88e58107-bf42c591 [none]
[debug] [2025-10-28T16:29:57.069Z] <<< [apiv2][status] GET https://cloudfunctions.googleapis.com/v2/projects/africaphone-vente/locations/us-central1/operations/operation-1761668993442-6423a8690e37b-88e58107-bf42c591 200
[debug] [2025-10-28T16:29:57.069Z] <<< [apiv2][body] GET https://cloudfunctions.googleapis.com/v2/projects/africaphone-vente/locations/us-central1/operations/operation-1761668993442-6423a8690e37b-88e58107-bf42c591 {"name":"projects/africaphone-vente/locations/us-central1/operations/operation-1761668993442-6423a8690e37b-88e58107-bf42c591","metadata":{"@type":"type.googleapis.com/google.cloud.functions.v2.OperationMetadata","createTime":"2025-10-28T16:29:54.379600137Z","target":"projects/africaphone-vente/locations/us-central1/functions/ssrafricaphoneorg","verb":"update","cancelRequested":false,"apiVersion":"v2","requestResource":{"@type":"type.googleapis.com/google.cloud.functions.v2.Function","name":"projects/africaphone-vente/locations/us-central1/functions/ssrafricaphoneorg","buildConfig":{"runtime":"nodejs20","entryPoint":"ssrafricaphoneorg","source":{"storageSource":{"bucket":"gcf-v2-sources-203471818329-us-central1","object":"ssrafricaphoneorg/function-source.zip","generation":"1761668994284804"}},"environmentVariables":{"GOOGLE_NODE_RUN_SCRIPTS":""},"dockerRepository":"projects/africaphone-vente/locations/us-central1/repositories/gcf-artifacts","sourceProvenance":{"resolvedStorageSource":{"bucket":"gcf-v2-sources-203471818329-us-central1","object":"ssrafricaphoneorg/function-source.zip","generation":"1761667122534253"}},"dockerRegistry":"ARTIFACT_REGISTRY","serviceAccount":"projects/africaphone-vente/serviceAccounts/203471818329-compute@developer.gserviceaccount.com","automaticUpdatePolicy":{}},"serviceConfig":{"service":"projects/africaphone-vente/locations/us-central1/services/ssrafricaphoneorg","timeoutSeconds":60,"environmentVariables":{"VERCEL_URL":"africaphone-vente.web.app","__FIREBASE_FRAMEWORKS_ENTRY__":"next.js","__FIREBASE_DEFAULTS__":"{\"config\":{\"projectId\":\"africaphone-vente\",\"appId\":\"1:203471818329:web:d0e235db15917d8b596b48\",\"storageBucket\":\"africaphone-vente.firebasestorage.app\",\"apiKey\":\"AIzaSyCVmG85CJPSqPDueR1RnxSS5DLtW3QP0Zs\",\"authDomain\":\"africaphone-vente.firebaseapp.com\",\"messagingSenderId\":\"203471818329\",\"measurementId\":\"G-EYL8YL86KB\",\"projectNumber\":\"203471818329\",\"version\":\"2\"},\"_authTokenSyncURL\":\"/__session\"}","FIREBASE_CONFIG":"{\"projectId\":\"africaphone-vente\",\"storageBucket\":\"africaphone-vente.firebasestorage.app\"}","GCLOUD_PROJECT":"africaphone-vente","EVENTARC_CLOUD_EVENT_SOURCE":"projects/africaphone-vente/locations/us-central1/services/ssrafricaphoneorg","FUNCTION_TARGET":"ssrafricaphoneorg","LOG_EXECUTION_ID":"true"},"ingressSettings":"ALLOW_ALL","uri":"https://ssrafricaphoneorg-wmkbzzwcda-uc.a.run.app","serviceAccountEmail":"203471818329-compute@developer.gserviceaccount.com","availableMemory":"256Mi","allTrafficOnLatestRevision":true,"revision":"ssrafricaphoneorg-00029-xey","maxInstanceRequestConcurrency":80,"availableCpu":"1"},"state":"ACTIVE","labels":{"deployment-tool":"cli-firebase","firebase-functions-codebase":"firebase-frameworks-africaphone-org","firebase-functions-hash":"0762c105955aa1bd01cc81eb5895bb098a6df75a"},"environment":"GEN_2","url":"https://us-central1-africaphone-vente.cloudfunctions.net/ssrafricaphoneorg","satisfiesPzi":true},"stages":[{"name":"BUILD","message":"Build in progress","state":"IN_PROGRESS","resource":"projects/203471818329/locations/us-central1/builds/0edfd938-65fc-4e3e-bb9d-74a691cb296e","resourceUri":"https://console.cloud.google.com/cloud-build/builds;region=us-central1/0edfd938-65fc-4e3e-bb9d-74a691cb296e?project=203471818329"},{"name":"SERVICE","state":"NOT_STARTED"}],"operationType":"UPDATE_FUNCTION","buildName":"projects/203471818329/locations/us-central1/builds/0edfd938-65fc-4e3e-bb9d-74a691cb296e"},"done":false}
[debug] [2025-10-28T16:29:59.083Z] [update-firebase-frameworks-africaphone-org-us-central1-ssrafricaphoneorg] Retrying task index 0
[debug] [2025-10-28T16:29:59.083Z] Checked if tokens are valid: true, expires at: 1761670512006
[debug] [2025-10-28T16:29:59.084Z] Checked if tokens are valid: true, expires at: 1761670512006
[debug] [2025-10-28T16:29:59.084Z] >>> [apiv2][query] GET https://cloudfunctions.googleapis.com/v2/projects/africaphone-vente/locations/us-central1/operations/operation-1761668993442-6423a8690e37b-88e58107-bf42c591 [none]
[debug] [2025-10-28T16:29:59.366Z] <<< [apiv2][status] GET https://cloudfunctions.googleapis.com/v2/projects/africaphone-vente/locations/us-central1/operations/operation-1761668993442-6423a8690e37b-88e58107-bf42c591 200
[debug] [2025-10-28T16:29:59.367Z] <<< [apiv2][body] GET https://cloudfunctions.googleapis.com/v2/projects/africaphone-vente/locations/us-central1/operations/operation-1761668993442-6423a8690e37b-88e58107-bf42c591 {"name":"projects/africaphone-vente/locations/us-central1/operations/operation-1761668993442-6423a8690e37b-88e58107-bf42c591","metadata":{"@type":"type.googleapis.com/google.cloud.functions.v2.OperationMetadata","createTime":"2025-10-28T16:29:54.379600137Z","target":"projects/africaphone-vente/locations/us-central1/functions/ssrafricaphoneorg","verb":"update","cancelRequested":false,"apiVersion":"v2","requestResource":{"@type":"type.googleapis.com/google.cloud.functions.v2.Function","name":"projects/africaphone-vente/locations/us-central1/functions/ssrafricaphoneorg","buildConfig":{"runtime":"nodejs20","entryPoint":"ssrafricaphoneorg","source":{"storageSource":{"bucket":"gcf-v2-sources-203471818329-us-central1","object":"ssrafricaphoneorg/function-source.zip","generation":"1761668994284804"}},"environmentVariables":{"GOOGLE_NODE_RUN_SCRIPTS":""},"dockerRepository":"projects/africaphone-vente/locations/us-central1/repositories/gcf-artifacts","sourceProvenance":{"resolvedStorageSource":{"bucket":"gcf-v2-sources-203471818329-us-central1","object":"ssrafricaphoneorg/function-source.zip","generation":"1761667122534253"}},"dockerRegistry":"ARTIFACT_REGISTRY","serviceAccount":"projects/africaphone-vente/serviceAccounts/203471818329-compute@developer.gserviceaccount.com","automaticUpdatePolicy":{}},"serviceConfig":{"service":"projects/africaphone-vente/locations/us-central1/services/ssrafricaphoneorg","timeoutSeconds":60,"environmentVariables":{"VERCEL_URL":"africaphone-vente.web.app","__FIREBASE_FRAMEWORKS_ENTRY__":"next.js","__FIREBASE_DEFAULTS__":"{\"config\":{\"projectId\":\"africaphone-vente\",\"appId\":\"1:203471818329:web:d0e235db15917d8b596b48\",\"storageBucket\":\"africaphone-vente.firebasestorage.app\",\"apiKey\":\"AIzaSyCVmG85CJPSqPDueR1RnxSS5DLtW3QP0Zs\",\"authDomain\":\"africaphone-vente.firebaseapp.com\",\"messagingSenderId\":\"203471818329\",\"measurementId\":\"G-EYL8YL86KB\",\"projectNumber\":\"203471818329\",\"version\":\"2\"},\"_authTokenSyncURL\":\"/__session\"}","FIREBASE_CONFIG":"{\"projectId\":\"africaphone-vente\",\"storageBucket\":\"africaphone-vente.firebasestorage.app\"}","GCLOUD_PROJECT":"africaphone-vente","EVENTARC_CLOUD_EVENT_SOURCE":"projects/africaphone-vente/locations/us-central1/services/ssrafricaphoneorg","FUNCTION_TARGET":"ssrafricaphoneorg","LOG_EXECUTION_ID":"true"},"ingressSettings":"ALLOW_ALL","uri":"https://ssrafricaphoneorg-wmkbzzwcda-uc.a.run.app","serviceAccountEmail":"203471818329-compute@developer.gserviceaccount.com","availableMemory":"256Mi","allTrafficOnLatestRevision":true,"revision":"ssrafricaphoneorg-00029-xey","maxInstanceRequestConcurrency":80,"availableCpu":"1"},"state":"ACTIVE","labels":{"deployment-tool":"cli-firebase","firebase-functions-codebase":"firebase-frameworks-africaphone-org","firebase-functions-hash":"0762c105955aa1bd01cc81eb5895bb098a6df75a"},"environment":"GEN_2","url":"https://us-central1-africaphone-vente.cloudfunctions.net/ssrafricaphoneorg","satisfiesPzi":true},"stages":[{"name":"BUILD","message":"Build in progress","state":"IN_PROGRESS","resource":"projects/203471818329/locations/us-central1/builds/0edfd938-65fc-4e3e-bb9d-74a691cb296e","resourceUri":"https://console.cloud.google.com/cloud-build/builds;region=us-central1/0edfd938-65fc-4e3e-bb9d-74a691cb296e?project=203471818329"},{"name":"SERVICE","state":"NOT_STARTED"}],"operationType":"UPDATE_FUNCTION","buildName":"projects/203471818329/locations/us-central1/builds/0edfd938-65fc-4e3e-bb9d-74a691cb296e"},"done":false}
[debug] [2025-10-28T16:30:03.394Z] [update-firebase-frameworks-africaphone-org-us-central1-ssrafricaphoneorg] Retrying task index 0
[debug] [2025-10-28T16:30:03.395Z] Checked if tokens are valid: true, expires at: 1761670512006
[debug] [2025-10-28T16:30:03.396Z] Checked if tokens are valid: true, expires at: 1761670512006
[debug] [2025-10-28T16:30:03.397Z] >>> [apiv2][query] GET https://cloudfunctions.googleapis.com/v2/projects/africaphone-vente/locations/us-central1/operations/operation-1761668993442-6423a8690e37b-88e58107-bf42c591 [none]
[debug] [2025-10-28T16:30:04.216Z] <<< [apiv2][status] GET https://cloudfunctions.googleapis.com/v2/projects/africaphone-vente/locations/us-central1/operations/operation-1761668993442-6423a8690e37b-88e58107-bf42c591 200
[debug] [2025-10-28T16:30:04.216Z] <<< [apiv2][body] GET https://cloudfunctions.googleapis.com/v2/projects/africaphone-vente/locations/us-central1/operations/operation-1761668993442-6423a8690e37b-88e58107-bf42c591 {"name":"projects/africaphone-vente/locations/us-central1/operations/operation-1761668993442-6423a8690e37b-88e58107-bf42c591","metadata":{"@type":"type.googleapis.com/google.cloud.functions.v2.OperationMetadata","createTime":"2025-10-28T16:29:54.379600137Z","target":"projects/africaphone-vente/locations/us-central1/functions/ssrafricaphoneorg","verb":"update","cancelRequested":false,"apiVersion":"v2","requestResource":{"@type":"type.googleapis.com/google.cloud.functions.v2.Function","name":"projects/africaphone-vente/locations/us-central1/functions/ssrafricaphoneorg","buildConfig":{"runtime":"nodejs20","entryPoint":"ssrafricaphoneorg","source":{"storageSource":{"bucket":"gcf-v2-sources-203471818329-us-central1","object":"ssrafricaphoneorg/function-source.zip","generation":"1761668994284804"}},"environmentVariables":{"GOOGLE_NODE_RUN_SCRIPTS":""},"dockerRepository":"projects/africaphone-vente/locations/us-central1/repositories/gcf-artifacts","sourceProvenance":{"resolvedStorageSource":{"bucket":"gcf-v2-sources-203471818329-us-central1","object":"ssrafricaphoneorg/function-source.zip","generation":"1761667122534253"}},"dockerRegistry":"ARTIFACT_REGISTRY","serviceAccount":"projects/africaphone-vente/serviceAccounts/203471818329-compute@developer.gserviceaccount.com","automaticUpdatePolicy":{}},"serviceConfig":{"service":"projects/africaphone-vente/locations/us-central1/services/ssrafricaphoneorg","timeoutSeconds":60,"environmentVariables":{"VERCEL_URL":"africaphone-vente.web.app","__FIREBASE_FRAMEWORKS_ENTRY__":"next.js","__FIREBASE_DEFAULTS__":"{\"config\":{\"projectId\":\"africaphone-vente\",\"appId\":\"1:203471818329:web:d0e235db15917d8b596b48\",\"storageBucket\":\"africaphone-vente.firebasestorage.app\",\"apiKey\":\"AIzaSyCVmG85CJPSqPDueR1RnxSS5DLtW3QP0Zs\",\"authDomain\":\"africaphone-vente.firebaseapp.com\",\"messagingSenderId\":\"203471818329\",\"measurementId\":\"G-EYL8YL86KB\",\"projectNumber\":\"203471818329\",\"version\":\"2\"},\"_authTokenSyncURL\":\"/__session\"}","FIREBASE_CONFIG":"{\"projectId\":\"africaphone-vente\",\"storageBucket\":\"africaphone-vente.firebasestorage.app\"}","GCLOUD_PROJECT":"africaphone-vente","EVENTARC_CLOUD_EVENT_SOURCE":"projects/africaphone-vente/locations/us-central1/services/ssrafricaphoneorg","FUNCTION_TARGET":"ssrafricaphoneorg","LOG_EXECUTION_ID":"true"},"ingressSettings":"ALLOW_ALL","uri":"https://ssrafricaphoneorg-wmkbzzwcda-uc.a.run.app","serviceAccountEmail":"203471818329-compute@developer.gserviceaccount.com","availableMemory":"256Mi","allTrafficOnLatestRevision":true,"revision":"ssrafricaphoneorg-00029-xey","maxInstanceRequestConcurrency":80,"availableCpu":"1"},"state":"ACTIVE","labels":{"deployment-tool":"cli-firebase","firebase-functions-codebase":"firebase-frameworks-africaphone-org","firebase-functions-hash":"0762c105955aa1bd01cc81eb5895bb098a6df75a"},"environment":"GEN_2","url":"https://us-central1-africaphone-vente.cloudfunctions.net/ssrafricaphoneorg","satisfiesPzi":true},"stages":[{"name":"BUILD","message":"Build in progress","state":"IN_PROGRESS","resource":"projects/203471818329/locations/us-central1/builds/0edfd938-65fc-4e3e-bb9d-74a691cb296e","resourceUri":"https://console.cloud.google.com/cloud-build/builds;region=us-central1/0edfd938-65fc-4e3e-bb9d-74a691cb296e?project=203471818329"},{"name":"SERVICE","state":"NOT_STARTED"}],"operationType":"UPDATE_FUNCTION","buildName":"projects/203471818329/locations/us-central1/builds/0edfd938-65fc-4e3e-bb9d-74a691cb296e"},"done":false}
[debug] [2025-10-28T16:30:12.226Z] [update-firebase-frameworks-africaphone-org-us-central1-ssrafricaphoneorg] Retrying task index 0
[debug] [2025-10-28T16:30:12.226Z] Checked if tokens are valid: true, expires at: 1761670512006
[debug] [2025-10-28T16:30:12.226Z] Checked if tokens are valid: true, expires at: 1761670512006
[debug] [2025-10-28T16:30:12.227Z] >>> [apiv2][query] GET https://cloudfunctions.googleapis.com/v2/projects/africaphone-vente/locations/us-central1/operations/operation-1761668993442-6423a8690e37b-88e58107-bf42c591 [none]
[debug] [2025-10-28T16:30:12.716Z] <<< [apiv2][status] GET https://cloudfunctions.googleapis.com/v2/projects/africaphone-vente/locations/us-central1/operations/operation-1761668993442-6423a8690e37b-88e58107-bf42c591 200
[debug] [2025-10-28T16:30:12.716Z] <<< [apiv2][body] GET https://cloudfunctions.googleapis.com/v2/projects/africaphone-vente/locations/us-central1/operations/operation-1761668993442-6423a8690e37b-88e58107-bf42c591 {"name":"projects/africaphone-vente/locations/us-central1/operations/operation-1761668993442-6423a8690e37b-88e58107-bf42c591","metadata":{"@type":"type.googleapis.com/google.cloud.functions.v2.OperationMetadata","createTime":"2025-10-28T16:29:54.379600137Z","target":"projects/africaphone-vente/locations/us-central1/functions/ssrafricaphoneorg","verb":"update","cancelRequested":false,"apiVersion":"v2","requestResource":{"@type":"type.googleapis.com/google.cloud.functions.v2.Function","name":"projects/africaphone-vente/locations/us-central1/functions/ssrafricaphoneorg","buildConfig":{"runtime":"nodejs20","entryPoint":"ssrafricaphoneorg","source":{"storageSource":{"bucket":"gcf-v2-sources-203471818329-us-central1","object":"ssrafricaphoneorg/function-source.zip","generation":"1761668994284804"}},"environmentVariables":{"GOOGLE_NODE_RUN_SCRIPTS":""},"dockerRepository":"projects/africaphone-vente/locations/us-central1/repositories/gcf-artifacts","sourceProvenance":{"resolvedStorageSource":{"bucket":"gcf-v2-sources-203471818329-us-central1","object":"ssrafricaphoneorg/function-source.zip","generation":"1761667122534253"}},"dockerRegistry":"ARTIFACT_REGISTRY","serviceAccount":"projects/africaphone-vente/serviceAccounts/203471818329-compute@developer.gserviceaccount.com","automaticUpdatePolicy":{}},"serviceConfig":{"service":"projects/africaphone-vente/locations/us-central1/services/ssrafricaphoneorg","timeoutSeconds":60,"environmentVariables":{"VERCEL_URL":"africaphone-vente.web.app","__FIREBASE_FRAMEWORKS_ENTRY__":"next.js","__FIREBASE_DEFAULTS__":"{\"config\":{\"projectId\":\"africaphone-vente\",\"appId\":\"1:203471818329:web:d0e235db15917d8b596b48\",\"storageBucket\":\"africaphone-vente.firebasestorage.app\",\"apiKey\":\"AIzaSyCVmG85CJPSqPDueR1RnxSS5DLtW3QP0Zs\",\"authDomain\":\"africaphone-vente.firebaseapp.com\",\"messagingSenderId\":\"203471818329\",\"measurementId\":\"G-EYL8YL86KB\",\"projectNumber\":\"203471818329\",\"version\":\"2\"},\"_authTokenSyncURL\":\"/__session\"}","FIREBASE_CONFIG":"{\"projectId\":\"africaphone-vente\",\"storageBucket\":\"africaphone-vente.firebasestorage.app\"}","GCLOUD_PROJECT":"africaphone-vente","EVENTARC_CLOUD_EVENT_SOURCE":"projects/africaphone-vente/locations/us-central1/services/ssrafricaphoneorg","FUNCTION_TARGET":"ssrafricaphoneorg","LOG_EXECUTION_ID":"true"},"ingressSettings":"ALLOW_ALL","uri":"https://ssrafricaphoneorg-wmkbzzwcda-uc.a.run.app","serviceAccountEmail":"203471818329-compute@developer.gserviceaccount.com","availableMemory":"256Mi","allTrafficOnLatestRevision":true,"revision":"ssrafricaphoneorg-00029-xey","maxInstanceRequestConcurrency":80,"availableCpu":"1"},"state":"ACTIVE","labels":{"deployment-tool":"cli-firebase","firebase-functions-codebase":"firebase-frameworks-africaphone-org","firebase-functions-hash":"0762c105955aa1bd01cc81eb5895bb098a6df75a"},"environment":"GEN_2","url":"https://us-central1-africaphone-vente.cloudfunctions.net/ssrafricaphoneorg","satisfiesPzi":true},"stages":[{"name":"BUILD","message":"Build in progress","state":"IN_PROGRESS","resource":"projects/203471818329/locations/us-central1/builds/0edfd938-65fc-4e3e-bb9d-74a691cb296e","resourceUri":"https://console.cloud.google.com/cloud-build/builds;region=us-central1/0edfd938-65fc-4e3e-bb9d-74a691cb296e?project=203471818329"},{"name":"SERVICE","state":"NOT_STARTED"}],"operationType":"UPDATE_FUNCTION","buildName":"projects/203471818329/locations/us-central1/builds/0edfd938-65fc-4e3e-bb9d-74a691cb296e"},"done":false}
[debug] [2025-10-28T16:30:22.725Z] [update-firebase-frameworks-africaphone-org-us-central1-ssrafricaphoneorg] Retrying task index 0
[debug] [2025-10-28T16:30:22.725Z] Checked if tokens are valid: true, expires at: 1761670512006
[debug] [2025-10-28T16:30:22.726Z] Checked if tokens are valid: true, expires at: 1761670512006
[debug] [2025-10-28T16:30:22.726Z] >>> [apiv2][query] GET https://cloudfunctions.googleapis.com/v2/projects/africaphone-vente/locations/us-central1/operations/operation-1761668993442-6423a8690e37b-88e58107-bf42c591 [none]
[debug] [2025-10-28T16:30:23.818Z] <<< [apiv2][status] GET https://cloudfunctions.googleapis.com/v2/projects/africaphone-vente/locations/us-central1/operations/operation-1761668993442-6423a8690e37b-88e58107-bf42c591 200
[debug] [2025-10-28T16:30:23.818Z] <<< [apiv2][body] GET https://cloudfunctions.googleapis.com/v2/projects/africaphone-vente/locations/us-central1/operations/operation-1761668993442-6423a8690e37b-88e58107-bf42c591 {"name":"projects/africaphone-vente/locations/us-central1/operations/operation-1761668993442-6423a8690e37b-88e58107-bf42c591","metadata":{"@type":"type.googleapis.com/google.cloud.functions.v2.OperationMetadata","createTime":"2025-10-28T16:29:54.379600137Z","target":"projects/africaphone-vente/locations/us-central1/functions/ssrafricaphoneorg","verb":"update","cancelRequested":false,"apiVersion":"v2","requestResource":{"@type":"type.googleapis.com/google.cloud.functions.v2.Function","name":"projects/africaphone-vente/locations/us-central1/functions/ssrafricaphoneorg","buildConfig":{"runtime":"nodejs20","entryPoint":"ssrafricaphoneorg","source":{"storageSource":{"bucket":"gcf-v2-sources-203471818329-us-central1","object":"ssrafricaphoneorg/function-source.zip","generation":"1761668994284804"}},"environmentVariables":{"GOOGLE_NODE_RUN_SCRIPTS":""},"dockerRepository":"projects/africaphone-vente/locations/us-central1/repositories/gcf-artifacts","sourceProvenance":{"resolvedStorageSource":{"bucket":"gcf-v2-sources-203471818329-us-central1","object":"ssrafricaphoneorg/function-source.zip","generation":"1761667122534253"}},"dockerRegistry":"ARTIFACT_REGISTRY","serviceAccount":"projects/africaphone-vente/serviceAccounts/203471818329-compute@developer.gserviceaccount.com","automaticUpdatePolicy":{}},"serviceConfig":{"service":"projects/africaphone-vente/locations/us-central1/services/ssrafricaphoneorg","timeoutSeconds":60,"environmentVariables":{"VERCEL_URL":"africaphone-vente.web.app","__FIREBASE_FRAMEWORKS_ENTRY__":"next.js","__FIREBASE_DEFAULTS__":"{\"config\":{\"projectId\":\"africaphone-vente\",\"appId\":\"1:203471818329:web:d0e235db15917d8b596b48\",\"storageBucket\":\"africaphone-vente.firebasestorage.app\",\"apiKey\":\"AIzaSyCVmG85CJPSqPDueR1RnxSS5DLtW3QP0Zs\",\"authDomain\":\"africaphone-vente.firebaseapp.com\",\"messagingSenderId\":\"203471818329\",\"measurementId\":\"G-EYL8YL86KB\",\"projectNumber\":\"203471818329\",\"version\":\"2\"},\"_authTokenSyncURL\":\"/__session\"}","FIREBASE_CONFIG":"{\"projectId\":\"africaphone-vente\",\"storageBucket\":\"africaphone-vente.firebasestorage.app\"}","GCLOUD_PROJECT":"africaphone-vente","EVENTARC_CLOUD_EVENT_SOURCE":"projects/africaphone-vente/locations/us-central1/services/ssrafricaphoneorg","FUNCTION_TARGET":"ssrafricaphoneorg","LOG_EXECUTION_ID":"true"},"ingressSettings":"ALLOW_ALL","uri":"https://ssrafricaphoneorg-wmkbzzwcda-uc.a.run.app","serviceAccountEmail":"203471818329-compute@developer.gserviceaccount.com","availableMemory":"256Mi","allTrafficOnLatestRevision":true,"revision":"ssrafricaphoneorg-00029-xey","maxInstanceRequestConcurrency":80,"availableCpu":"1"},"state":"ACTIVE","labels":{"deployment-tool":"cli-firebase","firebase-functions-codebase":"firebase-frameworks-africaphone-org","firebase-functions-hash":"0762c105955aa1bd01cc81eb5895bb098a6df75a"},"environment":"GEN_2","url":"https://us-central1-africaphone-vente.cloudfunctions.net/ssrafricaphoneorg","satisfiesPzi":true},"stages":[{"name":"BUILD","message":"Build in progress","state":"IN_PROGRESS","resource":"projects/203471818329/locations/us-central1/builds/0edfd938-65fc-4e3e-bb9d-74a691cb296e","resourceUri":"https://console.cloud.google.com/cloud-build/builds;region=us-central1/0edfd938-65fc-4e3e-bb9d-74a691cb296e?project=203471818329"},{"name":"SERVICE","state":"NOT_STARTED"}],"operationType":"UPDATE_FUNCTION","buildName":"projects/203471818329/locations/us-central1/builds/0edfd938-65fc-4e3e-bb9d-74a691cb296e"},"done":false}
[debug] [2025-10-28T16:30:33.829Z] [update-firebase-frameworks-africaphone-org-us-central1-ssrafricaphoneorg] Retrying task index 0
[debug] [2025-10-28T16:30:33.830Z] Checked if tokens are valid: true, expires at: 1761670512006
[debug] [2025-10-28T16:30:33.830Z] Checked if tokens are valid: true, expires at: 1761670512006
[debug] [2025-10-28T16:30:33.832Z] >>> [apiv2][query] GET https://cloudfunctions.googleapis.com/v2/projects/africaphone-vente/locations/us-central1/operations/operation-1761668993442-6423a8690e37b-88e58107-bf42c591 [none]
[debug] [2025-10-28T16:30:34.861Z] <<< [apiv2][status] GET https://cloudfunctions.googleapis.com/v2/projects/africaphone-vente/locations/us-central1/operations/operation-1761668993442-6423a8690e37b-88e58107-bf42c591 200
[debug] [2025-10-28T16:30:34.861Z] <<< [apiv2][body] GET https://cloudfunctions.googleapis.com/v2/projects/africaphone-vente/locations/us-central1/operations/operation-1761668993442-6423a8690e37b-88e58107-bf42c591 {"name":"projects/africaphone-vente/locations/us-central1/operations/operation-1761668993442-6423a8690e37b-88e58107-bf42c591","metadata":{"@type":"type.googleapis.com/google.cloud.functions.v2.OperationMetadata","createTime":"2025-10-28T16:29:54.379600137Z","target":"projects/africaphone-vente/locations/us-central1/functions/ssrafricaphoneorg","verb":"update","cancelRequested":false,"apiVersion":"v2","requestResource":{"@type":"type.googleapis.com/google.cloud.functions.v2.Function","name":"projects/africaphone-vente/locations/us-central1/functions/ssrafricaphoneorg","buildConfig":{"runtime":"nodejs20","entryPoint":"ssrafricaphoneorg","source":{"storageSource":{"bucket":"gcf-v2-sources-203471818329-us-central1","object":"ssrafricaphoneorg/function-source.zip","generation":"1761668994284804"}},"environmentVariables":{"GOOGLE_NODE_RUN_SCRIPTS":""},"dockerRepository":"projects/africaphone-vente/locations/us-central1/repositories/gcf-artifacts","sourceProvenance":{"resolvedStorageSource":{"bucket":"gcf-v2-sources-203471818329-us-central1","object":"ssrafricaphoneorg/function-source.zip","generation":"1761667122534253"}},"dockerRegistry":"ARTIFACT_REGISTRY","serviceAccount":"projects/africaphone-vente/serviceAccounts/203471818329-compute@developer.gserviceaccount.com","automaticUpdatePolicy":{}},"serviceConfig":{"service":"projects/africaphone-vente/locations/us-central1/services/ssrafricaphoneorg","timeoutSeconds":60,"environmentVariables":{"VERCEL_URL":"africaphone-vente.web.app","__FIREBASE_FRAMEWORKS_ENTRY__":"next.js","__FIREBASE_DEFAULTS__":"{\"config\":{\"projectId\":\"africaphone-vente\",\"appId\":\"1:203471818329:web:d0e235db15917d8b596b48\",\"storageBucket\":\"africaphone-vente.firebasestorage.app\",\"apiKey\":\"AIzaSyCVmG85CJPSqPDueR1RnxSS5DLtW3QP0Zs\",\"authDomain\":\"africaphone-vente.firebaseapp.com\",\"messagingSenderId\":\"203471818329\",\"measurementId\":\"G-EYL8YL86KB\",\"projectNumber\":\"203471818329\",\"version\":\"2\"},\"_authTokenSyncURL\":\"/__session\"}","FIREBASE_CONFIG":"{\"projectId\":\"africaphone-vente\",\"storageBucket\":\"africaphone-vente.firebasestorage.app\"}","GCLOUD_PROJECT":"africaphone-vente","EVENTARC_CLOUD_EVENT_SOURCE":"projects/africaphone-vente/locations/us-central1/services/ssrafricaphoneorg","FUNCTION_TARGET":"ssrafricaphoneorg","LOG_EXECUTION_ID":"true"},"ingressSettings":"ALLOW_ALL","uri":"https://ssrafricaphoneorg-wmkbzzwcda-uc.a.run.app","serviceAccountEmail":"203471818329-compute@developer.gserviceaccount.com","availableMemory":"256Mi","allTrafficOnLatestRevision":true,"revision":"ssrafricaphoneorg-00029-xey","maxInstanceRequestConcurrency":80,"availableCpu":"1"},"state":"ACTIVE","labels":{"deployment-tool":"cli-firebase","firebase-functions-codebase":"firebase-frameworks-africaphone-org","firebase-functions-hash":"0762c105955aa1bd01cc81eb5895bb098a6df75a"},"environment":"GEN_2","url":"https://us-central1-africaphone-vente.cloudfunctions.net/ssrafricaphoneorg","satisfiesPzi":true},"stages":[{"name":"BUILD","message":"Build in progress","state":"IN_PROGRESS","resource":"projects/203471818329/locations/us-central1/builds/0edfd938-65fc-4e3e-bb9d-74a691cb296e","resourceUri":"https://console.cloud.google.com/cloud-build/builds;region=us-central1/0edfd938-65fc-4e3e-bb9d-74a691cb296e?project=203471818329"},{"name":"SERVICE","state":"NOT_STARTED"}],"operationType":"UPDATE_FUNCTION","buildName":"projects/203471818329/locations/us-central1/builds/0edfd938-65fc-4e3e-bb9d-74a691cb296e"},"done":false}
[debug] [2025-10-28T16:30:44.871Z] [update-firebase-frameworks-africaphone-org-us-central1-ssrafricaphoneorg] Retrying task index 0
[debug] [2025-10-28T16:30:44.873Z] Checked if tokens are valid: true, expires at: 1761670512006
[debug] [2025-10-28T16:30:44.873Z] Checked if tokens are valid: true, expires at: 1761670512006
[debug] [2025-10-28T16:30:44.874Z] >>> [apiv2][query] GET https://cloudfunctions.googleapis.com/v2/projects/africaphone-vente/locations/us-central1/operations/operation-1761668993442-6423a8690e37b-88e58107-bf42c591 [none]
[debug] [2025-10-28T16:30:45.948Z] <<< [apiv2][status] GET https://cloudfunctions.googleapis.com/v2/projects/africaphone-vente/locations/us-central1/operations/operation-1761668993442-6423a8690e37b-88e58107-bf42c591 200
[debug] [2025-10-28T16:30:45.948Z] <<< [apiv2][body] GET https://cloudfunctions.googleapis.com/v2/projects/africaphone-vente/locations/us-central1/operations/operation-1761668993442-6423a8690e37b-88e58107-bf42c591 {"name":"projects/africaphone-vente/locations/us-central1/operations/operation-1761668993442-6423a8690e37b-88e58107-bf42c591","metadata":{"@type":"type.googleapis.com/google.cloud.functions.v2.OperationMetadata","createTime":"2025-10-28T16:29:54.379600137Z","target":"projects/africaphone-vente/locations/us-central1/functions/ssrafricaphoneorg","verb":"update","cancelRequested":false,"apiVersion":"v2","requestResource":{"@type":"type.googleapis.com/google.cloud.functions.v2.Function","name":"projects/africaphone-vente/locations/us-central1/functions/ssrafricaphoneorg","buildConfig":{"runtime":"nodejs20","entryPoint":"ssrafricaphoneorg","source":{"storageSource":{"bucket":"gcf-v2-sources-203471818329-us-central1","object":"ssrafricaphoneorg/function-source.zip","generation":"1761668994284804"}},"environmentVariables":{"GOOGLE_NODE_RUN_SCRIPTS":""},"dockerRepository":"projects/africaphone-vente/locations/us-central1/repositories/gcf-artifacts","sourceProvenance":{"resolvedStorageSource":{"bucket":"gcf-v2-sources-203471818329-us-central1","object":"ssrafricaphoneorg/function-source.zip","generation":"1761667122534253"}},"dockerRegistry":"ARTIFACT_REGISTRY","serviceAccount":"projects/africaphone-vente/serviceAccounts/203471818329-compute@developer.gserviceaccount.com","automaticUpdatePolicy":{}},"serviceConfig":{"service":"projects/africaphone-vente/locations/us-central1/services/ssrafricaphoneorg","timeoutSeconds":60,"environmentVariables":{"VERCEL_URL":"africaphone-vente.web.app","__FIREBASE_FRAMEWORKS_ENTRY__":"next.js","__FIREBASE_DEFAULTS__":"{\"config\":{\"projectId\":\"africaphone-vente\",\"appId\":\"1:203471818329:web:d0e235db15917d8b596b48\",\"storageBucket\":\"africaphone-vente.firebasestorage.app\",\"apiKey\":\"AIzaSyCVmG85CJPSqPDueR1RnxSS5DLtW3QP0Zs\",\"authDomain\":\"africaphone-vente.firebaseapp.com\",\"messagingSenderId\":\"203471818329\",\"measurementId\":\"G-EYL8YL86KB\",\"projectNumber\":\"203471818329\",\"version\":\"2\"},\"_authTokenSyncURL\":\"/__session\"}","FIREBASE_CONFIG":"{\"projectId\":\"africaphone-vente\",\"storageBucket\":\"africaphone-vente.firebasestorage.app\"}","GCLOUD_PROJECT":"africaphone-vente","EVENTARC_CLOUD_EVENT_SOURCE":"projects/africaphone-vente/locations/us-central1/services/ssrafricaphoneorg","FUNCTION_TARGET":"ssrafricaphoneorg","LOG_EXECUTION_ID":"true"},"ingressSettings":"ALLOW_ALL","uri":"https://ssrafricaphoneorg-wmkbzzwcda-uc.a.run.app","serviceAccountEmail":"203471818329-compute@developer.gserviceaccount.com","availableMemory":"256Mi","allTrafficOnLatestRevision":true,"revision":"ssrafricaphoneorg-00029-xey","maxInstanceRequestConcurrency":80,"availableCpu":"1"},"state":"ACTIVE","labels":{"deployment-tool":"cli-firebase","firebase-functions-codebase":"firebase-frameworks-africaphone-org","firebase-functions-hash":"0762c105955aa1bd01cc81eb5895bb098a6df75a"},"environment":"GEN_2","url":"https://us-central1-africaphone-vente.cloudfunctions.net/ssrafricaphoneorg","satisfiesPzi":true},"stages":[{"name":"BUILD","message":"Build in progress","state":"IN_PROGRESS","resource":"projects/203471818329/locations/us-central1/builds/0edfd938-65fc-4e3e-bb9d-74a691cb296e","resourceUri":"https://console.cloud.google.com/cloud-build/builds;region=us-central1/0edfd938-65fc-4e3e-bb9d-74a691cb296e?project=203471818329"},{"name":"SERVICE","state":"NOT_STARTED"}],"operationType":"UPDATE_FUNCTION","buildName":"projects/203471818329/locations/us-central1/builds/0edfd938-65fc-4e3e-bb9d-74a691cb296e"},"done":false}
[debug] [2025-10-28T16:30:55.953Z] [update-firebase-frameworks-africaphone-org-us-central1-ssrafricaphoneorg] Retrying task index 0
[debug] [2025-10-28T16:30:55.954Z] Checked if tokens are valid: true, expires at: 1761670512006
[debug] [2025-10-28T16:30:55.958Z] Checked if tokens are valid: true, expires at: 1761670512006
[debug] [2025-10-28T16:30:55.959Z] >>> [apiv2][query] GET https://cloudfunctions.googleapis.com/v2/projects/africaphone-vente/locations/us-central1/operations/operation-1761668993442-6423a8690e37b-88e58107-bf42c591 [none]
[debug] [2025-10-28T16:30:56.511Z] <<< [apiv2][status] GET https://cloudfunctions.googleapis.com/v2/projects/africaphone-vente/locations/us-central1/operations/operation-1761668993442-6423a8690e37b-88e58107-bf42c591 200
[debug] [2025-10-28T16:30:56.511Z] <<< [apiv2][body] GET https://cloudfunctions.googleapis.com/v2/projects/africaphone-vente/locations/us-central1/operations/operation-1761668993442-6423a8690e37b-88e58107-bf42c591 {"name":"projects/africaphone-vente/locations/us-central1/operations/operation-1761668993442-6423a8690e37b-88e58107-bf42c591","metadata":{"@type":"type.googleapis.com/google.cloud.functions.v2.OperationMetadata","createTime":"2025-10-28T16:29:54.379600137Z","target":"projects/africaphone-vente/locations/us-central1/functions/ssrafricaphoneorg","verb":"update","cancelRequested":false,"apiVersion":"v2","requestResource":{"@type":"type.googleapis.com/google.cloud.functions.v2.Function","name":"projects/africaphone-vente/locations/us-central1/functions/ssrafricaphoneorg","buildConfig":{"runtime":"nodejs20","entryPoint":"ssrafricaphoneorg","source":{"storageSource":{"bucket":"gcf-v2-sources-203471818329-us-central1","object":"ssrafricaphoneorg/function-source.zip","generation":"1761668994284804"}},"environmentVariables":{"GOOGLE_NODE_RUN_SCRIPTS":""},"dockerRepository":"projects/africaphone-vente/locations/us-central1/repositories/gcf-artifacts","sourceProvenance":{"resolvedStorageSource":{"bucket":"gcf-v2-sources-203471818329-us-central1","object":"ssrafricaphoneorg/function-source.zip","generation":"1761667122534253"}},"dockerRegistry":"ARTIFACT_REGISTRY","serviceAccount":"projects/africaphone-vente/serviceAccounts/203471818329-compute@developer.gserviceaccount.com","automaticUpdatePolicy":{}},"serviceConfig":{"service":"projects/africaphone-vente/locations/us-central1/services/ssrafricaphoneorg","timeoutSeconds":60,"environmentVariables":{"VERCEL_URL":"africaphone-vente.web.app","__FIREBASE_FRAMEWORKS_ENTRY__":"next.js","__FIREBASE_DEFAULTS__":"{\"config\":{\"projectId\":\"africaphone-vente\",\"appId\":\"1:203471818329:web:d0e235db15917d8b596b48\",\"storageBucket\":\"africaphone-vente.firebasestorage.app\",\"apiKey\":\"AIzaSyCVmG85CJPSqPDueR1RnxSS5DLtW3QP0Zs\",\"authDomain\":\"africaphone-vente.firebaseapp.com\",\"messagingSenderId\":\"203471818329\",\"measurementId\":\"G-EYL8YL86KB\",\"projectNumber\":\"203471818329\",\"version\":\"2\"},\"_authTokenSyncURL\":\"/__session\"}","FIREBASE_CONFIG":"{\"projectId\":\"africaphone-vente\",\"storageBucket\":\"africaphone-vente.firebasestorage.app\"}","GCLOUD_PROJECT":"africaphone-vente","EVENTARC_CLOUD_EVENT_SOURCE":"projects/africaphone-vente/locations/us-central1/services/ssrafricaphoneorg","FUNCTION_TARGET":"ssrafricaphoneorg","LOG_EXECUTION_ID":"true"},"ingressSettings":"ALLOW_ALL","uri":"https://ssrafricaphoneorg-wmkbzzwcda-uc.a.run.app","serviceAccountEmail":"203471818329-compute@developer.gserviceaccount.com","availableMemory":"256Mi","allTrafficOnLatestRevision":true,"revision":"ssrafricaphoneorg-00029-xey","maxInstanceRequestConcurrency":80,"availableCpu":"1"},"state":"ACTIVE","labels":{"deployment-tool":"cli-firebase","firebase-functions-codebase":"firebase-frameworks-africaphone-org","firebase-functions-hash":"0762c105955aa1bd01cc81eb5895bb098a6df75a"},"environment":"GEN_2","url":"https://us-central1-africaphone-vente.cloudfunctions.net/ssrafricaphoneorg","satisfiesPzi":true},"stages":[{"name":"BUILD","message":"Build in progress","state":"IN_PROGRESS","resource":"projects/203471818329/locations/us-central1/builds/0edfd938-65fc-4e3e-bb9d-74a691cb296e","resourceUri":"https://console.cloud.google.com/cloud-build/builds;region=us-central1/0edfd938-65fc-4e3e-bb9d-74a691cb296e?project=203471818329"},{"name":"SERVICE","state":"NOT_STARTED"}],"operationType":"UPDATE_FUNCTION","buildName":"projects/203471818329/locations/us-central1/builds/0edfd938-65fc-4e3e-bb9d-74a691cb296e"},"done":false}
[debug] [2025-10-28T16:31:06.525Z] [update-firebase-frameworks-africaphone-org-us-central1-ssrafricaphoneorg] Retrying task index 0
[debug] [2025-10-28T16:31:06.527Z] Checked if tokens are valid: true, expires at: 1761670512006
[debug] [2025-10-28T16:31:06.527Z] Checked if tokens are valid: true, expires at: 1761670512006
[debug] [2025-10-28T16:31:06.527Z] >>> [apiv2][query] GET https://cloudfunctions.googleapis.com/v2/projects/africaphone-vente/locations/us-central1/operations/operation-1761668993442-6423a8690e37b-88e58107-bf42c591 [none]
[debug] [2025-10-28T16:31:07.012Z] <<< [apiv2][status] GET https://cloudfunctions.googleapis.com/v2/projects/africaphone-vente/locations/us-central1/operations/operation-1761668993442-6423a8690e37b-88e58107-bf42c591 200
[debug] [2025-10-28T16:31:07.012Z] <<< [apiv2][body] GET https://cloudfunctions.googleapis.com/v2/projects/africaphone-vente/locations/us-central1/operations/operation-1761668993442-6423a8690e37b-88e58107-bf42c591 {"name":"projects/africaphone-vente/locations/us-central1/operations/operation-1761668993442-6423a8690e37b-88e58107-bf42c591","metadata":{"@type":"type.googleapis.com/google.cloud.functions.v2.OperationMetadata","createTime":"2025-10-28T16:29:54.379600137Z","target":"projects/africaphone-vente/locations/us-central1/functions/ssrafricaphoneorg","verb":"update","cancelRequested":false,"apiVersion":"v2","requestResource":{"@type":"type.googleapis.com/google.cloud.functions.v2.Function","name":"projects/africaphone-vente/locations/us-central1/functions/ssrafricaphoneorg","buildConfig":{"runtime":"nodejs20","entryPoint":"ssrafricaphoneorg","source":{"storageSource":{"bucket":"gcf-v2-sources-203471818329-us-central1","object":"ssrafricaphoneorg/function-source.zip","generation":"1761668994284804"}},"environmentVariables":{"GOOGLE_NODE_RUN_SCRIPTS":""},"dockerRepository":"projects/africaphone-vente/locations/us-central1/repositories/gcf-artifacts","sourceProvenance":{"resolvedStorageSource":{"bucket":"gcf-v2-sources-203471818329-us-central1","object":"ssrafricaphoneorg/function-source.zip","generation":"1761667122534253"}},"dockerRegistry":"ARTIFACT_REGISTRY","serviceAccount":"projects/africaphone-vente/serviceAccounts/203471818329-compute@developer.gserviceaccount.com","automaticUpdatePolicy":{}},"serviceConfig":{"service":"projects/africaphone-vente/locations/us-central1/services/ssrafricaphoneorg","timeoutSeconds":60,"environmentVariables":{"VERCEL_URL":"africaphone-vente.web.app","__FIREBASE_FRAMEWORKS_ENTRY__":"next.js","__FIREBASE_DEFAULTS__":"{\"config\":{\"projectId\":\"africaphone-vente\",\"appId\":\"1:203471818329:web:d0e235db15917d8b596b48\",\"storageBucket\":\"africaphone-vente.firebasestorage.app\",\"apiKey\":\"AIzaSyCVmG85CJPSqPDueR1RnxSS5DLtW3QP0Zs\",\"authDomain\":\"africaphone-vente.firebaseapp.com\",\"messagingSenderId\":\"203471818329\",\"measurementId\":\"G-EYL8YL86KB\",\"projectNumber\":\"203471818329\",\"version\":\"2\"},\"_authTokenSyncURL\":\"/__session\"}","FIREBASE_CONFIG":"{\"projectId\":\"africaphone-vente\",\"storageBucket\":\"africaphone-vente.firebasestorage.app\"}","GCLOUD_PROJECT":"africaphone-vente","EVENTARC_CLOUD_EVENT_SOURCE":"projects/africaphone-vente/locations/us-central1/services/ssrafricaphoneorg","FUNCTION_TARGET":"ssrafricaphoneorg","LOG_EXECUTION_ID":"true"},"ingressSettings":"ALLOW_ALL","uri":"https://ssrafricaphoneorg-wmkbzzwcda-uc.a.run.app","serviceAccountEmail":"203471818329-compute@developer.gserviceaccount.com","availableMemory":"256Mi","allTrafficOnLatestRevision":true,"revision":"ssrafricaphoneorg-00029-xey","maxInstanceRequestConcurrency":80,"availableCpu":"1"},"state":"ACTIVE","labels":{"deployment-tool":"cli-firebase","firebase-functions-codebase":"firebase-frameworks-africaphone-org","firebase-functions-hash":"0762c105955aa1bd01cc81eb5895bb098a6df75a"},"environment":"GEN_2","url":"https://us-central1-africaphone-vente.cloudfunctions.net/ssrafricaphoneorg","satisfiesPzi":true},"stages":[{"name":"BUILD","message":"Build in progress","state":"IN_PROGRESS","resource":"projects/203471818329/locations/us-central1/builds/0edfd938-65fc-4e3e-bb9d-74a691cb296e","resourceUri":"https://console.cloud.google.com/cloud-build/builds;region=us-central1/0edfd938-65fc-4e3e-bb9d-74a691cb296e?project=203471818329"},{"name":"SERVICE","state":"NOT_STARTED"}],"operationType":"UPDATE_FUNCTION","buildName":"projects/203471818329/locations/us-central1/builds/0edfd938-65fc-4e3e-bb9d-74a691cb296e"},"done":false}
[debug] [2025-10-28T16:31:17.030Z] [update-firebase-frameworks-africaphone-org-us-central1-ssrafricaphoneorg] Retrying task index 0
[debug] [2025-10-28T16:31:17.031Z] Checked if tokens are valid: true, expires at: 1761670512006
[debug] [2025-10-28T16:31:17.031Z] Checked if tokens are valid: true, expires at: 1761670512006
[debug] [2025-10-28T16:31:17.031Z] >>> [apiv2][query] GET https://cloudfunctions.googleapis.com/v2/projects/africaphone-vente/locations/us-central1/operations/operation-1761668993442-6423a8690e37b-88e58107-bf42c591 [none]
[debug] [2025-10-28T16:31:18.187Z] <<< [apiv2][status] GET https://cloudfunctions.googleapis.com/v2/projects/africaphone-vente/locations/us-central1/operations/operation-1761668993442-6423a8690e37b-88e58107-bf42c591 200
[debug] [2025-10-28T16:31:18.187Z] <<< [apiv2][body] GET https://cloudfunctions.googleapis.com/v2/projects/africaphone-vente/locations/us-central1/operations/operation-1761668993442-6423a8690e37b-88e58107-bf42c591 {"name":"projects/africaphone-vente/locations/us-central1/operations/operation-1761668993442-6423a8690e37b-88e58107-bf42c591","metadata":{"@type":"type.googleapis.com/google.cloud.functions.v2.OperationMetadata","createTime":"2025-10-28T16:29:54.379600137Z","target":"projects/africaphone-vente/locations/us-central1/functions/ssrafricaphoneorg","verb":"update","cancelRequested":false,"apiVersion":"v2","requestResource":{"@type":"type.googleapis.com/google.cloud.functions.v2.Function","name":"projects/africaphone-vente/locations/us-central1/functions/ssrafricaphoneorg","buildConfig":{"runtime":"nodejs20","entryPoint":"ssrafricaphoneorg","source":{"storageSource":{"bucket":"gcf-v2-sources-203471818329-us-central1","object":"ssrafricaphoneorg/function-source.zip","generation":"1761668994284804"}},"environmentVariables":{"GOOGLE_NODE_RUN_SCRIPTS":""},"dockerRepository":"projects/africaphone-vente/locations/us-central1/repositories/gcf-artifacts","sourceProvenance":{"resolvedStorageSource":{"bucket":"gcf-v2-sources-203471818329-us-central1","object":"ssrafricaphoneorg/function-source.zip","generation":"1761667122534253"}},"dockerRegistry":"ARTIFACT_REGISTRY","serviceAccount":"projects/africaphone-vente/serviceAccounts/203471818329-compute@developer.gserviceaccount.com","automaticUpdatePolicy":{}},"serviceConfig":{"service":"projects/africaphone-vente/locations/us-central1/services/ssrafricaphoneorg","timeoutSeconds":60,"environmentVariables":{"VERCEL_URL":"africaphone-vente.web.app","__FIREBASE_FRAMEWORKS_ENTRY__":"next.js","__FIREBASE_DEFAULTS__":"{\"config\":{\"projectId\":\"africaphone-vente\",\"appId\":\"1:203471818329:web:d0e235db15917d8b596b48\",\"storageBucket\":\"africaphone-vente.firebasestorage.app\",\"apiKey\":\"AIzaSyCVmG85CJPSqPDueR1RnxSS5DLtW3QP0Zs\",\"authDomain\":\"africaphone-vente.firebaseapp.com\",\"messagingSenderId\":\"203471818329\",\"measurementId\":\"G-EYL8YL86KB\",\"projectNumber\":\"203471818329\",\"version\":\"2\"},\"_authTokenSyncURL\":\"/__session\"}","FIREBASE_CONFIG":"{\"projectId\":\"africaphone-vente\",\"storageBucket\":\"africaphone-vente.firebasestorage.app\"}","GCLOUD_PROJECT":"africaphone-vente","EVENTARC_CLOUD_EVENT_SOURCE":"projects/africaphone-vente/locations/us-central1/services/ssrafricaphoneorg","FUNCTION_TARGET":"ssrafricaphoneorg","LOG_EXECUTION_ID":"true"},"ingressSettings":"ALLOW_ALL","uri":"https://ssrafricaphoneorg-wmkbzzwcda-uc.a.run.app","serviceAccountEmail":"203471818329-compute@developer.gserviceaccount.com","availableMemory":"256Mi","allTrafficOnLatestRevision":true,"revision":"ssrafricaphoneorg-00029-xey","maxInstanceRequestConcurrency":80,"availableCpu":"1"},"state":"ACTIVE","labels":{"deployment-tool":"cli-firebase","firebase-functions-codebase":"firebase-frameworks-africaphone-org","firebase-functions-hash":"0762c105955aa1bd01cc81eb5895bb098a6df75a"},"environment":"GEN_2","url":"https://us-central1-africaphone-vente.cloudfunctions.net/ssrafricaphoneorg","satisfiesPzi":true},"stages":[{"name":"BUILD","message":"Build in progress","state":"IN_PROGRESS","resource":"projects/203471818329/locations/us-central1/builds/0edfd938-65fc-4e3e-bb9d-74a691cb296e","resourceUri":"https://console.cloud.google.com/cloud-build/builds;region=us-central1/0edfd938-65fc-4e3e-bb9d-74a691cb296e?project=203471818329"},{"name":"SERVICE","state":"NOT_STARTED"}],"operationType":"UPDATE_FUNCTION","buildName":"projects/203471818329/locations/us-central1/builds/0edfd938-65fc-4e3e-bb9d-74a691cb296e"},"done":false}
[debug] [2025-10-28T16:31:28.200Z] [update-firebase-frameworks-africaphone-org-us-central1-ssrafricaphoneorg] Retrying task index 0
[debug] [2025-10-28T16:31:28.201Z] Checked if tokens are valid: true, expires at: 1761670512006
[debug] [2025-10-28T16:31:28.201Z] Checked if tokens are valid: true, expires at: 1761670512006
[debug] [2025-10-28T16:31:28.202Z] >>> [apiv2][query] GET https://cloudfunctions.googleapis.com/v2/projects/africaphone-vente/locations/us-central1/operations/operation-1761668993442-6423a8690e37b-88e58107-bf42c591 [none]
[debug] [2025-10-28T16:31:28.831Z] <<< [apiv2][status] GET https://cloudfunctions.googleapis.com/v2/projects/africaphone-vente/locations/us-central1/operations/operation-1761668993442-6423a8690e37b-88e58107-bf42c591 200
[debug] [2025-10-28T16:31:28.831Z] <<< [apiv2][body] GET https://cloudfunctions.googleapis.com/v2/projects/africaphone-vente/locations/us-central1/operations/operation-1761668993442-6423a8690e37b-88e58107-bf42c591 {"name":"projects/africaphone-vente/locations/us-central1/operations/operation-1761668993442-6423a8690e37b-88e58107-bf42c591","metadata":{"@type":"type.googleapis.com/google.cloud.functions.v2.OperationMetadata","createTime":"2025-10-28T16:29:54.379600137Z","target":"projects/africaphone-vente/locations/us-central1/functions/ssrafricaphoneorg","verb":"update","cancelRequested":false,"apiVersion":"v2","requestResource":{"@type":"type.googleapis.com/google.cloud.functions.v2.Function","name":"projects/africaphone-vente/locations/us-central1/functions/ssrafricaphoneorg","buildConfig":{"runtime":"nodejs20","entryPoint":"ssrafricaphoneorg","source":{"storageSource":{"bucket":"gcf-v2-sources-203471818329-us-central1","object":"ssrafricaphoneorg/function-source.zip","generation":"1761668994284804"}},"environmentVariables":{"GOOGLE_NODE_RUN_SCRIPTS":""},"dockerRepository":"projects/africaphone-vente/locations/us-central1/repositories/gcf-artifacts","sourceProvenance":{"resolvedStorageSource":{"bucket":"gcf-v2-sources-203471818329-us-central1","object":"ssrafricaphoneorg/function-source.zip","generation":"1761667122534253"}},"dockerRegistry":"ARTIFACT_REGISTRY","serviceAccount":"projects/africaphone-vente/serviceAccounts/203471818329-compute@developer.gserviceaccount.com","automaticUpdatePolicy":{}},"serviceConfig":{"service":"projects/africaphone-vente/locations/us-central1/services/ssrafricaphoneorg","timeoutSeconds":60,"environmentVariables":{"VERCEL_URL":"africaphone-vente.web.app","__FIREBASE_FRAMEWORKS_ENTRY__":"next.js","__FIREBASE_DEFAULTS__":"{\"config\":{\"projectId\":\"africaphone-vente\",\"appId\":\"1:203471818329:web:d0e235db15917d8b596b48\",\"storageBucket\":\"africaphone-vente.firebasestorage.app\",\"apiKey\":\"AIzaSyCVmG85CJPSqPDueR1RnxSS5DLtW3QP0Zs\",\"authDomain\":\"africaphone-vente.firebaseapp.com\",\"messagingSenderId\":\"203471818329\",\"measurementId\":\"G-EYL8YL86KB\",\"projectNumber\":\"203471818329\",\"version\":\"2\"},\"_authTokenSyncURL\":\"/__session\"}","FIREBASE_CONFIG":"{\"projectId\":\"africaphone-vente\",\"storageBucket\":\"africaphone-vente.firebasestorage.app\"}","GCLOUD_PROJECT":"africaphone-vente","EVENTARC_CLOUD_EVENT_SOURCE":"projects/africaphone-vente/locations/us-central1/services/ssrafricaphoneorg","FUNCTION_TARGET":"ssrafricaphoneorg","LOG_EXECUTION_ID":"true"},"ingressSettings":"ALLOW_ALL","uri":"https://ssrafricaphoneorg-wmkbzzwcda-uc.a.run.app","serviceAccountEmail":"203471818329-compute@developer.gserviceaccount.com","availableMemory":"256Mi","allTrafficOnLatestRevision":true,"revision":"ssrafricaphoneorg-00029-xey","maxInstanceRequestConcurrency":80,"availableCpu":"1"},"state":"ACTIVE","labels":{"deployment-tool":"cli-firebase","firebase-functions-codebase":"firebase-frameworks-africaphone-org","firebase-functions-hash":"0762c105955aa1bd01cc81eb5895bb098a6df75a"},"environment":"GEN_2","url":"https://us-central1-africaphone-vente.cloudfunctions.net/ssrafricaphoneorg","satisfiesPzi":true},"stages":[{"name":"BUILD","message":"Build in progress","state":"IN_PROGRESS","resource":"projects/203471818329/locations/us-central1/builds/0edfd938-65fc-4e3e-bb9d-74a691cb296e","resourceUri":"https://console.cloud.google.com/cloud-build/builds;region=us-central1/0edfd938-65fc-4e3e-bb9d-74a691cb296e?project=203471818329"},{"name":"SERVICE","state":"NOT_STARTED"}],"operationType":"UPDATE_FUNCTION","buildName":"projects/203471818329/locations/us-central1/builds/0edfd938-65fc-4e3e-bb9d-74a691cb296e"},"done":false}
[debug] [2025-10-28T16:31:38.833Z] [update-firebase-frameworks-africaphone-org-us-central1-ssrafricaphoneorg] Retrying task index 0
[debug] [2025-10-28T16:31:38.833Z] Checked if tokens are valid: true, expires at: 1761670512006
[debug] [2025-10-28T16:31:38.834Z] Checked if tokens are valid: true, expires at: 1761670512006
[debug] [2025-10-28T16:31:38.834Z] >>> [apiv2][query] GET https://cloudfunctions.googleapis.com/v2/projects/africaphone-vente/locations/us-central1/operations/operation-1761668993442-6423a8690e37b-88e58107-bf42c591 [none]
[debug] [2025-10-28T16:31:40.114Z] <<< [apiv2][status] GET https://cloudfunctions.googleapis.com/v2/projects/africaphone-vente/locations/us-central1/operations/operation-1761668993442-6423a8690e37b-88e58107-bf42c591 200
[debug] [2025-10-28T16:31:40.114Z] <<< [apiv2][body] GET https://cloudfunctions.googleapis.com/v2/projects/africaphone-vente/locations/us-central1/operations/operation-1761668993442-6423a8690e37b-88e58107-bf42c591 {"name":"projects/africaphone-vente/locations/us-central1/operations/operation-1761668993442-6423a8690e37b-88e58107-bf42c591","metadata":{"@type":"type.googleapis.com/google.cloud.functions.v2.OperationMetadata","createTime":"2025-10-28T16:29:54.379600137Z","target":"projects/africaphone-vente/locations/us-central1/functions/ssrafricaphoneorg","verb":"update","cancelRequested":false,"apiVersion":"v2","requestResource":{"@type":"type.googleapis.com/google.cloud.functions.v2.Function","name":"projects/africaphone-vente/locations/us-central1/functions/ssrafricaphoneorg","buildConfig":{"runtime":"nodejs20","entryPoint":"ssrafricaphoneorg","source":{"storageSource":{"bucket":"gcf-v2-sources-203471818329-us-central1","object":"ssrafricaphoneorg/function-source.zip","generation":"1761668994284804"}},"environmentVariables":{"GOOGLE_NODE_RUN_SCRIPTS":""},"dockerRepository":"projects/africaphone-vente/locations/us-central1/repositories/gcf-artifacts","sourceProvenance":{"resolvedStorageSource":{"bucket":"gcf-v2-sources-203471818329-us-central1","object":"ssrafricaphoneorg/function-source.zip","generation":"1761667122534253"}},"dockerRegistry":"ARTIFACT_REGISTRY","serviceAccount":"projects/africaphone-vente/serviceAccounts/203471818329-compute@developer.gserviceaccount.com","automaticUpdatePolicy":{}},"serviceConfig":{"service":"projects/africaphone-vente/locations/us-central1/services/ssrafricaphoneorg","timeoutSeconds":60,"environmentVariables":{"VERCEL_URL":"africaphone-vente.web.app","__FIREBASE_FRAMEWORKS_ENTRY__":"next.js","__FIREBASE_DEFAULTS__":"{\"config\":{\"projectId\":\"africaphone-vente\",\"appId\":\"1:203471818329:web:d0e235db15917d8b596b48\",\"storageBucket\":\"africaphone-vente.firebasestorage.app\",\"apiKey\":\"AIzaSyCVmG85CJPSqPDueR1RnxSS5DLtW3QP0Zs\",\"authDomain\":\"africaphone-vente.firebaseapp.com\",\"messagingSenderId\":\"203471818329\",\"measurementId\":\"G-EYL8YL86KB\",\"projectNumber\":\"203471818329\",\"version\":\"2\"},\"_authTokenSyncURL\":\"/__session\"}","FIREBASE_CONFIG":"{\"projectId\":\"africaphone-vente\",\"storageBucket\":\"africaphone-vente.firebasestorage.app\"}","GCLOUD_PROJECT":"africaphone-vente","EVENTARC_CLOUD_EVENT_SOURCE":"projects/africaphone-vente/locations/us-central1/services/ssrafricaphoneorg","FUNCTION_TARGET":"ssrafricaphoneorg","LOG_EXECUTION_ID":"true"},"ingressSettings":"ALLOW_ALL","uri":"https://ssrafricaphoneorg-wmkbzzwcda-uc.a.run.app","serviceAccountEmail":"203471818329-compute@developer.gserviceaccount.com","availableMemory":"256Mi","allTrafficOnLatestRevision":true,"revision":"ssrafricaphoneorg-00029-xey","maxInstanceRequestConcurrency":80,"availableCpu":"1"},"state":"ACTIVE","labels":{"deployment-tool":"cli-firebase","firebase-functions-codebase":"firebase-frameworks-africaphone-org","firebase-functions-hash":"0762c105955aa1bd01cc81eb5895bb098a6df75a"},"environment":"GEN_2","url":"https://us-central1-africaphone-vente.cloudfunctions.net/ssrafricaphoneorg","satisfiesPzi":true},"stages":[{"name":"BUILD","message":"Build finished","state":"COMPLETE","resource":"projects/203471818329/locations/us-central1/builds/0edfd938-65fc-4e3e-bb9d-74a691cb296e","resourceUri":"https://console.cloud.google.com/cloud-build/builds;region=us-central1/0edfd938-65fc-4e3e-bb9d-74a691cb296e?project=203471818329"},{"name":"SERVICE","message":"Updating Cloud Run service","state":"IN_PROGRESS","resource":"projects/africaphone-vente/locations/us-central1/services/ssrafricaphoneorg","resourceUri":"https://console.cloud.google.com/run/detail/us-central1/ssrafricaphoneorg?project=africaphone-vente","stateMessages":[{"severity":"INFO","type":"CloudRunServiceNewRevisionTrafficInfo","message":"A new revision will be deployed serving with 100% traffic."}]}],"sourceToken":"Cldwcm9qZWN0cy8yMDM0NzE4MTgzMjkvbG9jYXRpb25zL3VzLWNlbnRyYWwxL2J1aWxkcy8wZWRmZDkzOC02NWZjLTRlM2UtYmI5ZC03NGE2OTFjYjI5NmUSeHVzLWNlbnRyYWwxLWRvY2tlci5wa2cuZGV2L2FmcmljYXBob25lLXZlbnRlL2djZi1hcnRpZmFjdHMvYWZyaWNhcGhvbmUtLXZlbnRlX191cy0tY2VudHJhbDFfX3NzcmFmcmljYXBob25lb3JnOnZlcnNpb25fMRjZnPb+9QUiTHByb2plY3RzL2FmcmljYXBob25lLXZlbnRlL2xvY2F0aW9ucy91cy1jZW50cmFsMS9mdW5jdGlvbnMvc3NyYWZyaWNhcGhvbmVvcmcqDAjm34PIBhCA8eCCAzIIbm9kZWpzMjA6dgojZ2NyLmlvL2dhZS1ydW50aW1lcy9ub2RlanMyMDpzdGFibGUST3VzLWNlbnRyYWwxLWRvY2tlci5wa2cuZGV2L3NlcnZlcmxlc3MtcnVudGltZXMvZ29vZ2xlLTIyLWZ1bGwvcnVudGltZXMvbm9kZWpzMjBAAQ==","operationType":"UPDATE_FUNCTION","buildName":"projects/203471818329/locations/us-central1/builds/0edfd938-65fc-4e3e-bb9d-74a691cb296e"},"done":false}
[debug] [2025-10-28T16:31:40.115Z] Got source token Cldwcm9qZWN0cy8yMDM0NzE4MTgzMjkvbG9jYXRpb25zL3VzLWNlbnRyYWwxL2J1aWxkcy8wZWRmZDkzOC02NWZjLTRlM2UtYmI5ZC03NGE2OTFjYjI5NmUSeHVzLWNlbnRyYWwxLWRvY2tlci5wa2cuZGV2L2FmcmljYXBob25lLXZlbnRlL2djZi1hcnRpZmFjdHMvYWZyaWNhcGhvbmUtLXZlbnRlX191cy0tY2VudHJhbDFfX3NzcmFmcmljYXBob25lb3JnOnZlcnNpb25fMRjZnPb+9QUiTHByb2plY3RzL2FmcmljYXBob25lLXZlbnRlL2xvY2F0aW9ucy91cy1jZW50cmFsMS9mdW5jdGlvbnMvc3NyYWZyaWNhcGhvbmVvcmcqDAjm34PIBhCA8eCCAzIIbm9kZWpzMjA6dgojZ2NyLmlvL2dhZS1ydW50aW1lcy9ub2RlanMyMDpzdGFibGUST3VzLWNlbnRyYWwxLWRvY2tlci5wa2cuZGV2L3NlcnZlcmxlc3MtcnVudGltZXMvZ29vZ2xlLTIyLWZ1bGwvcnVudGltZXMvbm9kZWpzMjBAAQ== for region us-central1
[debug] [2025-10-28T16:31:50.120Z] [update-firebase-frameworks-africaphone-org-us-central1-ssrafricaphoneorg] Retrying task index 0
[debug] [2025-10-28T16:31:50.120Z] Checked if tokens are valid: true, expires at: 1761670512006
[debug] [2025-10-28T16:31:50.120Z] Checked if tokens are valid: true, expires at: 1761670512006
[debug] [2025-10-28T16:31:50.121Z] >>> [apiv2][query] GET https://cloudfunctions.googleapis.com/v2/projects/africaphone-vente/locations/us-central1/operations/operation-1761668993442-6423a8690e37b-88e58107-bf42c591 [none]
[debug] [2025-10-28T16:31:51.203Z] <<< [apiv2][status] GET https://cloudfunctions.googleapis.com/v2/projects/africaphone-vente/locations/us-central1/operations/operation-1761668993442-6423a8690e37b-88e58107-bf42c591 200
[debug] [2025-10-28T16:31:51.203Z] <<< [apiv2][body] GET https://cloudfunctions.googleapis.com/v2/projects/africaphone-vente/locations/us-central1/operations/operation-1761668993442-6423a8690e37b-88e58107-bf42c591 {"name":"projects/africaphone-vente/locations/us-central1/operations/operation-1761668993442-6423a8690e37b-88e58107-bf42c591","metadata":{"@type":"type.googleapis.com/google.cloud.functions.v2.OperationMetadata","createTime":"2025-10-28T16:29:54.379600137Z","target":"projects/africaphone-vente/locations/us-central1/functions/ssrafricaphoneorg","verb":"update","cancelRequested":false,"apiVersion":"v2","requestResource":{"@type":"type.googleapis.com/google.cloud.functions.v2.Function","name":"projects/africaphone-vente/locations/us-central1/functions/ssrafricaphoneorg","buildConfig":{"runtime":"nodejs20","entryPoint":"ssrafricaphoneorg","source":{"storageSource":{"bucket":"gcf-v2-sources-203471818329-us-central1","object":"ssrafricaphoneorg/function-source.zip","generation":"1761668994284804"}},"environmentVariables":{"GOOGLE_NODE_RUN_SCRIPTS":""},"dockerRepository":"projects/africaphone-vente/locations/us-central1/repositories/gcf-artifacts","sourceProvenance":{"resolvedStorageSource":{"bucket":"gcf-v2-sources-203471818329-us-central1","object":"ssrafricaphoneorg/function-source.zip","generation":"1761667122534253"}},"dockerRegistry":"ARTIFACT_REGISTRY","serviceAccount":"projects/africaphone-vente/serviceAccounts/203471818329-compute@developer.gserviceaccount.com","automaticUpdatePolicy":{}},"serviceConfig":{"service":"projects/africaphone-vente/locations/us-central1/services/ssrafricaphoneorg","timeoutSeconds":60,"environmentVariables":{"VERCEL_URL":"africaphone-vente.web.app","__FIREBASE_FRAMEWORKS_ENTRY__":"next.js","__FIREBASE_DEFAULTS__":"{\"config\":{\"projectId\":\"africaphone-vente\",\"appId\":\"1:203471818329:web:d0e235db15917d8b596b48\",\"storageBucket\":\"africaphone-vente.firebasestorage.app\",\"apiKey\":\"AIzaSyCVmG85CJPSqPDueR1RnxSS5DLtW3QP0Zs\",\"authDomain\":\"africaphone-vente.firebaseapp.com\",\"messagingSenderId\":\"203471818329\",\"measurementId\":\"G-EYL8YL86KB\",\"projectNumber\":\"203471818329\",\"version\":\"2\"},\"_authTokenSyncURL\":\"/__session\"}","FIREBASE_CONFIG":"{\"projectId\":\"africaphone-vente\",\"storageBucket\":\"africaphone-vente.firebasestorage.app\"}","GCLOUD_PROJECT":"africaphone-vente","EVENTARC_CLOUD_EVENT_SOURCE":"projects/africaphone-vente/locations/us-central1/services/ssrafricaphoneorg","FUNCTION_TARGET":"ssrafricaphoneorg","LOG_EXECUTION_ID":"true"},"ingressSettings":"ALLOW_ALL","uri":"https://ssrafricaphoneorg-wmkbzzwcda-uc.a.run.app","serviceAccountEmail":"203471818329-compute@developer.gserviceaccount.com","availableMemory":"256Mi","allTrafficOnLatestRevision":true,"revision":"ssrafricaphoneorg-00029-xey","maxInstanceRequestConcurrency":80,"availableCpu":"1"},"state":"ACTIVE","labels":{"deployment-tool":"cli-firebase","firebase-functions-codebase":"firebase-frameworks-africaphone-org","firebase-functions-hash":"0762c105955aa1bd01cc81eb5895bb098a6df75a"},"environment":"GEN_2","url":"https://us-central1-africaphone-vente.cloudfunctions.net/ssrafricaphoneorg","satisfiesPzi":true},"stages":[{"name":"BUILD","message":"Build finished","state":"COMPLETE","resource":"projects/203471818329/locations/us-central1/builds/0edfd938-65fc-4e3e-bb9d-74a691cb296e","resourceUri":"https://console.cloud.google.com/cloud-build/builds;region=us-central1/0edfd938-65fc-4e3e-bb9d-74a691cb296e?project=203471818329"},{"name":"SERVICE","message":"Updating Cloud Run service","state":"IN_PROGRESS","resource":"projects/africaphone-vente/locations/us-central1/services/ssrafricaphoneorg","resourceUri":"https://console.cloud.google.com/run/detail/us-central1/ssrafricaphoneorg?project=africaphone-vente","stateMessages":[{"severity":"INFO","type":"CloudRunServiceNewRevisionTrafficInfo","message":"A new revision will be deployed serving with 100% traffic."}]}],"sourceToken":"Cldwcm9qZWN0cy8yMDM0NzE4MTgzMjkvbG9jYXRpb25zL3VzLWNlbnRyYWwxL2J1aWxkcy8wZWRmZDkzOC02NWZjLTRlM2UtYmI5ZC03NGE2OTFjYjI5NmUSeHVzLWNlbnRyYWwxLWRvY2tlci5wa2cuZGV2L2FmcmljYXBob25lLXZlbnRlL2djZi1hcnRpZmFjdHMvYWZyaWNhcGhvbmUtLXZlbnRlX191cy0tY2VudHJhbDFfX3NzcmFmcmljYXBob25lb3JnOnZlcnNpb25fMRjZnPb+9QUiTHByb2plY3RzL2FmcmljYXBob25lLXZlbnRlL2xvY2F0aW9ucy91cy1jZW50cmFsMS9mdW5jdGlvbnMvc3NyYWZyaWNhcGhvbmVvcmcqDAjm34PIBhCA8eCCAzIIbm9kZWpzMjA6dgojZ2NyLmlvL2dhZS1ydW50aW1lcy9ub2RlanMyMDpzdGFibGUST3VzLWNlbnRyYWwxLWRvY2tlci5wa2cuZGV2L3NlcnZlcmxlc3MtcnVudGltZXMvZ29vZ2xlLTIyLWZ1bGwvcnVudGltZXMvbm9kZWpzMjBAAQ==","operationType":"UPDATE_FUNCTION","buildName":"projects/203471818329/locations/us-central1/builds/0edfd938-65fc-4e3e-bb9d-74a691cb296e"},"done":false}
[debug] [2025-10-28T16:31:51.203Z] Got source token Cldwcm9qZWN0cy8yMDM0NzE4MTgzMjkvbG9jYXRpb25zL3VzLWNlbnRyYWwxL2J1aWxkcy8wZWRmZDkzOC02NWZjLTRlM2UtYmI5ZC03NGE2OTFjYjI5NmUSeHVzLWNlbnRyYWwxLWRvY2tlci5wa2cuZGV2L2FmcmljYXBob25lLXZlbnRlL2djZi1hcnRpZmFjdHMvYWZyaWNhcGhvbmUtLXZlbnRlX191cy0tY2VudHJhbDFfX3NzcmFmcmljYXBob25lb3JnOnZlcnNpb25fMRjZnPb+9QUiTHByb2plY3RzL2FmcmljYXBob25lLXZlbnRlL2xvY2F0aW9ucy91cy1jZW50cmFsMS9mdW5jdGlvbnMvc3NyYWZyaWNhcGhvbmVvcmcqDAjm34PIBhCA8eCCAzIIbm9kZWpzMjA6dgojZ2NyLmlvL2dhZS1ydW50aW1lcy9ub2RlanMyMDpzdGFibGUST3VzLWNlbnRyYWwxLWRvY2tlci5wa2cuZGV2L3NlcnZlcmxlc3MtcnVudGltZXMvZ29vZ2xlLTIyLWZ1bGwvcnVudGltZXMvbm9kZWpzMjBAAQ== for region us-central1
[debug] [2025-10-28T16:32:01.207Z] [update-firebase-frameworks-africaphone-org-us-central1-ssrafricaphoneorg] Retrying task index 0
[debug] [2025-10-28T16:32:01.208Z] Checked if tokens are valid: true, expires at: 1761670512006
[debug] [2025-10-28T16:32:01.208Z] Checked if tokens are valid: true, expires at: 1761670512006
[debug] [2025-10-28T16:32:01.209Z] >>> [apiv2][query] GET https://cloudfunctions.googleapis.com/v2/projects/africaphone-vente/locations/us-central1/operations/operation-1761668993442-6423a8690e37b-88e58107-bf42c591 [none]
[debug] [2025-10-28T16:32:01.727Z] <<< [apiv2][status] GET https://cloudfunctions.googleapis.com/v2/projects/africaphone-vente/locations/us-central1/operations/operation-1761668993442-6423a8690e37b-88e58107-bf42c591 200
[debug] [2025-10-28T16:32:01.727Z] <<< [apiv2][body] GET https://cloudfunctions.googleapis.com/v2/projects/africaphone-vente/locations/us-central1/operations/operation-1761668993442-6423a8690e37b-88e58107-bf42c591 {"name":"projects/africaphone-vente/locations/us-central1/operations/operation-1761668993442-6423a8690e37b-88e58107-bf42c591","metadata":{"@type":"type.googleapis.com/google.cloud.functions.v2.OperationMetadata","createTime":"2025-10-28T16:29:54.379600137Z","endTime":"2025-10-28T16:31:54.926805351Z","target":"projects/africaphone-vente/locations/us-central1/functions/ssrafricaphoneorg","verb":"update","cancelRequested":false,"apiVersion":"v2","requestResource":{"@type":"type.googleapis.com/google.cloud.functions.v2.Function","name":"projects/africaphone-vente/locations/us-central1/functions/ssrafricaphoneorg","buildConfig":{"runtime":"nodejs20","entryPoint":"ssrafricaphoneorg","source":{"storageSource":{"bucket":"gcf-v2-sources-203471818329-us-central1","object":"ssrafricaphoneorg/function-source.zip","generation":"1761668994284804"}},"environmentVariables":{"GOOGLE_NODE_RUN_SCRIPTS":""},"dockerRepository":"projects/africaphone-vente/locations/us-central1/repositories/gcf-artifacts","sourceProvenance":{"resolvedStorageSource":{"bucket":"gcf-v2-sources-203471818329-us-central1","object":"ssrafricaphoneorg/function-source.zip","generation":"1761667122534253"}},"dockerRegistry":"ARTIFACT_REGISTRY","serviceAccount":"projects/africaphone-vente/serviceAccounts/203471818329-compute@developer.gserviceaccount.com","automaticUpdatePolicy":{}},"serviceConfig":{"service":"projects/africaphone-vente/locations/us-central1/services/ssrafricaphoneorg","timeoutSeconds":60,"environmentVariables":{"VERCEL_URL":"africaphone-vente.web.app","__FIREBASE_FRAMEWORKS_ENTRY__":"next.js","__FIREBASE_DEFAULTS__":"{\"config\":{\"projectId\":\"africaphone-vente\",\"appId\":\"1:203471818329:web:d0e235db15917d8b596b48\",\"storageBucket\":\"africaphone-vente.firebasestorage.app\",\"apiKey\":\"AIzaSyCVmG85CJPSqPDueR1RnxSS5DLtW3QP0Zs\",\"authDomain\":\"africaphone-vente.firebaseapp.com\",\"messagingSenderId\":\"203471818329\",\"measurementId\":\"G-EYL8YL86KB\",\"projectNumber\":\"203471818329\",\"version\":\"2\"},\"_authTokenSyncURL\":\"/__session\"}","FIREBASE_CONFIG":"{\"projectId\":\"africaphone-vente\",\"storageBucket\":\"africaphone-vente.firebasestorage.app\"}","GCLOUD_PROJECT":"africaphone-vente","EVENTARC_CLOUD_EVENT_SOURCE":"projects/africaphone-vente/locations/us-central1/services/ssrafricaphoneorg","FUNCTION_TARGET":"ssrafricaphoneorg","LOG_EXECUTION_ID":"true"},"ingressSettings":"ALLOW_ALL","uri":"https://ssrafricaphoneorg-wmkbzzwcda-uc.a.run.app","serviceAccountEmail":"203471818329-compute@developer.gserviceaccount.com","availableMemory":"256Mi","allTrafficOnLatestRevision":true,"revision":"ssrafricaphoneorg-00029-xey","maxInstanceRequestConcurrency":80,"availableCpu":"1"},"state":"ACTIVE","labels":{"deployment-tool":"cli-firebase","firebase-functions-codebase":"firebase-frameworks-africaphone-org","firebase-functions-hash":"0762c105955aa1bd01cc81eb5895bb098a6df75a"},"environment":"GEN_2","url":"https://us-central1-africaphone-vente.cloudfunctions.net/ssrafricaphoneorg","satisfiesPzi":true},"stages":[{"name":"BUILD","message":"Build finished","state":"COMPLETE","resource":"projects/203471818329/locations/us-central1/builds/0edfd938-65fc-4e3e-bb9d-74a691cb296e","resourceUri":"https://console.cloud.google.com/cloud-build/builds;region=us-central1/0edfd938-65fc-4e3e-bb9d-74a691cb296e?project=203471818329"},{"name":"SERVICE","message":"Updating Cloud Run service","state":"COMPLETE","resource":"projects/africaphone-vente/locations/us-central1/services/ssrafricaphoneorg","resourceUri":"https://console.cloud.google.com/run/detail/us-central1/ssrafricaphoneorg?project=africaphone-vente","stateMessages":[{"severity":"INFO","type":"CloudRunServiceNewRevisionTrafficInfo","message":"A new revision will be deployed serving with 100% traffic."}]}],"sourceToken":"Cldwcm9qZWN0cy8yMDM0NzE4MTgzMjkvbG9jYXRpb25zL3VzLWNlbnRyYWwxL2J1aWxkcy8wZWRmZDkzOC02NWZjLTRlM2UtYmI5ZC03NGE2OTFjYjI5NmUSeHVzLWNlbnRyYWwxLWRvY2tlci5wa2cuZGV2L2FmcmljYXBob25lLXZlbnRlL2djZi1hcnRpZmFjdHMvYWZyaWNhcGhvbmUtLXZlbnRlX191cy0tY2VudHJhbDFfX3NzcmFmcmljYXBob25lb3JnOnZlcnNpb25fMRjZnPb+9QUiTHByb2plY3RzL2FmcmljYXBob25lLXZlbnRlL2xvY2F0aW9ucy91cy1jZW50cmFsMS9mdW5jdGlvbnMvc3NyYWZyaWNhcGhvbmVvcmcqDAjm34PIBhCA8eCCAzIIbm9kZWpzMjA6dgojZ2NyLmlvL2dhZS1ydW50aW1lcy9ub2RlanMyMDpzdGFibGUST3VzLWNlbnRyYWwxLWRvY2tlci5wa2cuZGV2L3NlcnZlcmxlc3MtcnVudGltZXMvZ29vZ2xlLTIyLWZ1bGwvcnVudGltZXMvbm9kZWpzMjBAAQ==","operationType":"UPDATE_FUNCTION","buildName":"projects/203471818329/locations/us-central1/builds/0edfd938-65fc-4e3e-bb9d-74a691cb296e"},"done":true,"response":{"@type":"type.googleapis.com/google.cloud.functions.v2.Function","name":"projects/africaphone-vente/locations/us-central1/functions/ssrafricaphoneorg","buildConfig":{"build":"projects/203471818329/locations/us-central1/builds/0edfd938-65fc-4e3e-bb9d-74a691cb296e","runtime":"nodejs20","entryPoint":"ssrafricaphoneorg","source":{"storageSource":{"bucket":"gcf-v2-sources-203471818329-us-central1","object":"ssrafricaphoneorg/function-source.zip","generation":"1761668994284804"}},"environmentVariables":{"GOOGLE_NODE_RUN_SCRIPTS":""},"dockerRepository":"projects/africaphone-vente/locations/us-central1/repositories/gcf-artifacts","sourceProvenance":{"resolvedStorageSource":{"bucket":"gcf-v2-sources-203471818329-us-central1","object":"ssrafricaphoneorg/function-source.zip","generation":"1761668994284804"}},"dockerRegistry":"ARTIFACT_REGISTRY","serviceAccount":"projects/africaphone-vente/serviceAccounts/203471818329-compute@developer.gserviceaccount.com","automaticUpdatePolicy":{}},"serviceConfig":{"service":"projects/africaphone-vente/locations/us-central1/services/ssrafricaphoneorg","timeoutSeconds":60,"environmentVariables":{"VERCEL_URL":"africaphone-vente.web.app","__FIREBASE_FRAMEWORKS_ENTRY__":"next.js","__FIREBASE_DEFAULTS__":"{\"config\":{\"projectId\":\"africaphone-vente\",\"appId\":\"1:203471818329:web:d0e235db15917d8b596b48\",\"storageBucket\":\"africaphone-vente.firebasestorage.app\",\"apiKey\":\"AIzaSyCVmG85CJPSqPDueR1RnxSS5DLtW3QP0Zs\",\"authDomain\":\"africaphone-vente.firebaseapp.com\",\"messagingSenderId\":\"203471818329\",\"measurementId\":\"G-EYL8YL86KB\",\"projectNumber\":\"203471818329\",\"version\":\"2\"},\"_authTokenSyncURL\":\"/__session\"}","FIREBASE_CONFIG":"{\"projectId\":\"africaphone-vente\",\"storageBucket\":\"africaphone-vente.firebasestorage.app\"}","GCLOUD_PROJECT":"africaphone-vente","EVENTARC_CLOUD_EVENT_SOURCE":"projects/africaphone-vente/locations/us-central1/services/ssrafricaphoneorg","FUNCTION_TARGET":"ssrafricaphoneorg","LOG_EXECUTION_ID":"true"},"maxInstanceCount":3,"ingressSettings":"ALLOW_ALL","uri":"https://ssrafricaphoneorg-wmkbzzwcda-uc.a.run.app","serviceAccountEmail":"203471818329-compute@developer.gserviceaccount.com","availableMemory":"256Mi","allTrafficOnLatestRevision":true,"revision":"ssrafricaphoneorg-00031-cij","maxInstanceRequestConcurrency":80,"availableCpu":"1"},"state":"ACTIVE","updateTime":"2025-10-28T16:29:54.382074286Z","labels":{"deployment-tool":"cli-firebase","firebase-functions-codebase":"firebase-frameworks-africaphone-org","firebase-functions-hash":"0762c105955aa1bd01cc81eb5895bb098a6df75a"},"environment":"GEN_2","url":"https://us-central1-africaphone-vente.cloudfunctions.net/ssrafricaphoneorg","createTime":"2025-10-20T15:58:15.358054640Z","satisfiesPzi":true}}
[debug] [2025-10-28T16:32:01.727Z] Got source token Cldwcm9qZWN0cy8yMDM0NzE4MTgzMjkvbG9jYXRpb25zL3VzLWNlbnRyYWwxL2J1aWxkcy8wZWRmZDkzOC02NWZjLTRlM2UtYmI5ZC03NGE2OTFjYjI5NmUSeHVzLWNlbnRyYWwxLWRvY2tlci5wa2cuZGV2L2FmcmljYXBob25lLXZlbnRlL2djZi1hcnRpZmFjdHMvYWZyaWNhcGhvbmUtLXZlbnRlX191cy0tY2VudHJhbDFfX3NzcmFmcmljYXBob25lb3JnOnZlcnNpb25fMRjZnPb+9QUiTHByb2plY3RzL2FmcmljYXBob25lLXZlbnRlL2xvY2F0aW9ucy91cy1jZW50cmFsMS9mdW5jdGlvbnMvc3NyYWZyaWNhcGhvbmVvcmcqDAjm34PIBhCA8eCCAzIIbm9kZWpzMjA6dgojZ2NyLmlvL2dhZS1ydW50aW1lcy9ub2RlanMyMDpzdGFibGUST3VzLWNlbnRyYWwxLWRvY2tlci5wa2cuZGV2L3NlcnZlcmxlc3MtcnVudGltZXMvZ29vZ2xlLTIyLWZ1bGwvcnVudGltZXMvbm9kZWpzMjBAAQ== for region us-central1
[info] +  functions[firebase-frameworks-africaphone-org:ssrafricaphoneorg(us-central1)] Successful update operation. 
[debug] [2025-10-28T16:32:01.790Z] Total Function Deployment time: 129749
[debug] [2025-10-28T16:32:01.790Z] 1 Functions Deployed
[debug] [2025-10-28T16:32:01.790Z] 0 Functions Errored
[debug] [2025-10-28T16:32:01.790Z] 0 Function Deployments Aborted
[debug] [2025-10-28T16:32:01.791Z] Average Function Deployment time: 129748
[info] Function URL (firebase-frameworks-africaphone-org:ssrafricaphoneorg(us-central1)): https://ssrafricaphoneorg-wmkbzzwcda-uc.a.run.app
[debug] [2025-10-28T16:32:02.180Z] Checked if tokens are valid: true, expires at: 1761670512006
[debug] [2025-10-28T16:32:02.180Z] Checked if tokens are valid: true, expires at: 1761670512006
[debug] [2025-10-28T16:32:02.181Z] >>> [apiv2][query] GET https://artifactregistry.googleapis.com/v1/projects/africaphone-vente/locations/us-central1/repositories/gcf-artifacts [none]
[debug] [2025-10-28T16:32:03.393Z] <<< [apiv2][status] GET https://artifactregistry.googleapis.com/v1/projects/africaphone-vente/locations/us-central1/repositories/gcf-artifacts 200
[debug] [2025-10-28T16:32:03.393Z] <<< [apiv2][body] GET https://artifactregistry.googleapis.com/v1/projects/africaphone-vente/locations/us-central1/repositories/gcf-artifacts {"name":"projects/africaphone-vente/locations/us-central1/repositories/gcf-artifacts","format":"DOCKER","description":"This repository is created and used by Cloud Functions for storing function docker images.","labels":{"goog-managed-by":"cloudfunctions"},"createTime":"2025-06-23T22:20:03.323193Z","updateTime":"2025-10-28T16:31:33.450053Z","mode":"STANDARD_REPOSITORY","cleanupPolicies":{"firebase-functions-cleanup":{"id":"firebase-functions-cleanup","action":"DELETE","condition":{"tagState":"ANY","olderThan":"86400s"}}},"sizeBytes":"744543520","vulnerabilityScanningConfig":{"lastEnableTime":"2025-06-23T22:19:52.970709232Z","enablementState":"SCANNING_DISABLED","enablementStateReason":"API containerscanning.googleapis.com is not enabled."},"satisfiesPzi":true,"registryUri":"us-central1-docker.pkg.dev/africaphone-vente/gcf-artifacts"}
[debug] [2025-10-28T16:32:03.394Z] [
  {
    "config": {
      "site": "africaphone-org",
      "source": "web",
      "frameworksBackend": {
        "region": "us-central1"
      },
      "headers": [
        {
          "source": "**/*.@(js|css|png|jpg|jpeg|svg|gif|webp|ico|woff|woff2)",
          "headers": [
            {
              "key": "Cache-Control",
              "value": "public,max-age=31536000,immutable"
            }
          ]
        },
        {
          "source": "/index.html",
          "headers": [
            {
              "key": "Cache-Control",
              "value": "no-cache"
            }
          ]
        },
        {
          "source": "**",
          "headers": [
            {
              "key": "Strict-Transport-Security",
              "value": "max-age=31536000; includeSubDomains"
            },
            {
              "key": "X-Content-Type-Options",
              "value": "nosniff"
            },
            {
              "key": "Referrer-Policy",
              "value": "strict-origin-when-cross-origin"
            },
            {
              "key": "Permissions-Policy",
              "value": "camera=(), microphone=(), geolocation=(self)"
            },
            {
              "key": "X-Frame-Options",
              "value": "DENY"
            }
          ]
        },
        {
          "source": "/_not-found",
          "headers": [
            {
              "key": "x-next-cache-tags",
              "value": "_N_T_/layout,_N_T_/_not-found/layout,_N_T_/_not-found/page,_N_T_/_not-found"
            }
          ]
        },
        {
          "source": "/favicon.ico",
          "headers": [
            {
              "key": "cache-control",
              "value": "public, max-age=0, must-revalidate"
            },
            {
              "key": "content-type",
              "value": "image/x-icon"
            },
            {
              "key": "x-next-cache-tags",
              "value": "_N_T_/layout,_N_T_/favicon.ico/layout,_N_T_/favicon.ico/route,_N_T_/favicon.ico"
            }
          ]
        },
        {
          "source": "/pronostics",
          "headers": [
            {
              "key": "x-next-cache-tags",
              "value": "_N_T_/layout,_N_T_/pronostics/layout,_N_T_/pronostics/page,_N_T_/pronostics"
            }
          ]
        },
        {
          "source": "**/*.[jt]s",
          "headers": [
            {
              "key": "Set-Cookie",
              "value": "__FIREBASE_DEFAULTS__=eyJjb25maWciOnsicHJvamVjdElkIjoiYWZyaWNhcGhvbmUtdmVudGUiLCJhcHBJZCI6IjE6MjAzNDcxODE4MzI5OndlYjpkMGUyMzVkYjE1OTE3ZDhiNTk2YjQ4Iiwic3RvcmFnZUJ1Y2tldCI6ImFmcmljYXBob25lLXZlbnRlLmZpcmViYXNlc3RvcmFnZS5hcHAiLCJhcGlLZXkiOiJBSXphU3lDVm1HODVDSlBTcVBEdWVSMVJueFNTNURMdFczUVAwWnMiLCJhdXRoRG9tYWluIjoiYWZyaWNhcGhvbmUtdmVudGUuZmlyZWJhc2VhcHAuY29tIiwibWVzc2FnaW5nU2VuZGVySWQiOiIyMDM0NzE4MTgzMjkiLCJtZWFzdXJlbWVudElkIjoiRy1FWUw4WUw4NktCIiwicHJvamVjdE51bWJlciI6IjIwMzQ3MTgxODMyOSIsInZlcnNpb24iOiIyIn0sIl9hdXRoVG9rZW5TeW5jVVJMIjoiL19fc2Vzc2lvbiJ9; SameSite=Strict; Expires=2027-09-23T03:08:00.006Z; Path=/;"
            }
          ]
        }
      ],
      "rewrites": [
        {
          "source": "**",
          "function": {
            "functionId": "ssrafricaphoneorg",
            "region": "us-central1",
            "pinTag": true
          }
        }
      ],
      "redirects": [],
      "cleanUrls": true,
      "trailingSlash": false,
      "public": ".firebase\\africaphone-org\\hosting",
      "webFramework": "next_ssr"
    },
    "version": "projects/203471818329/sites/africaphone-org/versions/12a5c370c9ee7b3b"
  }
]
[info] i  hosting[africaphone-org]: finalizing version... 
[debug] [2025-10-28T16:32:03.399Z] Checked if tokens are valid: true, expires at: 1761670512006
[debug] [2025-10-28T16:32:03.399Z] Checked if tokens are valid: true, expires at: 1761670512006
[debug] [2025-10-28T16:32:03.400Z] >>> [apiv2][query] GET https://run.googleapis.com/v1/projects/africaphone-vente/locations/us-central1/services/ssrafricaphoneorg [none]
[debug] [2025-10-28T16:32:04.682Z] <<< [apiv2][status] GET https://run.googleapis.com/v1/projects/africaphone-vente/locations/us-central1/services/ssrafricaphoneorg 200
[debug] [2025-10-28T16:32:04.683Z] <<< [apiv2][body] GET https://run.googleapis.com/v1/projects/africaphone-vente/locations/us-central1/services/ssrafricaphoneorg {"apiVersion":"serving.knative.dev/v1","kind":"Service","metadata":{"name":"ssrafricaphoneorg","namespace":"203471818329","selfLink":"/apis/serving.knative.dev/v1/namespaces/203471818329/services/ssrafricaphoneorg","uid":"b4fcce67-41ff-4818-adb9-de251c278f3f","resourceVersion":"AAZCOo3GqOY","generation":31,"labels":{"goog-drz-cloudfunctions-location":"us-central1","firebase-functions-hash":"0762c105955aa1bd01cc81eb5895bb098a6df75a","goog-managed-by":"cloudfunctions","goog-cloudfunctions-runtime":"nodejs20","cloud.googleapis.com/location":"us-central1","goog-drz-cloudfunctions-id":"ssrafricaphoneorg","firebase-functions-codebase":"firebase-frameworks-africaphone-org"},"annotations":{"serving.knative.dev/creator":"service-203471818329@gcf-admin-robot.iam.gserviceaccount.com","serving.knative.dev/lastModifier":"service-203471818329@gcf-admin-robot.iam.gserviceaccount.com","run.googleapis.com/custom-audiences":"[\"https://us-central1-africaphone-vente.cloudfunctions.net/ssrafricaphoneorg\"]","run.googleapis.com/client-name":"cli-firebase","cloudfunctions.googleapis.com/function-id":"ssrafricaphoneorg","run.googleapis.com/build-source-location":"gs://gcf-v2-sources-203471818329-us-central1/ssrafricaphoneorg/function-source.zip#1761668994284804","run.googleapis.com/build-environment-variables":"{\"GOOGLE_NODE_RUN_SCRIPTS\":\"\"}","run.googleapis.com/build-function-target":"ssrafricaphoneorg","run.googleapis.com/build-service-account":"projects/africaphone-vente/serviceAccounts/203471818329-compute@developer.gserviceaccount.com","run.googleapis.com/build-enable-automatic-updates":"true","run.googleapis.com/build-base-image":"us-central1-docker.pkg.dev/serverless-runtimes/google-22-full/runtimes/nodejs20","run.googleapis.com/build-image-uri":"us-central1-docker.pkg.dev/africaphone-vente/gcf-artifacts/africaphone--vente__us--central1__ssrafricaphoneorg:version_1","run.googleapis.com/build-name":"projects/203471818329/locations/us-central1/builds/0edfd938-65fc-4e3e-bb9d-74a691cb296e","run.googleapis.com/operation-id":"ae17606c-1afe-4b49-a92d-b75f85ee6701","run.googleapis.com/ingress":"all","run.googleapis.com/ingress-status":"all","run.googleapis.com/urls":"[\"https://ssrafricaphoneorg-203471818329.us-central1.run.app\",\"https://us-central1-africaphone-vente.cloudfunctions.net/ssrafricaphoneorg\",\"https://ssrafricaphoneorg-wmkbzzwcda-uc.a.run.app\"]"},"creationTimestamp":"2025-10-20T16:00:16.366900Z"},"spec":{"template":{"metadata":{"name":"ssrafricaphoneorg-00031-cij","labels":{"goog-drz-cloudfunctions-location":"us-central1","firebase-functions-hash":"0762c105955aa1bd01cc81eb5895bb098a6df75a","goog-drz-cloudfunctions-id":"ssrafricaphoneorg","firebase-functions-codebase":"firebase-frameworks-africaphone-org","run.googleapis.com/startupProbeType":"Default"},"annotations":{"run.googleapis.com/client-name":"cli-firebase","cloudfunctions.googleapis.com/trigger-type":"HTTP_TRIGGER","autoscaling.knative.dev/maxScale":"3","run.googleapis.com/base-images":"{\"worker\":\"us-central1-docker.pkg.dev/serverless-runtimes/google-22-full/runtimes/nodejs20\"}","run.googleapis.com/startup-cpu-boost":"true"}},"spec":{"containerConcurrency":80,"timeoutSeconds":60,"serviceAccountName":"203471818329-compute@developer.gserviceaccount.com","containers":[{"name":"worker","image":"us-central1-docker.pkg.dev/africaphone-vente/gcf-artifacts/africaphone--vente__us--central1__ssrafricaphoneorg:version_1","env":[{"name":"VERCEL_URL","value":"africaphone-vente.web.app"},{"name":"__FIREBASE_FRAMEWORKS_ENTRY__","value":"next.js"},{"name":"__FIREBASE_DEFAULTS__","value":"{\"config\":{\"projectId\":\"africaphone-vente\",\"appId\":\"1:203471818329:web:d0e235db15917d8b596b48\",\"storageBucket\":\"africaphone-vente.firebasestorage.app\",\"apiKey\":\"AIzaSyCVmG85CJPSqPDueR1RnxSS5DLtW3QP0Zs\",\"authDomain\":\"africaphone-vente.firebaseapp.com\",\"messagingSenderId\":\"203471818329\",\"measurementId\":\"G-EYL8YL86KB\",\"projectNumber\":\"203471818329\",\"version\":\"2\"},\"_authTokenSyncURL\":\"/__session\"}"},{"name":"FIREBASE_CONFIG","value":"{\"projectId\":\"africaphone-vente\",\"storageBucket\":\"africaphone-vente.firebasestorage.app\"}"},{"name":"GCLOUD_PROJECT","value":"africaphone-vente"},{"name":"EVENTARC_CLOUD_EVENT_SOURCE","value":"projects/africaphone-vente/locations/us-central1/services/ssrafricaphoneorg"},{"name":"FUNCTION_TARGET","value":"ssrafricaphoneorg"},{"name":"LOG_EXECUTION_ID","value":"true"}],"resources":{"limits":{"cpu":"1","memory":"256Mi"}},"ports":[{"name":"http1","containerPort":8080}],"startupProbe":{"timeoutSeconds":240,"periodSeconds":240,"failureThreshold":1,"tcpSocket":{"port":8080}}}],"runtimeClassName":"run.googleapis.com/linux-base-image-update"}},"traffic":[{"revisionName":"ssrafricaphoneorg-00001-jis","tag":"fh-e15f341914067b58"},{"revisionName":"ssrafricaphoneorg-00003-cox","tag":"fh-13d111014ad9b17c"},{"revisionName":"ssrafricaphoneorg-00007-yah","tag":"fh-bae801391d429986"},{"revisionName":"ssrafricaphoneorg-00009-rep","tag":"fh-f3954bb5cd24cbee"},{"revisionName":"ssrafricaphoneorg-00011-rec","tag":"fh-f3011d636d2a3b33"},{"revisionName":"ssrafricaphoneorg-00013-fet","tag":"fh-19ea7ee897bf2883"},{"revisionName":"ssrafricaphoneorg-00015-yeg","tag":"fh-1d7ff7f147266ac6"},{"revisionName":"ssrafricaphoneorg-00017-wuy","tag":"fh-2b9b5e324690876d"},{"revisionName":"ssrafricaphoneorg-00019-nus","tag":"fh-dd756e5e2198da5c"},{"revisionName":"ssrafricaphoneorg-00021-doy","tag":"fh-3369c4d2b6d6ce4f"},{"revisionName":"ssrafricaphoneorg-00023-bij","tag":"fh-4562b95a8271a9e6"},{"revisionName":"ssrafricaphoneorg-00025-heg","tag":"fh-3a3bceaf30920447"},{"revisionName":"ssrafricaphoneorg-00027-tel","tag":"fh-37dccabca0140917"},{"revisionName":"ssrafricaphoneorg-00029-xey","tag":"fh-e35e5d4594cf7fed"},{"percent":100,"latestRevision":true}]},"status":{"observedGeneration":31,"conditions":[{"type":"Ready","status":"True","lastTransitionTime":"2025-10-28T16:31:54.407142Z"},{"type":"BaseImageValidated","status":"True","severity":"Info"},{"type":"ConfigurationsReady","status":"True","lastTransitionTime":"2025-10-28T16:31:49.012780Z"},{"type":"RoutesReady","status":"True","lastTransitionTime":"2025-10-28T16:31:54.358063Z"}],"latestReadyRevisionName":"ssrafricaphoneorg-00031-cij","latestCreatedRevisionName":"ssrafricaphoneorg-00031-cij","traffic":[{"revisionName":"ssrafricaphoneorg-00001-jis","tag":"fh-e15f341914067b58","url":"https://fh-e15f341914067b58---ssrafricaphoneorg-wmkbzzwcda-uc.a.run.app"},{"revisionName":"ssrafricaphoneorg-00003-cox","tag":"fh-13d111014ad9b17c","url":"https://fh-13d111014ad9b17c---ssrafricaphoneorg-wmkbzzwcda-uc.a.run.app"},{"revisionName":"ssrafricaphoneorg-00007-yah","tag":"fh-bae801391d429986","url":"https://fh-bae801391d429986---ssrafricaphoneorg-wmkbzzwcda-uc.a.run.app"},{"revisionName":"ssrafricaphoneorg-00009-rep","tag":"fh-f3954bb5cd24cbee","url":"https://fh-f3954bb5cd24cbee---ssrafricaphoneorg-wmkbzzwcda-uc.a.run.app"},{"revisionName":"ssrafricaphoneorg-00011-rec","tag":"fh-f3011d636d2a3b33","url":"https://fh-f3011d636d2a3b33---ssrafricaphoneorg-wmkbzzwcda-uc.a.run.app"},{"revisionName":"ssrafricaphoneorg-00013-fet","tag":"fh-19ea7ee897bf2883","url":"https://fh-19ea7ee897bf2883---ssrafricaphoneorg-wmkbzzwcda-uc.a.run.app"},{"revisionName":"ssrafricaphoneorg-00015-yeg","tag":"fh-1d7ff7f147266ac6","url":"https://fh-1d7ff7f147266ac6---ssrafricaphoneorg-wmkbzzwcda-uc.a.run.app"},{"revisionName":"ssrafricaphoneorg-00017-wuy","tag":"fh-2b9b5e324690876d","url":"https://fh-2b9b5e324690876d---ssrafricaphoneorg-wmkbzzwcda-uc.a.run.app"},{"revisionName":"ssrafricaphoneorg-00019-nus","tag":"fh-dd756e5e2198da5c","url":"https://fh-dd756e5e2198da5c---ssrafricaphoneorg-wmkbzzwcda-uc.a.run.app"},{"revisionName":"ssrafricaphoneorg-00021-doy","tag":"fh-3369c4d2b6d6ce4f","url":"https://fh-3369c4d2b6d6ce4f---ssrafricaphoneorg-wmkbzzwcda-uc.a.run.app"},{"revisionName":"ssrafricaphoneorg-00023-bij","tag":"fh-4562b95a8271a9e6","url":"https://fh-4562b95a8271a9e6---ssrafricaphoneorg-wmkbzzwcda-uc.a.run.app"},{"revisionName":"ssrafricaphoneorg-00025-heg","tag":"fh-3a3bceaf30920447","url":"https://fh-3a3bceaf30920447---ssrafricaphoneorg-wmkbzzwcda-uc.a.run.app"},{"revisionName":"ssrafricaphoneorg-00027-tel","tag":"fh-37dccabca0140917","url":"https://fh-37dccabca0140917---ssrafricaphoneorg-wmkbzzwcda-uc.a.run.app"},{"revisionName":"ssrafricaphoneorg-00029-xey","tag":"fh-e35e5d4594cf7fed","url":"https://fh-e35e5d4594cf7fed---ssrafricaphoneorg-wmkbzzwcda-uc.a.run.app"},{"revisionName":"ssrafricaphoneorg-00031-cij","percent":100,"latestRevision":true}],"url":"https://ssrafricaphoneorg-wmkbzzwcda-uc.a.run.app","address":{"url":"https://ssrafricaphoneorg-wmkbzzwcda-uc.a.run.app"}}}
[debug] [2025-10-28T16:32:04.684Z] Checked if tokens are valid: true, expires at: 1761670512006
[debug] [2025-10-28T16:32:04.685Z] Checked if tokens are valid: true, expires at: 1761670512006
[debug] [2025-10-28T16:32:04.685Z] >>> [apiv2][query] PUT https://run.googleapis.com/v1/projects/203471818329/locations/us-central1/services/ssrafricaphoneorg [none]
[debug] [2025-10-28T16:32:04.685Z] >>> [apiv2][body] PUT https://run.googleapis.com/v1/projects/203471818329/locations/us-central1/services/ssrafricaphoneorg {"apiVersion":"serving.knative.dev/v1","kind":"Service","metadata":{"name":"ssrafricaphoneorg","namespace":"203471818329","selfLink":"/apis/serving.knative.dev/v1/namespaces/203471818329/services/ssrafricaphoneorg","uid":"b4fcce67-41ff-4818-adb9-de251c278f3f","resourceVersion":"AAZCOo3GqOY","generation":31,"labels":{"goog-drz-cloudfunctions-location":"us-central1","firebase-functions-hash":"0762c105955aa1bd01cc81eb5895bb098a6df75a","goog-managed-by":"cloudfunctions","goog-cloudfunctions-runtime":"nodejs20","cloud.googleapis.com/location":"us-central1","goog-drz-cloudfunctions-id":"ssrafricaphoneorg","firebase-functions-codebase":"firebase-frameworks-africaphone-org"},"annotations":{"serving.knative.dev/creator":"service-203471818329@gcf-admin-robot.iam.gserviceaccount.com","serving.knative.dev/lastModifier":"service-203471818329@gcf-admin-robot.iam.gserviceaccount.com","run.googleapis.com/custom-audiences":"[\"https://us-central1-africaphone-vente.cloudfunctions.net/ssrafricaphoneorg\"]","run.googleapis.com/client-name":"cli-firebase","cloudfunctions.googleapis.com/function-id":"ssrafricaphoneorg","run.googleapis.com/build-source-location":"gs://gcf-v2-sources-203471818329-us-central1/ssrafricaphoneorg/function-source.zip#1761668994284804","run.googleapis.com/build-environment-variables":"{\"GOOGLE_NODE_RUN_SCRIPTS\":\"\"}","run.googleapis.com/build-function-target":"ssrafricaphoneorg","run.googleapis.com/build-service-account":"projects/africaphone-vente/serviceAccounts/203471818329-compute@developer.gserviceaccount.com","run.googleapis.com/build-enable-automatic-updates":"true","run.googleapis.com/build-base-image":"us-central1-docker.pkg.dev/serverless-runtimes/google-22-full/runtimes/nodejs20","run.googleapis.com/build-image-uri":"us-central1-docker.pkg.dev/africaphone-vente/gcf-artifacts/africaphone--vente__us--central1__ssrafricaphoneorg:version_1","run.googleapis.com/build-name":"projects/203471818329/locations/us-central1/builds/0edfd938-65fc-4e3e-bb9d-74a691cb296e","run.googleapis.com/operation-id":"ae17606c-1afe-4b49-a92d-b75f85ee6701","run.googleapis.com/ingress":"all","run.googleapis.com/ingress-status":"all","run.googleapis.com/urls":"[\"https://ssrafricaphoneorg-203471818329.us-central1.run.app\",\"https://us-central1-africaphone-vente.cloudfunctions.net/ssrafricaphoneorg\",\"https://ssrafricaphoneorg-wmkbzzwcda-uc.a.run.app\"]"},"creationTimestamp":"2025-10-20T16:00:16.366900Z"},"spec":{"template":{"metadata":{"name":"ssrafricaphoneorg-00031-cij","labels":{"goog-drz-cloudfunctions-location":"us-central1","firebase-functions-hash":"0762c105955aa1bd01cc81eb5895bb098a6df75a","goog-drz-cloudfunctions-id":"ssrafricaphoneorg","firebase-functions-codebase":"firebase-frameworks-africaphone-org","run.googleapis.com/startupProbeType":"Default"},"annotations":{"run.googleapis.com/client-name":"cli-firebase","cloudfunctions.googleapis.com/trigger-type":"HTTP_TRIGGER","autoscaling.knative.dev/maxScale":"3","run.googleapis.com/base-images":"{\"worker\":\"us-central1-docker.pkg.dev/serverless-runtimes/google-22-full/runtimes/nodejs20\"}","run.googleapis.com/startup-cpu-boost":"true"}},"spec":{"containerConcurrency":80,"timeoutSeconds":60,"serviceAccountName":"203471818329-compute@developer.gserviceaccount.com","containers":[{"name":"worker","image":"us-central1-docker.pkg.dev/africaphone-vente/gcf-artifacts/africaphone--vente__us--central1__ssrafricaphoneorg:version_1","env":[{"name":"VERCEL_URL","value":"africaphone-vente.web.app"},{"name":"__FIREBASE_FRAMEWORKS_ENTRY__","value":"next.js"},{"name":"__FIREBASE_DEFAULTS__","value":"{\"config\":{\"projectId\":\"africaphone-vente\",\"appId\":\"1:203471818329:web:d0e235db15917d8b596b48\",\"storageBucket\":\"africaphone-vente.firebasestorage.app\",\"apiKey\":\"AIzaSyCVmG85CJPSqPDueR1RnxSS5DLtW3QP0Zs\",\"authDomain\":\"africaphone-vente.firebaseapp.com\",\"messagingSenderId\":\"203471818329\",\"measurementId\":\"G-EYL8YL86KB\",\"projectNumber\":\"203471818329\",\"version\":\"2\"},\"_authTokenSyncURL\":\"/__session\"}"},{"name":"FIREBASE_CONFIG","value":"{\"projectId\":\"africaphone-vente\",\"storageBucket\":\"africaphone-vente.firebasestorage.app\"}"},{"name":"GCLOUD_PROJECT","value":"africaphone-vente"},{"name":"EVENTARC_CLOUD_EVENT_SOURCE","value":"projects/africaphone-vente/locations/us-central1/services/ssrafricaphoneorg"},{"name":"FUNCTION_TARGET","value":"ssrafricaphoneorg"},{"name":"LOG_EXECUTION_ID","value":"true"}],"resources":{"limits":{"cpu":"1","memory":"256Mi"}},"ports":[{"name":"http1","containerPort":8080}],"startupProbe":{"timeoutSeconds":240,"periodSeconds":240,"failureThreshold":1,"tcpSocket":{"port":8080}}}],"runtimeClassName":"run.googleapis.com/linux-base-image-update"}},"traffic":[{"revisionName":"ssrafricaphoneorg-00001-jis","tag":"fh-e15f341914067b58"},{"revisionName":"ssrafricaphoneorg-00003-cox","tag":"fh-13d111014ad9b17c"},{"revisionName":"ssrafricaphoneorg-00007-yah","tag":"fh-bae801391d429986"},{"revisionName":"ssrafricaphoneorg-00009-rep","tag":"fh-f3954bb5cd24cbee"},{"revisionName":"ssrafricaphoneorg-00011-rec","tag":"fh-f3011d636d2a3b33"},{"revisionName":"ssrafricaphoneorg-00013-fet","tag":"fh-19ea7ee897bf2883"},{"revisionName":"ssrafricaphoneorg-00015-yeg","tag":"fh-1d7ff7f147266ac6"},{"revisionName":"ssrafricaphoneorg-00017-wuy","tag":"fh-2b9b5e324690876d"},{"revisionName":"ssrafricaphoneorg-00019-nus","tag":"fh-dd756e5e2198da5c"},{"revisionName":"ssrafricaphoneorg-00021-doy","tag":"fh-3369c4d2b6d6ce4f"},{"revisionName":"ssrafricaphoneorg-00023-bij","tag":"fh-4562b95a8271a9e6"},{"revisionName":"ssrafricaphoneorg-00025-heg","tag":"fh-3a3bceaf30920447"},{"revisionName":"ssrafricaphoneorg-00027-tel","tag":"fh-37dccabca0140917"},{"revisionName":"ssrafricaphoneorg-00029-xey","tag":"fh-e35e5d4594cf7fed"},{"percent":100,"latestRevision":true},{"revisionName":"ssrafricaphoneorg-00031-cij","tag":"fh-12a5c370c9ee7b3b"}]}}
[debug] [2025-10-28T16:32:05.148Z] <<< [apiv2][status] PUT https://run.googleapis.com/v1/projects/203471818329/locations/us-central1/services/ssrafricaphoneorg 200
[debug] [2025-10-28T16:32:05.149Z] <<< [apiv2][body] PUT https://run.googleapis.com/v1/projects/203471818329/locations/us-central1/services/ssrafricaphoneorg {"apiVersion":"serving.knative.dev/v1","kind":"Service","metadata":{"name":"ssrafricaphoneorg","namespace":"203471818329","selfLink":"/apis/serving.knative.dev/v1/namespaces/203471818329/services/ssrafricaphoneorg","uid":"b4fcce67-41ff-4818-adb9-de251c278f3f","resourceVersion":"AAZCOo5sp8E","generation":32,"labels":{"goog-managed-by":"cloudfunctions","goog-cloudfunctions-runtime":"nodejs20","cloud.googleapis.com/location":"us-central1","goog-drz-cloudfunctions-location":"us-central1","firebase-functions-hash":"0762c105955aa1bd01cc81eb5895bb098a6df75a","goog-drz-cloudfunctions-id":"ssrafricaphoneorg","firebase-functions-codebase":"firebase-frameworks-africaphone-org"},"annotations":{"serving.knative.dev/creator":"service-203471818329@gcf-admin-robot.iam.gserviceaccount.com","serving.knative.dev/lastModifier":"georgesbusiness54@gmail.com","run.googleapis.com/custom-audiences":"[\"https://us-central1-africaphone-vente.cloudfunctions.net/ssrafricaphoneorg\"]","run.googleapis.com/client-name":"cli-firebase","cloudfunctions.googleapis.com/function-id":"ssrafricaphoneorg","run.googleapis.com/build-source-location":"gs://gcf-v2-sources-203471818329-us-central1/ssrafricaphoneorg/function-source.zip#1761668994284804","run.googleapis.com/build-environment-variables":"{\"GOOGLE_NODE_RUN_SCRIPTS\":\"\"}","run.googleapis.com/build-function-target":"ssrafricaphoneorg","run.googleapis.com/build-service-account":"projects/africaphone-vente/serviceAccounts/203471818329-compute@developer.gserviceaccount.com","run.googleapis.com/build-enable-automatic-updates":"true","run.googleapis.com/build-base-image":"us-central1-docker.pkg.dev/serverless-runtimes/google-22-full/runtimes/nodejs20","run.googleapis.com/build-image-uri":"us-central1-docker.pkg.dev/africaphone-vente/gcf-artifacts/africaphone--vente__us--central1__ssrafricaphoneorg:version_1","run.googleapis.com/build-name":"projects/203471818329/locations/us-central1/builds/0edfd938-65fc-4e3e-bb9d-74a691cb296e","run.googleapis.com/operation-id":"4f3203df-d678-47e6-b9f3-917e3063d33e","run.googleapis.com/ingress":"all","run.googleapis.com/ingress-status":"all","run.googleapis.com/urls":"[\"https://ssrafricaphoneorg-203471818329.us-central1.run.app\",\"https://us-central1-africaphone-vente.cloudfunctions.net/ssrafricaphoneorg\",\"https://ssrafricaphoneorg-wmkbzzwcda-uc.a.run.app\"]"},"creationTimestamp":"2025-10-20T16:00:16.366900Z"},"spec":{"template":{"metadata":{"name":"ssrafricaphoneorg-00031-cij","labels":{"goog-drz-cloudfunctions-location":"us-central1","firebase-functions-hash":"0762c105955aa1bd01cc81eb5895bb098a6df75a","goog-drz-cloudfunctions-id":"ssrafricaphoneorg","firebase-functions-codebase":"firebase-frameworks-africaphone-org","run.googleapis.com/startupProbeType":"Default"},"annotations":{"run.googleapis.com/client-name":"cli-firebase","cloudfunctions.googleapis.com/trigger-type":"HTTP_TRIGGER","autoscaling.knative.dev/maxScale":"3","run.googleapis.com/base-images":"{\"worker\":\"us-central1-docker.pkg.dev/serverless-runtimes/google-22-full/runtimes/nodejs20\"}","run.googleapis.com/startup-cpu-boost":"true"}},"spec":{"containerConcurrency":80,"timeoutSeconds":60,"serviceAccountName":"203471818329-compute@developer.gserviceaccount.com","containers":[{"name":"worker","image":"us-central1-docker.pkg.dev/africaphone-vente/gcf-artifacts/africaphone--vente__us--central1__ssrafricaphoneorg:version_1","env":[{"name":"VERCEL_URL","value":"africaphone-vente.web.app"},{"name":"__FIREBASE_FRAMEWORKS_ENTRY__","value":"next.js"},{"name":"__FIREBASE_DEFAULTS__","value":"{\"config\":{\"projectId\":\"africaphone-vente\",\"appId\":\"1:203471818329:web:d0e235db15917d8b596b48\",\"storageBucket\":\"africaphone-vente.firebasestorage.app\",\"apiKey\":\"AIzaSyCVmG85CJPSqPDueR1RnxSS5DLtW3QP0Zs\",\"authDomain\":\"africaphone-vente.firebaseapp.com\",\"messagingSenderId\":\"203471818329\",\"measurementId\":\"G-EYL8YL86KB\",\"projectNumber\":\"203471818329\",\"version\":\"2\"},\"_authTokenSyncURL\":\"/__session\"}"},{"name":"FIREBASE_CONFIG","value":"{\"projectId\":\"africaphone-vente\",\"storageBucket\":\"africaphone-vente.firebasestorage.app\"}"},{"name":"GCLOUD_PROJECT","value":"africaphone-vente"},{"name":"EVENTARC_CLOUD_EVENT_SOURCE","value":"projects/africaphone-vente/locations/us-central1/services/ssrafricaphoneorg"},{"name":"FUNCTION_TARGET","value":"ssrafricaphoneorg"},{"name":"LOG_EXECUTION_ID","value":"true"}],"resources":{"limits":{"cpu":"1","memory":"256Mi"}},"ports":[{"name":"http1","containerPort":8080}],"startupProbe":{"timeoutSeconds":240,"periodSeconds":240,"failureThreshold":1,"tcpSocket":{"port":8080}}}],"runtimeClassName":"run.googleapis.com/linux-base-image-update"}},"traffic":[{"revisionName":"ssrafricaphoneorg-00001-jis","tag":"fh-e15f341914067b58"},{"revisionName":"ssrafricaphoneorg-00003-cox","tag":"fh-13d111014ad9b17c"},{"revisionName":"ssrafricaphoneorg-00007-yah","tag":"fh-bae801391d429986"},{"revisionName":"ssrafricaphoneorg-00009-rep","tag":"fh-f3954bb5cd24cbee"},{"revisionName":"ssrafricaphoneorg-00011-rec","tag":"fh-f3011d636d2a3b33"},{"revisionName":"ssrafricaphoneorg-00013-fet","tag":"fh-19ea7ee897bf2883"},{"revisionName":"ssrafricaphoneorg-00015-yeg","tag":"fh-1d7ff7f147266ac6"},{"revisionName":"ssrafricaphoneorg-00017-wuy","tag":"fh-2b9b5e324690876d"},{"revisionName":"ssrafricaphoneorg-00019-nus","tag":"fh-dd756e5e2198da5c"},{"revisionName":"ssrafricaphoneorg-00021-doy","tag":"fh-3369c4d2b6d6ce4f"},{"revisionName":"ssrafricaphoneorg-00023-bij","tag":"fh-4562b95a8271a9e6"},{"revisionName":"ssrafricaphoneorg-00025-heg","tag":"fh-3a3bceaf30920447"},{"revisionName":"ssrafricaphoneorg-00027-tel","tag":"fh-37dccabca0140917"},{"revisionName":"ssrafricaphoneorg-00029-xey","tag":"fh-e35e5d4594cf7fed"},{"percent":100,"latestRevision":true},{"revisionName":"ssrafricaphoneorg-00031-cij","tag":"fh-12a5c370c9ee7b3b"}]},"status":{"observedGeneration":31,"conditions":[{"type":"Ready","status":"True","lastTransitionTime":"2025-10-28T16:31:54.407142Z"},{"type":"BaseImageValidated","status":"True","severity":"Info"},{"type":"ConfigurationsReady","status":"True","lastTransitionTime":"2025-10-28T16:31:49.012780Z"},{"type":"RoutesReady","status":"True","lastTransitionTime":"2025-10-28T16:31:54.358063Z"}],"latestReadyRevisionName":"ssrafricaphoneorg-00031-cij","latestCreatedRevisionName":"ssrafricaphoneorg-00031-cij","traffic":[{"revisionName":"ssrafricaphoneorg-00001-jis","tag":"fh-e15f341914067b58","url":"https://fh-e15f341914067b58---ssrafricaphoneorg-wmkbzzwcda-uc.a.run.app"},{"revisionName":"ssrafricaphoneorg-00003-cox","tag":"fh-13d111014ad9b17c","url":"https://fh-13d111014ad9b17c---ssrafricaphoneorg-wmkbzzwcda-uc.a.run.app"},{"revisionName":"ssrafricaphoneorg-00007-yah","tag":"fh-bae801391d429986","url":"https://fh-bae801391d429986---ssrafricaphoneorg-wmkbzzwcda-uc.a.run.app"},{"revisionName":"ssrafricaphoneorg-00009-rep","tag":"fh-f3954bb5cd24cbee","url":"https://fh-f3954bb5cd24cbee---ssrafricaphoneorg-wmkbzzwcda-uc.a.run.app"},{"revisionName":"ssrafricaphoneorg-00011-rec","tag":"fh-f3011d636d2a3b33","url":"https://fh-f3011d636d2a3b33---ssrafricaphoneorg-wmkbzzwcda-uc.a.run.app"},{"revisionName":"ssrafricaphoneorg-00013-fet","tag":"fh-19ea7ee897bf2883","url":"https://fh-19ea7ee897bf2883---ssrafricaphoneorg-wmkbzzwcda-uc.a.run.app"},{"revisionName":"ssrafricaphoneorg-00015-yeg","tag":"fh-1d7ff7f147266ac6","url":"https://fh-1d7ff7f147266ac6---ssrafricaphoneorg-wmkbzzwcda-uc.a.run.app"},{"revisionName":"ssrafricaphoneorg-00017-wuy","tag":"fh-2b9b5e324690876d","url":"https://fh-2b9b5e324690876d---ssrafricaphoneorg-wmkbzzwcda-uc.a.run.app"},{"revisionName":"ssrafricaphoneorg-00019-nus","tag":"fh-dd756e5e2198da5c","url":"https://fh-dd756e5e2198da5c---ssrafricaphoneorg-wmkbzzwcda-uc.a.run.app"},{"revisionName":"ssrafricaphoneorg-00021-doy","tag":"fh-3369c4d2b6d6ce4f","url":"https://fh-3369c4d2b6d6ce4f---ssrafricaphoneorg-wmkbzzwcda-uc.a.run.app"},{"revisionName":"ssrafricaphoneorg-00023-bij","tag":"fh-4562b95a8271a9e6","url":"https://fh-4562b95a8271a9e6---ssrafricaphoneorg-wmkbzzwcda-uc.a.run.app"},{"revisionName":"ssrafricaphoneorg-00025-heg","tag":"fh-3a3bceaf30920447","url":"https://fh-3a3bceaf30920447---ssrafricaphoneorg-wmkbzzwcda-uc.a.run.app"},{"revisionName":"ssrafricaphoneorg-00027-tel","tag":"fh-37dccabca0140917","url":"https://fh-37dccabca0140917---ssrafricaphoneorg-wmkbzzwcda-uc.a.run.app"},{"revisionName":"ssrafricaphoneorg-00029-xey","tag":"fh-e35e5d4594cf7fed","url":"https://fh-e35e5d4594cf7fed---ssrafricaphoneorg-wmkbzzwcda-uc.a.run.app"},{"revisionName":"ssrafricaphoneorg-00031-cij","percent":100,"latestRevision":true}],"url":"https://ssrafricaphoneorg-wmkbzzwcda-uc.a.run.app","address":{"url":"https://ssrafricaphoneorg-wmkbzzwcda-uc.a.run.app"}}}
[debug] [2025-10-28T16:32:05.150Z] Service ssrafricaphoneorg is not resolved becauseobserved generation 31 does not match spec generation 32
[debug] [2025-10-28T16:32:05.158Z] Checked if tokens are valid: true, expires at: 1761670512006
[debug] [2025-10-28T16:32:05.158Z] Checked if tokens are valid: true, expires at: 1761670512006
[debug] [2025-10-28T16:32:05.159Z] >>> [apiv2][query] GET https://run.googleapis.com/v1/projects/203471818329/locations/us-central1/services/ssrafricaphoneorg [none]
[debug] [2025-10-28T16:32:06.020Z] <<< [apiv2][status] GET https://run.googleapis.com/v1/projects/203471818329/locations/us-central1/services/ssrafricaphoneorg 200
[debug] [2025-10-28T16:32:06.021Z] <<< [apiv2][body] GET https://run.googleapis.com/v1/projects/203471818329/locations/us-central1/services/ssrafricaphoneorg {"apiVersion":"serving.knative.dev/v1","kind":"Service","metadata":{"name":"ssrafricaphoneorg","namespace":"203471818329","selfLink":"/apis/serving.knative.dev/v1/namespaces/203471818329/services/ssrafricaphoneorg","uid":"b4fcce67-41ff-4818-adb9-de251c278f3f","resourceVersion":"AAZCOo5xObU","generation":32,"labels":{"goog-managed-by":"cloudfunctions","goog-cloudfunctions-runtime":"nodejs20","cloud.googleapis.com/location":"us-central1","goog-drz-cloudfunctions-location":"us-central1","firebase-functions-hash":"0762c105955aa1bd01cc81eb5895bb098a6df75a","goog-drz-cloudfunctions-id":"ssrafricaphoneorg","firebase-functions-codebase":"firebase-frameworks-africaphone-org"},"annotations":{"serving.knative.dev/creator":"service-203471818329@gcf-admin-robot.iam.gserviceaccount.com","serving.knative.dev/lastModifier":"georgesbusiness54@gmail.com","run.googleapis.com/custom-audiences":"[\"https://us-central1-africaphone-vente.cloudfunctions.net/ssrafricaphoneorg\"]","run.googleapis.com/client-name":"cli-firebase","cloudfunctions.googleapis.com/function-id":"ssrafricaphoneorg","run.googleapis.com/build-source-location":"gs://gcf-v2-sources-203471818329-us-central1/ssrafricaphoneorg/function-source.zip#1761668994284804","run.googleapis.com/build-environment-variables":"{\"GOOGLE_NODE_RUN_SCRIPTS\":\"\"}","run.googleapis.com/build-function-target":"ssrafricaphoneorg","run.googleapis.com/build-service-account":"projects/africaphone-vente/serviceAccounts/203471818329-compute@developer.gserviceaccount.com","run.googleapis.com/build-enable-automatic-updates":"true","run.googleapis.com/build-base-image":"us-central1-docker.pkg.dev/serverless-runtimes/google-22-full/runtimes/nodejs20","run.googleapis.com/build-image-uri":"us-central1-docker.pkg.dev/africaphone-vente/gcf-artifacts/africaphone--vente__us--central1__ssrafricaphoneorg:version_1","run.googleapis.com/build-name":"projects/203471818329/locations/us-central1/builds/0edfd938-65fc-4e3e-bb9d-74a691cb296e","run.googleapis.com/operation-id":"4f3203df-d678-47e6-b9f3-917e3063d33e","run.googleapis.com/ingress":"all","run.googleapis.com/ingress-status":"all","run.googleapis.com/urls":"[\"https://ssrafricaphoneorg-203471818329.us-central1.run.app\",\"https://us-central1-africaphone-vente.cloudfunctions.net/ssrafricaphoneorg\",\"https://ssrafricaphoneorg-wmkbzzwcda-uc.a.run.app\"]"},"creationTimestamp":"2025-10-20T16:00:16.366900Z"},"spec":{"template":{"metadata":{"name":"ssrafricaphoneorg-00031-cij","labels":{"goog-drz-cloudfunctions-location":"us-central1","firebase-functions-hash":"0762c105955aa1bd01cc81eb5895bb098a6df75a","goog-drz-cloudfunctions-id":"ssrafricaphoneorg","firebase-functions-codebase":"firebase-frameworks-africaphone-org","run.googleapis.com/startupProbeType":"Default"},"annotations":{"run.googleapis.com/client-name":"cli-firebase","cloudfunctions.googleapis.com/trigger-type":"HTTP_TRIGGER","autoscaling.knative.dev/maxScale":"3","run.googleapis.com/base-images":"{\"worker\":\"us-central1-docker.pkg.dev/serverless-runtimes/google-22-full/runtimes/nodejs20\"}","run.googleapis.com/startup-cpu-boost":"true"}},"spec":{"containerConcurrency":80,"timeoutSeconds":60,"serviceAccountName":"203471818329-compute@developer.gserviceaccount.com","containers":[{"name":"worker","image":"us-central1-docker.pkg.dev/africaphone-vente/gcf-artifacts/africaphone--vente__us--central1__ssrafricaphoneorg:version_1","env":[{"name":"VERCEL_URL","value":"africaphone-vente.web.app"},{"name":"__FIREBASE_FRAMEWORKS_ENTRY__","value":"next.js"},{"name":"__FIREBASE_DEFAULTS__","value":"{\"config\":{\"projectId\":\"africaphone-vente\",\"appId\":\"1:203471818329:web:d0e235db15917d8b596b48\",\"storageBucket\":\"africaphone-vente.firebasestorage.app\",\"apiKey\":\"AIzaSyCVmG85CJPSqPDueR1RnxSS5DLtW3QP0Zs\",\"authDomain\":\"africaphone-vente.firebaseapp.com\",\"messagingSenderId\":\"203471818329\",\"measurementId\":\"G-EYL8YL86KB\",\"projectNumber\":\"203471818329\",\"version\":\"2\"},\"_authTokenSyncURL\":\"/__session\"}"},{"name":"FIREBASE_CONFIG","value":"{\"projectId\":\"africaphone-vente\",\"storageBucket\":\"africaphone-vente.firebasestorage.app\"}"},{"name":"GCLOUD_PROJECT","value":"africaphone-vente"},{"name":"EVENTARC_CLOUD_EVENT_SOURCE","value":"projects/africaphone-vente/locations/us-central1/services/ssrafricaphoneorg"},{"name":"FUNCTION_TARGET","value":"ssrafricaphoneorg"},{"name":"LOG_EXECUTION_ID","value":"true"}],"resources":{"limits":{"cpu":"1","memory":"256Mi"}},"ports":[{"name":"http1","containerPort":8080}],"startupProbe":{"timeoutSeconds":240,"periodSeconds":240,"failureThreshold":1,"tcpSocket":{"port":8080}}}],"runtimeClassName":"run.googleapis.com/linux-base-image-update"}},"traffic":[{"revisionName":"ssrafricaphoneorg-00001-jis","tag":"fh-e15f341914067b58"},{"revisionName":"ssrafricaphoneorg-00003-cox","tag":"fh-13d111014ad9b17c"},{"revisionName":"ssrafricaphoneorg-00007-yah","tag":"fh-bae801391d429986"},{"revisionName":"ssrafricaphoneorg-00009-rep","tag":"fh-f3954bb5cd24cbee"},{"revisionName":"ssrafricaphoneorg-00011-rec","tag":"fh-f3011d636d2a3b33"},{"revisionName":"ssrafricaphoneorg-00013-fet","tag":"fh-19ea7ee897bf2883"},{"revisionName":"ssrafricaphoneorg-00015-yeg","tag":"fh-1d7ff7f147266ac6"},{"revisionName":"ssrafricaphoneorg-00017-wuy","tag":"fh-2b9b5e324690876d"},{"revisionName":"ssrafricaphoneorg-00019-nus","tag":"fh-dd756e5e2198da5c"},{"revisionName":"ssrafricaphoneorg-00021-doy","tag":"fh-3369c4d2b6d6ce4f"},{"revisionName":"ssrafricaphoneorg-00023-bij","tag":"fh-4562b95a8271a9e6"},{"revisionName":"ssrafricaphoneorg-00025-heg","tag":"fh-3a3bceaf30920447"},{"revisionName":"ssrafricaphoneorg-00027-tel","tag":"fh-37dccabca0140917"},{"revisionName":"ssrafricaphoneorg-00029-xey","tag":"fh-e35e5d4594cf7fed"},{"percent":100,"latestRevision":true},{"revisionName":"ssrafricaphoneorg-00031-cij","tag":"fh-12a5c370c9ee7b3b"}]},"status":{"observedGeneration":32,"conditions":[{"type":"Ready","status":"Unknown","reason":"AssigningTraffic","message":"Assigning traffic to latest specified targets.","lastTransitionTime":"2025-10-28T16:32:05.531202Z"},{"type":"BaseImageValidated","status":"True","severity":"Info"},{"type":"ConfigurationsReady","status":"True","lastTransitionTime":"2025-10-28T16:31:49.012780Z"},{"type":"RoutesReady","status":"Unknown","reason":"AssigningTraffic","message":"Assigning traffic to latest specified targets.","lastTransitionTime":"2025-10-28T16:32:05.531202Z"}],"latestReadyRevisionName":"ssrafricaphoneorg-00031-cij","latestCreatedRevisionName":"ssrafricaphoneorg-00031-cij","traffic":[{"revisionName":"ssrafricaphoneorg-00001-jis","tag":"fh-e15f341914067b58","url":"https://fh-e15f341914067b58---ssrafricaphoneorg-wmkbzzwcda-uc.a.run.app"},{"revisionName":"ssrafricaphoneorg-00003-cox","tag":"fh-13d111014ad9b17c","url":"https://fh-13d111014ad9b17c---ssrafricaphoneorg-wmkbzzwcda-uc.a.run.app"},{"revisionName":"ssrafricaphoneorg-00007-yah","tag":"fh-bae801391d429986","url":"https://fh-bae801391d429986---ssrafricaphoneorg-wmkbzzwcda-uc.a.run.app"},{"revisionName":"ssrafricaphoneorg-00009-rep","tag":"fh-f3954bb5cd24cbee","url":"https://fh-f3954bb5cd24cbee---ssrafricaphoneorg-wmkbzzwcda-uc.a.run.app"},{"revisionName":"ssrafricaphoneorg-00011-rec","tag":"fh-f3011d636d2a3b33","url":"https://fh-f3011d636d2a3b33---ssrafricaphoneorg-wmkbzzwcda-uc.a.run.app"},{"revisionName":"ssrafricaphoneorg-00013-fet","tag":"fh-19ea7ee897bf2883","url":"https://fh-19ea7ee897bf2883---ssrafricaphoneorg-wmkbzzwcda-uc.a.run.app"},{"revisionName":"ssrafricaphoneorg-00015-yeg","tag":"fh-1d7ff7f147266ac6","url":"https://fh-1d7ff7f147266ac6---ssrafricaphoneorg-wmkbzzwcda-uc.a.run.app"},{"revisionName":"ssrafricaphoneorg-00017-wuy","tag":"fh-2b9b5e324690876d","url":"https://fh-2b9b5e324690876d---ssrafricaphoneorg-wmkbzzwcda-uc.a.run.app"},{"revisionName":"ssrafricaphoneorg-00019-nus","tag":"fh-dd756e5e2198da5c","url":"https://fh-dd756e5e2198da5c---ssrafricaphoneorg-wmkbzzwcda-uc.a.run.app"},{"revisionName":"ssrafricaphoneorg-00021-doy","tag":"fh-3369c4d2b6d6ce4f","url":"https://fh-3369c4d2b6d6ce4f---ssrafricaphoneorg-wmkbzzwcda-uc.a.run.app"},{"revisionName":"ssrafricaphoneorg-00023-bij","tag":"fh-4562b95a8271a9e6","url":"https://fh-4562b95a8271a9e6---ssrafricaphoneorg-wmkbzzwcda-uc.a.run.app"},{"revisionName":"ssrafricaphoneorg-00025-heg","tag":"fh-3a3bceaf30920447","url":"https://fh-3a3bceaf30920447---ssrafricaphoneorg-wmkbzzwcda-uc.a.run.app"},{"revisionName":"ssrafricaphoneorg-00027-tel","tag":"fh-37dccabca0140917","url":"https://fh-37dccabca0140917---ssrafricaphoneorg-wmkbzzwcda-uc.a.run.app"},{"revisionName":"ssrafricaphoneorg-00029-xey","tag":"fh-e35e5d4594cf7fed","url":"https://fh-e35e5d4594cf7fed---ssrafricaphoneorg-wmkbzzwcda-uc.a.run.app"},{"revisionName":"ssrafricaphoneorg-00031-cij","percent":100,"tag":"fh-12a5c370c9ee7b3b","latestRevision":true,"url":"https://fh-12a5c370c9ee7b3b---ssrafricaphoneorg-wmkbzzwcda-uc.a.run.app"}],"url":"https://ssrafricaphoneorg-wmkbzzwcda-uc.a.run.app","address":{"url":"https://ssrafricaphoneorg-wmkbzzwcda-uc.a.run.app"}}}
[debug] [2025-10-28T16:32:06.022Z] Waiting for service ssrafricaphoneorg to be ready. Status is [{"type":"Ready","status":"Unknown","reason":"AssigningTraffic","message":"Assigning traffic to latest specified targets.","lastTransitionTime":"2025-10-28T16:32:05.531202Z"},{"type":"BaseImageValidated","status":"True","severity":"Info"},{"type":"ConfigurationsReady","status":"True","lastTransitionTime":"2025-10-28T16:31:49.012780Z"},{"type":"RoutesReady","status":"Unknown","reason":"AssigningTraffic","message":"Assigning traffic to latest specified targets.","lastTransitionTime":"2025-10-28T16:32:05.531202Z"}]
[debug] [2025-10-28T16:32:06.033Z] Checked if tokens are valid: true, expires at: 1761670512006
[debug] [2025-10-28T16:32:06.033Z] Checked if tokens are valid: true, expires at: 1761670512006
[debug] [2025-10-28T16:32:06.034Z] >>> [apiv2][query] GET https://run.googleapis.com/v1/projects/203471818329/locations/us-central1/services/ssrafricaphoneorg [none]
[debug] [2025-10-28T16:32:06.895Z] <<< [apiv2][status] GET https://run.googleapis.com/v1/projects/203471818329/locations/us-central1/services/ssrafricaphoneorg 200
[debug] [2025-10-28T16:32:06.896Z] <<< [apiv2][body] GET https://run.googleapis.com/v1/projects/203471818329/locations/us-central1/services/ssrafricaphoneorg {"apiVersion":"serving.knative.dev/v1","kind":"Service","metadata":{"name":"ssrafricaphoneorg","namespace":"203471818329","selfLink":"/apis/serving.knative.dev/v1/namespaces/203471818329/services/ssrafricaphoneorg","uid":"b4fcce67-41ff-4818-adb9-de251c278f3f","resourceVersion":"AAZCOo6C4+c","generation":32,"labels":{"goog-managed-by":"cloudfunctions","goog-cloudfunctions-runtime":"nodejs20","cloud.googleapis.com/location":"us-central1","goog-drz-cloudfunctions-location":"us-central1","firebase-functions-hash":"0762c105955aa1bd01cc81eb5895bb098a6df75a","goog-drz-cloudfunctions-id":"ssrafricaphoneorg","firebase-functions-codebase":"firebase-frameworks-africaphone-org"},"annotations":{"serving.knative.dev/creator":"service-203471818329@gcf-admin-robot.iam.gserviceaccount.com","serving.knative.dev/lastModifier":"georgesbusiness54@gmail.com","run.googleapis.com/custom-audiences":"[\"https://us-central1-africaphone-vente.cloudfunctions.net/ssrafricaphoneorg\"]","run.googleapis.com/client-name":"cli-firebase","cloudfunctions.googleapis.com/function-id":"ssrafricaphoneorg","run.googleapis.com/build-source-location":"gs://gcf-v2-sources-203471818329-us-central1/ssrafricaphoneorg/function-source.zip#1761668994284804","run.googleapis.com/build-environment-variables":"{\"GOOGLE_NODE_RUN_SCRIPTS\":\"\"}","run.googleapis.com/build-function-target":"ssrafricaphoneorg","run.googleapis.com/build-service-account":"projects/africaphone-vente/serviceAccounts/203471818329-compute@developer.gserviceaccount.com","run.googleapis.com/build-enable-automatic-updates":"true","run.googleapis.com/build-base-image":"us-central1-docker.pkg.dev/serverless-runtimes/google-22-full/runtimes/nodejs20","run.googleapis.com/build-image-uri":"us-central1-docker.pkg.dev/africaphone-vente/gcf-artifacts/africaphone--vente__us--central1__ssrafricaphoneorg:version_1","run.googleapis.com/build-name":"projects/203471818329/locations/us-central1/builds/0edfd938-65fc-4e3e-bb9d-74a691cb296e","run.googleapis.com/operation-id":"4f3203df-d678-47e6-b9f3-917e3063d33e","run.googleapis.com/ingress":"all","run.googleapis.com/ingress-status":"all","run.googleapis.com/urls":"[\"https://ssrafricaphoneorg-203471818329.us-central1.run.app\",\"https://us-central1-africaphone-vente.cloudfunctions.net/ssrafricaphoneorg\",\"https://ssrafricaphoneorg-wmkbzzwcda-uc.a.run.app\"]"},"creationTimestamp":"2025-10-20T16:00:16.366900Z"},"spec":{"template":{"metadata":{"name":"ssrafricaphoneorg-00031-cij","labels":{"goog-drz-cloudfunctions-location":"us-central1","firebase-functions-hash":"0762c105955aa1bd01cc81eb5895bb098a6df75a","goog-drz-cloudfunctions-id":"ssrafricaphoneorg","firebase-functions-codebase":"firebase-frameworks-africaphone-org","run.googleapis.com/startupProbeType":"Default"},"annotations":{"run.googleapis.com/client-name":"cli-firebase","cloudfunctions.googleapis.com/trigger-type":"HTTP_TRIGGER","autoscaling.knative.dev/maxScale":"3","run.googleapis.com/base-images":"{\"worker\":\"us-central1-docker.pkg.dev/serverless-runtimes/google-22-full/runtimes/nodejs20\"}","run.googleapis.com/startup-cpu-boost":"true"}},"spec":{"containerConcurrency":80,"timeoutSeconds":60,"serviceAccountName":"203471818329-compute@developer.gserviceaccount.com","containers":[{"name":"worker","image":"us-central1-docker.pkg.dev/africaphone-vente/gcf-artifacts/africaphone--vente__us--central1__ssrafricaphoneorg:version_1","env":[{"name":"VERCEL_URL","value":"africaphone-vente.web.app"},{"name":"__FIREBASE_FRAMEWORKS_ENTRY__","value":"next.js"},{"name":"__FIREBASE_DEFAULTS__","value":"{\"config\":{\"projectId\":\"africaphone-vente\",\"appId\":\"1:203471818329:web:d0e235db15917d8b596b48\",\"storageBucket\":\"africaphone-vente.firebasestorage.app\",\"apiKey\":\"AIzaSyCVmG85CJPSqPDueR1RnxSS5DLtW3QP0Zs\",\"authDomain\":\"africaphone-vente.firebaseapp.com\",\"messagingSenderId\":\"203471818329\",\"measurementId\":\"G-EYL8YL86KB\",\"projectNumber\":\"203471818329\",\"version\":\"2\"},\"_authTokenSyncURL\":\"/__session\"}"},{"name":"FIREBASE_CONFIG","value":"{\"projectId\":\"africaphone-vente\",\"storageBucket\":\"africaphone-vente.firebasestorage.app\"}"},{"name":"GCLOUD_PROJECT","value":"africaphone-vente"},{"name":"EVENTARC_CLOUD_EVENT_SOURCE","value":"projects/africaphone-vente/locations/us-central1/services/ssrafricaphoneorg"},{"name":"FUNCTION_TARGET","value":"ssrafricaphoneorg"},{"name":"LOG_EXECUTION_ID","value":"true"}],"resources":{"limits":{"cpu":"1","memory":"256Mi"}},"ports":[{"name":"http1","containerPort":8080}],"startupProbe":{"timeoutSeconds":240,"periodSeconds":240,"failureThreshold":1,"tcpSocket":{"port":8080}}}],"runtimeClassName":"run.googleapis.com/linux-base-image-update"}},"traffic":[{"revisionName":"ssrafricaphoneorg-00001-jis","tag":"fh-e15f341914067b58"},{"revisionName":"ssrafricaphoneorg-00003-cox","tag":"fh-13d111014ad9b17c"},{"revisionName":"ssrafricaphoneorg-00007-yah","tag":"fh-bae801391d429986"},{"revisionName":"ssrafricaphoneorg-00009-rep","tag":"fh-f3954bb5cd24cbee"},{"revisionName":"ssrafricaphoneorg-00011-rec","tag":"fh-f3011d636d2a3b33"},{"revisionName":"ssrafricaphoneorg-00013-fet","tag":"fh-19ea7ee897bf2883"},{"revisionName":"ssrafricaphoneorg-00015-yeg","tag":"fh-1d7ff7f147266ac6"},{"revisionName":"ssrafricaphoneorg-00017-wuy","tag":"fh-2b9b5e324690876d"},{"revisionName":"ssrafricaphoneorg-00019-nus","tag":"fh-dd756e5e2198da5c"},{"revisionName":"ssrafricaphoneorg-00021-doy","tag":"fh-3369c4d2b6d6ce4f"},{"revisionName":"ssrafricaphoneorg-00023-bij","tag":"fh-4562b95a8271a9e6"},{"revisionName":"ssrafricaphoneorg-00025-heg","tag":"fh-3a3bceaf30920447"},{"revisionName":"ssrafricaphoneorg-00027-tel","tag":"fh-37dccabca0140917"},{"revisionName":"ssrafricaphoneorg-00029-xey","tag":"fh-e35e5d4594cf7fed"},{"percent":100,"latestRevision":true},{"revisionName":"ssrafricaphoneorg-00031-cij","tag":"fh-12a5c370c9ee7b3b"}]},"status":{"observedGeneration":32,"conditions":[{"type":"Ready","status":"True","lastTransitionTime":"2025-10-28T16:32:06.743015Z"},{"type":"BaseImageValidated","status":"True","severity":"Info"},{"type":"ConfigurationsReady","status":"True","lastTransitionTime":"2025-10-28T16:31:49.012780Z"},{"type":"RoutesReady","status":"True","lastTransitionTime":"2025-10-28T16:32:06.709645Z"}],"latestReadyRevisionName":"ssrafricaphoneorg-00031-cij","latestCreatedRevisionName":"ssrafricaphoneorg-00031-cij","traffic":[{"revisionName":"ssrafricaphoneorg-00001-jis","tag":"fh-e15f341914067b58","url":"https://fh-e15f341914067b58---ssrafricaphoneorg-wmkbzzwcda-uc.a.run.app"},{"revisionName":"ssrafricaphoneorg-00003-cox","tag":"fh-13d111014ad9b17c","url":"https://fh-13d111014ad9b17c---ssrafricaphoneorg-wmkbzzwcda-uc.a.run.app"},{"revisionName":"ssrafricaphoneorg-00007-yah","tag":"fh-bae801391d429986","url":"https://fh-bae801391d429986---ssrafricaphoneorg-wmkbzzwcda-uc.a.run.app"},{"revisionName":"ssrafricaphoneorg-00009-rep","tag":"fh-f3954bb5cd24cbee","url":"https://fh-f3954bb5cd24cbee---ssrafricaphoneorg-wmkbzzwcda-uc.a.run.app"},{"revisionName":"ssrafricaphoneorg-00011-rec","tag":"fh-f3011d636d2a3b33","url":"https://fh-f3011d636d2a3b33---ssrafricaphoneorg-wmkbzzwcda-uc.a.run.app"},{"revisionName":"ssrafricaphoneorg-00013-fet","tag":"fh-19ea7ee897bf2883","url":"https://fh-19ea7ee897bf2883---ssrafricaphoneorg-wmkbzzwcda-uc.a.run.app"},{"revisionName":"ssrafricaphoneorg-00015-yeg","tag":"fh-1d7ff7f147266ac6","url":"https://fh-1d7ff7f147266ac6---ssrafricaphoneorg-wmkbzzwcda-uc.a.run.app"},{"revisionName":"ssrafricaphoneorg-00017-wuy","tag":"fh-2b9b5e324690876d","url":"https://fh-2b9b5e324690876d---ssrafricaphoneorg-wmkbzzwcda-uc.a.run.app"},{"revisionName":"ssrafricaphoneorg-00019-nus","tag":"fh-dd756e5e2198da5c","url":"https://fh-dd756e5e2198da5c---ssrafricaphoneorg-wmkbzzwcda-uc.a.run.app"},{"revisionName":"ssrafricaphoneorg-00021-doy","tag":"fh-3369c4d2b6d6ce4f","url":"https://fh-3369c4d2b6d6ce4f---ssrafricaphoneorg-wmkbzzwcda-uc.a.run.app"},{"revisionName":"ssrafricaphoneorg-00023-bij","tag":"fh-4562b95a8271a9e6","url":"https://fh-4562b95a8271a9e6---ssrafricaphoneorg-wmkbzzwcda-uc.a.run.app"},{"revisionName":"ssrafricaphoneorg-00025-heg","tag":"fh-3a3bceaf30920447","url":"https://fh-3a3bceaf30920447---ssrafricaphoneorg-wmkbzzwcda-uc.a.run.app"},{"revisionName":"ssrafricaphoneorg-00027-tel","tag":"fh-37dccabca0140917","url":"https://fh-37dccabca0140917---ssrafricaphoneorg-wmkbzzwcda-uc.a.run.app"},{"revisionName":"ssrafricaphoneorg-00029-xey","tag":"fh-e35e5d4594cf7fed","url":"https://fh-e35e5d4594cf7fed---ssrafricaphoneorg-wmkbzzwcda-uc.a.run.app"},{"revisionName":"ssrafricaphoneorg-00031-cij","percent":100,"tag":"fh-12a5c370c9ee7b3b","latestRevision":true,"url":"https://fh-12a5c370c9ee7b3b---ssrafricaphoneorg-wmkbzzwcda-uc.a.run.app"}],"url":"https://ssrafricaphoneorg-wmkbzzwcda-uc.a.run.app","address":{"url":"https://ssrafricaphoneorg-wmkbzzwcda-uc.a.run.app"}}}
[debug] [2025-10-28T16:32:06.898Z] Checked if tokens are valid: true, expires at: 1761670512006
[debug] [2025-10-28T16:32:06.898Z] Checked if tokens are valid: true, expires at: 1761670512006
[debug] [2025-10-28T16:32:06.899Z] >>> [apiv2][query] PATCH https://firebasehosting.googleapis.com/v1beta1/projects/-/sites/africaphone-org/versions/12a5c370c9ee7b3b updateMask=status%2Cconfig
[debug] [2025-10-28T16:32:06.899Z] >>> [apiv2][body] PATCH https://firebasehosting.googleapis.com/v1beta1/projects/-/sites/africaphone-org/versions/12a5c370c9ee7b3b {"status":"FINALIZED","config":{"rewrites":[{"glob":"**","run":{"serviceId":"ssrafricaphoneorg","region":"us-central1","tag":"fh-12a5c370c9ee7b3b"}}],"redirects":[],"headers":[{"glob":"**/*.@(js|css|png|jpg|jpeg|svg|gif|webp|ico|woff|woff2)","headers":{"Cache-Control":"public,max-age=31536000,immutable"}},{"glob":"/index.html","headers":{"Cache-Control":"no-cache"}},{"glob":"**","headers":{"Strict-Transport-Security":"max-age=31536000; includeSubDomains","X-Content-Type-Options":"nosniff","Referrer-Policy":"strict-origin-when-cross-origin","Permissions-Policy":"camera=(), microphone=(), geolocation=(self)","X-Frame-Options":"DENY"}},{"glob":"/_not-found","headers":{"x-next-cache-tags":"_N_T_/layout,_N_T_/_not-found/layout,_N_T_/_not-found/page,_N_T_/_not-found"}},{"glob":"/favicon.ico","headers":{"cache-control":"public, max-age=0, must-revalidate","content-type":"image/x-icon","x-next-cache-tags":"_N_T_/layout,_N_T_/favicon.ico/layout,_N_T_/favicon.ico/route,_N_T_/favicon.ico"}},{"glob":"/pronostics","headers":{"x-next-cache-tags":"_N_T_/layout,_N_T_/pronostics/layout,_N_T_/pronostics/page,_N_T_/pronostics"}},{"glob":"**/*.[jt]s","headers":{"Set-Cookie":"__FIREBASE_DEFAULTS__=eyJjb25maWciOnsicHJvamVjdElkIjoiYWZyaWNhcGhvbmUtdmVudGUiLCJhcHBJZCI6IjE6MjAzNDcxODE4MzI5OndlYjpkMGUyMzVkYjE1OTE3ZDhiNTk2YjQ4Iiwic3RvcmFnZUJ1Y2tldCI6ImFmcmljYXBob25lLXZlbnRlLmZpcmViYXNlc3RvcmFnZS5hcHAiLCJhcGlLZXkiOiJBSXphU3lDVm1HODVDSlBTcVBEdWVSMVJueFNTNURMdFczUVAwWnMiLCJhdXRoRG9tYWluIjoiYWZyaWNhcGhvbmUtdmVudGUuZmlyZWJhc2VhcHAuY29tIiwibWVzc2FnaW5nU2VuZGVySWQiOiIyMDM0NzE4MTgzMjkiLCJtZWFzdXJlbWVudElkIjoiRy1FWUw4WUw4NktCIiwicHJvamVjdE51bWJlciI6IjIwMzQ3MTgxODMyOSIsInZlcnNpb24iOiIyIn0sIl9hdXRoVG9rZW5TeW5jVVJMIjoiL19fc2Vzc2lvbiJ9; SameSite=Strict; Expires=2027-09-23T03:08:00.006Z; Path=/;"}}],"cleanUrls":true,"trailingSlashBehavior":"REMOVE"}}
[debug] [2025-10-28T16:32:08.078Z] <<< [apiv2][status] PATCH https://firebasehosting.googleapis.com/v1beta1/projects/-/sites/africaphone-org/versions/12a5c370c9ee7b3b 200
[debug] [2025-10-28T16:32:08.079Z] <<< [apiv2][body] PATCH https://firebasehosting.googleapis.com/v1beta1/projects/-/sites/africaphone-org/versions/12a5c370c9ee7b3b {"name":"projects/203471818329/sites/africaphone-org/versions/12a5c370c9ee7b3b","status":"FINALIZED","config":{"headers":[{"headers":{"Cache-Control":"public,max-age=31536000,immutable"},"glob":"**/*.@(js|css|png|jpg|jpeg|svg|gif|webp|ico|woff|woff2)"},{"headers":{"Cache-Control":"no-cache"},"glob":"/index.html"},{"headers":{"Strict-Transport-Security":"max-age=31536000; includeSubDomains","X-Content-Type-Options":"nosniff","Referrer-Policy":"strict-origin-when-cross-origin","Permissions-Policy":"camera=(), microphone=(), geolocation=(self)","X-Frame-Options":"DENY"},"glob":"**"},{"headers":{"x-next-cache-tags":"_N_T_/layout,_N_T_/_not-found/layout,_N_T_/_not-found/page,_N_T_/_not-found"},"glob":"/_not-found"},{"headers":{"cache-control":"public, max-age=0, must-revalidate","content-type":"image/x-icon","x-next-cache-tags":"_N_T_/layout,_N_T_/favicon.ico/layout,_N_T_/favicon.ico/route,_N_T_/favicon.ico"},"glob":"/favicon.ico"},{"headers":{"x-next-cache-tags":"_N_T_/layout,_N_T_/pronostics/layout,_N_T_/pronostics/page,_N_T_/pronostics"},"glob":"/pronostics"},{"headers":{"Set-Cookie":"__FIREBASE_DEFAULTS__=eyJjb25maWciOnsicHJvamVjdElkIjoiYWZyaWNhcGhvbmUtdmVudGUiLCJhcHBJZCI6IjE6MjAzNDcxODE4MzI5OndlYjpkMGUyMzVkYjE1OTE3ZDhiNTk2YjQ4Iiwic3RvcmFnZUJ1Y2tldCI6ImFmcmljYXBob25lLXZlbnRlLmZpcmViYXNlc3RvcmFnZS5hcHAiLCJhcGlLZXkiOiJBSXphU3lDVm1HODVDSlBTcVBEdWVSMVJueFNTNURMdFczUVAwWnMiLCJhdXRoRG9tYWluIjoiYWZyaWNhcGhvbmUtdmVudGUuZmlyZWJhc2VhcHAuY29tIiwibWVzc2FnaW5nU2VuZGVySWQiOiIyMDM0NzE4MTgzMjkiLCJtZWFzdXJlbWVudElkIjoiRy1FWUw4WUw4NktCIiwicHJvamVjdE51bWJlciI6IjIwMzQ3MTgxODMyOSIsInZlcnNpb24iOiIyIn0sIl9hdXRoVG9rZW5TeW5jVVJMIjoiL19fc2Vzc2lvbiJ9; SameSite=Strict; Expires=2027-09-23T03:08:00.006Z; Path=/;"},"glob":"**/*.[jt]s"}],"rewrites":[{"glob":"**","run":{"serviceId":"ssrafricaphoneorg","region":"us-central1","tag":"fh-12a5c370c9ee7b3b"}}],"cleanUrls":true,"trailingSlashBehavior":"REMOVE"},"labels":{"firebase-web-framework":"next_ssr","deployment-tool":"cli-firebase"},"createTime":"2025-10-28T16:28:34.948242Z","createUser":{"email":"georgesbusiness54@gmail.com"},"finalizeTime":"2025-10-28T16:32:08.285501Z","finalizeUser":{"email":"georgesbusiness54@gmail.com"}}
[debug] [2025-10-28T16:32:08.079Z] [hosting] finalized version for africaphone-org:[object Object]
[info] +  hosting[africaphone-org]: version finalized 
[info] i  hosting[africaphone-org]: releasing new version... 
[debug] [2025-10-28T16:32:08.080Z] Checked if tokens are valid: true, expires at: 1761670512006
[debug] [2025-10-28T16:32:08.080Z] Checked if tokens are valid: true, expires at: 1761670512006
[debug] [2025-10-28T16:32:08.080Z] >>> [apiv2][query] POST https://firebasehosting.googleapis.com/v1beta1/projects/-/sites/africaphone-org/channels/live/releases versionName=projects%2F203471818329%2Fsites%2Fafricaphone-org%2Fversions%2F12a5c370c9ee7b3b
[debug] [2025-10-28T16:32:08.081Z] >>> [apiv2][body] POST https://firebasehosting.googleapis.com/v1beta1/projects/-/sites/africaphone-org/channels/live/releases {}
[debug] [2025-10-28T16:32:08.465Z] <<< [apiv2][status] POST https://firebasehosting.googleapis.com/v1beta1/projects/-/sites/africaphone-org/channels/live/releases 200
[debug] [2025-10-28T16:32:08.466Z] <<< [apiv2][body] POST https://firebasehosting.googleapis.com/v1beta1/projects/-/sites/africaphone-org/channels/live/releases {"name":"projects/203471818329/sites/africaphone-org/channels/live/releases/1761669128133000","version":{"name":"projects/203471818329/sites/africaphone-org/versions/12a5c370c9ee7b3b","status":"FINALIZED","config":{"headers":[{"headers":{"Cache-Control":"public,max-age=31536000,immutable"},"glob":"**/*.@(js|css|png|jpg|jpeg|svg|gif|webp|ico|woff|woff2)"},{"headers":{"Cache-Control":"no-cache"},"glob":"/index.html"},{"headers":{"Referrer-Policy":"strict-origin-when-cross-origin","Permissions-Policy":"camera=(), microphone=(), geolocation=(self)","X-Frame-Options":"DENY","Strict-Transport-Security":"max-age=31536000; includeSubDomains","X-Content-Type-Options":"nosniff"},"glob":"**"},{"headers":{"x-next-cache-tags":"_N_T_/layout,_N_T_/_not-found/layout,_N_T_/_not-found/page,_N_T_/_not-found"},"glob":"/_not-found"},{"headers":{"content-type":"image/x-icon","x-next-cache-tags":"_N_T_/layout,_N_T_/favicon.ico/layout,_N_T_/favicon.ico/route,_N_T_/favicon.ico","cache-control":"public, max-age=0, must-revalidate"},"glob":"/favicon.ico"},{"headers":{"x-next-cache-tags":"_N_T_/layout,_N_T_/pronostics/layout,_N_T_/pronostics/page,_N_T_/pronostics"},"glob":"/pronostics"},{"headers":{"Set-Cookie":"__FIREBASE_DEFAULTS__=eyJjb25maWciOnsicHJvamVjdElkIjoiYWZyaWNhcGhvbmUtdmVudGUiLCJhcHBJZCI6IjE6MjAzNDcxODE4MzI5OndlYjpkMGUyMzVkYjE1OTE3ZDhiNTk2YjQ4Iiwic3RvcmFnZUJ1Y2tldCI6ImFmcmljYXBob25lLXZlbnRlLmZpcmViYXNlc3RvcmFnZS5hcHAiLCJhcGlLZXkiOiJBSXphU3lDVm1HODVDSlBTcVBEdWVSMVJueFNTNURMdFczUVAwWnMiLCJhdXRoRG9tYWluIjoiYWZyaWNhcGhvbmUtdmVudGUuZmlyZWJhc2VhcHAuY29tIiwibWVzc2FnaW5nU2VuZGVySWQiOiIyMDM0NzE4MTgzMjkiLCJtZWFzdXJlbWVudElkIjoiRy1FWUw4WUw4NktCIiwicHJvamVjdE51bWJlciI6IjIwMzQ3MTgxODMyOSIsInZlcnNpb24iOiIyIn0sIl9hdXRoVG9rZW5TeW5jVVJMIjoiL19fc2Vzc2lvbiJ9; SameSite=Strict; Expires=2027-09-23T03:08:00.006Z; Path=/;"},"glob":"**/*.[jt]s"}],"rewrites":[{"glob":"**","run":{"serviceId":"ssrafricaphoneorg","region":"us-central1","tag":"fh-12a5c370c9ee7b3b"}}],"cleanUrls":true,"trailingSlashBehavior":"REMOVE"},"labels":{"deployment-tool":"cli-firebase","firebase-web-framework":"next_ssr"},"createTime":"2025-10-28T16:28:34.948242Z","createUser":{"email":"georgesbusiness54@gmail.com","imageUrl":"https://lh3.googleusercontent.com/a/ACg8ocKjGv8TPxOr27P7irwv-x35uBQITZTcQR6LzRqlAxEwAuCS0A=mo"},"finalizeTime":"2025-10-28T16:32:08.285501Z","finalizeUser":{"email":"georgesbusiness54@gmail.com","imageUrl":"https://lh3.googleusercontent.com/a/ACg8ocKjGv8TPxOr27P7irwv-x35uBQITZTcQR6LzRqlAxEwAuCS0A=mo"}},"type":"DEPLOY","releaseTime":"2025-10-28T16:32:08.133Z","releaseUser":{"email":"georgesbusiness54@gmail.com","imageUrl":"https://lh3.googleusercontent.com/a/ACg8ocKjGv8TPxOr27P7irwv-x35uBQITZTcQR6LzRqlAxEwAuCS0A=mo"}}
[debug] [2025-10-28T16:32:08.466Z] [hosting] release: {"name":"projects/203471818329/sites/africaphone-org/channels/live/releases/1761669128133000","version":{"name":"projects/203471818329/sites/africaphone-org/versions/12a5c370c9ee7b3b","status":"FINALIZED","config":{"headers":[{"headers":{"Cache-Control":"public,max-age=31536000,immutable"},"glob":"**/*.@(js|css|png|jpg|jpeg|svg|gif|webp|ico|woff|woff2)"},{"headers":{"Cache-Control":"no-cache"},"glob":"/index.html"},{"headers":{"Referrer-Policy":"strict-origin-when-cross-origin","Permissions-Policy":"camera=(), microphone=(), geolocation=(self)","X-Frame-Options":"DENY","Strict-Transport-Security":"max-age=31536000; includeSubDomains","X-Content-Type-Options":"nosniff"},"glob":"**"},{"headers":{"x-next-cache-tags":"_N_T_/layout,_N_T_/_not-found/layout,_N_T_/_not-found/page,_N_T_/_not-found"},"glob":"/_not-found"},{"headers":{"content-type":"image/x-icon","x-next-cache-tags":"_N_T_/layout,_N_T_/favicon.ico/layout,_N_T_/favicon.ico/route,_N_T_/favicon.ico","cache-control":"public, max-age=0, must-revalidate"},"glob":"/favicon.ico"},{"headers":{"x-next-cache-tags":"_N_T_/layout,_N_T_/pronostics/layout,_N_T_/pronostics/page,_N_T_/pronostics"},"glob":"/pronostics"},{"headers":{"Set-Cookie":"__FIREBASE_DEFAULTS__=eyJjb25maWciOnsicHJvamVjdElkIjoiYWZyaWNhcGhvbmUtdmVudGUiLCJhcHBJZCI6IjE6MjAzNDcxODE4MzI5OndlYjpkMGUyMzVkYjE1OTE3ZDhiNTk2YjQ4Iiwic3RvcmFnZUJ1Y2tldCI6ImFmcmljYXBob25lLXZlbnRlLmZpcmViYXNlc3RvcmFnZS5hcHAiLCJhcGlLZXkiOiJBSXphU3lDVm1HODVDSlBTcVBEdWVSMVJueFNTNURMdFczUVAwWnMiLCJhdXRoRG9tYWluIjoiYWZyaWNhcGhvbmUtdmVudGUuZmlyZWJhc2VhcHAuY29tIiwibWVzc2FnaW5nU2VuZGVySWQiOiIyMDM0NzE4MTgzMjkiLCJtZWFzdXJlbWVudElkIjoiRy1FWUw4WUw4NktCIiwicHJvamVjdE51bWJlciI6IjIwMzQ3MTgxODMyOSIsInZlcnNpb24iOiIyIn0sIl9hdXRoVG9rZW5TeW5jVVJMIjoiL19fc2Vzc2lvbiJ9; SameSite=Strict; Expires=2027-09-23T03:08:00.006Z; Path=/;"},"glob":"**/*.[jt]s"}],"rewrites":[{"glob":"**","run":{"serviceId":"ssrafricaphoneorg","region":"us-central1","tag":"fh-12a5c370c9ee7b3b"}}],"cleanUrls":true,"trailingSlashBehavior":"REMOVE"},"labels":{"deployment-tool":"cli-firebase","firebase-web-framework":"next_ssr"},"createTime":"2025-10-28T16:28:34.948242Z","createUser":{"email":"georgesbusiness54@gmail.com","imageUrl":"https://lh3.googleusercontent.com/a/ACg8ocKjGv8TPxOr27P7irwv-x35uBQITZTcQR6LzRqlAxEwAuCS0A=mo"},"finalizeTime":"2025-10-28T16:32:08.285501Z","finalizeUser":{"email":"georgesbusiness54@gmail.com","imageUrl":"https://lh3.googleusercontent.com/a/ACg8ocKjGv8TPxOr27P7irwv-x35uBQITZTcQR6LzRqlAxEwAuCS0A=mo"}},"type":"DEPLOY","releaseTime":"2025-10-28T16:32:08.133Z","releaseUser":{"email":"georgesbusiness54@gmail.com","imageUrl":"https://lh3.googleusercontent.com/a/ACg8ocKjGv8TPxOr27P7irwv-x35uBQITZTcQR6LzRqlAxEwAuCS0A=mo"}}
[info] +  hosting[africaphone-org]: release complete 
[info] 
[info] +  Deploy complete! 
[info] 
[info] Project Console: https://console.firebase.google.com/project/africaphone-vente/overview
[info] Hosting URL: https://africaphone-org.web.app
